timestamp,building_id,bdg2_building_name,display_name,building_type,campus,resource_type,value
2016-01-01 00:00:00,1,Mouse_science_Micheal,Lederle,research,UMass Amherst,energy,168.2243
2016-01-01 01:00:00,1,Mouse_science_Micheal,Lederle,research,UMass Amherst,energy,336.4486
2016-01-01 02:00:00,1,Mouse_science_Micheal,Lederle,research,UMass Amherst,energy,336.4486
2016-01-01 03:00:00,1,Mouse_science_Micheal,Lederle,research,UMass Amherst,energy,336.4486
2016-01-01 04:00:00,1,Mouse_science_Micheal,Lederle,research,UMass Amherst,energy,336.4486
2016-01-01 05:00:00,1,Mouse_science_Micheal,Lederle,research,UMass Amherst,energy,336.4486
2016-01-01 06:00:00,1,Mouse_science_Micheal,Lederle,research,UMass Amherst,energy,336.4486
2016-01-01 07:00:00,1,Mouse_science_Micheal,Lederle,research,UMass Amherst,energy,336.4486
2016-01-01 08:00:00,1,Mouse_science_Micheal,Lederle,research,UMass Amherst,energy,336.4486
2016-01-01 09:00:00,1,Mouse_science_Micheal,Lederle,research,UMass Amherst,energy,336.4486
2016-01-01 10:00:00,1,Mouse_science_Micheal,Lederle,research,UMass Amherst,energy,336.4486
2016-01-01 11:00:00,1,Mouse_science_Micheal,Lederle,research,UMass Amherst,energy,336.4486
2016-01-01 12:00:00,1,Mouse_science_Micheal,Lederle,research,UMass Amherst,energy,336.4486
2016-01-01 13:00:00,1,Mouse_science_Micheal,Lederle,research,UMass Amherst,energy,336.4486
2016-01-01 14:00:00,1,Mouse_science_Micheal,Lederle,research,UMass Amherst,energy,336.4486
2016-01-01 15:00:00,1,Mouse_science_Micheal,Lederle,research,UMass Amherst,energy,336.4486
2016-01-01 16:00:00,1,Mouse_science_Micheal,Lederle,research,UMass Amherst,energy,336.4486
2016-01-01 17:00:00,1,Mouse_science_Micheal,Lederle,research,UMass Amherst,energy,336.4486
2016-01-01 18:00:00,1,Mouse_science_Micheal,Lederle,research,UMass Amherst,energy,336.4486
2016-01-01 19:00:00,1,Mouse_science_Micheal,Lederle,research,UMass Amherst,energy,336.4486
2016-01-01 20:00:00,1,Mouse_science_Micheal,Lederle,research,UMass Amherst,energy,336.4486
2016-01-01 21:00:00,1,Mouse_science_Micheal,Lederle,research,UMass Amherst,energy,336.4486
2016-01-01 22:00:00,1,Mouse_science_Micheal,Lederle,research,UMass Amherst,energy,336.4486
2016-01-01 23:00:00,1,Mouse_science_Micheal,Lederle,research,UMass Amherst,energy,336.4486
2016-01-02 00:00:00,1,Mouse_science_Micheal,Lederle,research,UMass Amherst,energy,336.4486
2016-01-02 01:00:00,1,Mouse_science_Micheal,Lederle,research,UMass Amherst,energy,336.4486
2016-01-02 02:00:00,1,Mouse_science_Micheal,Lederle,research,UMass Amherst,energy,336.4486
2016-01-02 03:00:00,1,Mouse_science_Micheal,Lederle,research,UMass Amherst,energy,336.4486
2016-01-02 04:00:00,1,Mouse_science_Micheal,Lederle,research,UMass Amherst,energy,336.4486
2016-01-02 05:00:00,1,Mouse_science_Micheal,Lederle,research,UMass Amherst,energy,336.4486
2016-01-02 06:00:00,1,Mouse_science_Micheal,Lederle,research,UMass Amherst,energy,336.4486
2016-01-02 07:00:00,1,Mouse_science_Micheal,Lederle,research,UMass Amherst,energy,336.4486
2016-01-02 08:00:00,1,Mouse_science_Micheal,Lederle,research,UMass Amherst,energy,336.4486
2016-01-02 09:00:00,1,Mouse_science_Micheal,Lederle,research,UMass Amherst,energy,336.4486
2016-01-02 10:00:00,1,Mouse_science_Micheal,Lederle,research,UMass Amherst,energy,336.4486
2016-01-02 11:00:00,1,Mouse_science_Micheal,Lederle,research,UMass Amherst,energy,336.4486
2016-01-02 12:00:00,1,Mouse_science_Micheal,Lederle,research,UMass Amherst,energy,336.4486
2016-01-02 13:00:00,1,Mouse_science_Micheal,Lederle,research,UMass Amherst,energy,336.4486
2016-01-02 14:00:00,1,Mouse_science_Micheal,Lederle,research,UMass Amherst,energy,336.4486
2016-01-02 15:00:00,1,Mouse_science_Micheal,Lederle,research,UMass Amherst,energy,336.4486
2016-01-02 16:00:00,1,Mouse_science_Micheal,Lederle,research,UMass Amherst,energy,336.4486
2016-01-02 17:00:00,1,Mouse_science_Micheal,Lederle,research,UMass Amherst,energy,336.4486
2016-01-02 18:00:00,1,Mouse_science_Micheal,Lederle,research,UMass Amherst,energy,336.4486
2016-01-02 19:00:00,1,Mouse_science_Micheal,Lederle,research,UMass Amherst,energy,336.4486
2016-01-02 20:00:00,1,Mouse_science_Micheal,Lederle,research,UMass Amherst,energy,336.4486
2016-01-02 21:00:00,1,Mouse_science_Micheal,Lederle,research,UMass Amherst,energy,336.4486
2016-01-02 22:00:00,1,Mouse_science_Micheal,Lederle,research,UMass Amherst,energy,336.4486
2016-01-02 23:00:00,1,Mouse_science_Micheal,Lederle,research,UMass Amherst,energy,336.4486
2016-01-03 00:00:00,1,Mouse_science_Micheal,Lederle,research,UMass Amherst,energy,336.4486
2016-01-03 01:00:00,1,Mouse_science_Micheal,Lederle,research,UMass Amherst,energy,336.4486
2016-01-03 02:00:00,1,Mouse_science_Micheal,Lederle,research,UMass Amherst,energy,336.4486
2016-01-03 03:00:00,1,Mouse_science_Micheal,Lederle,research,UMass Amherst,energy,336.4486
2016-01-03 04:00:00,1,Mouse_science_Micheal,Lederle,research,UMass Amherst,energy,336.4486
2016-01-03 05:00:00,1,Mouse_science_Micheal,Lederle,research,UMass Amherst,energy,336.4486
2016-01-03 06:00:00,1,Mouse_science_Micheal,Lederle,research,UMass Amherst,energy,336.4486
2016-01-03 07:00:00,1,Mouse_science_Micheal,Lederle,research,UMass Amherst,energy,336.4486
2016-01-03 08:00:00,1,Mouse_science_Micheal,Lederle,research,UMass Amherst,energy,336.4486
2016-01-03 09:00:00,1,Mouse_science_Micheal,Lederle,research,UMass Amherst,energy,336.4486
2016-01-03 10:00:00,1,Mouse_science_Micheal,Lederle,research,UMass Amherst,energy,336.4486
2016-01-03 11:00:00,1,Mouse_science_Micheal,Lederle,research,UMass Amherst,energy,336.4486
2016-01-03 12:00:00,1,Mouse_science_Micheal,Lederle,research,UMass Amherst,energy,336.4486
2016-01-03 13:00:00,1,Mouse_science_Micheal,Lederle,research,UMass Amherst,energy,336.4486
2016-01-03 14:00:00,1,Mouse_science_Micheal,Lederle,research,UMass Amherst,energy,336.4486
2016-01-03 15:00:00,1,Mouse_science_Micheal,Lederle,research,UMass Amherst,energy,336.4486
2016-01-03 16:00:00,1,Mouse_science_Micheal,Lederle,research,UMass Amherst,energy,336.4486
2016-01-03 17:00:00,1,Mouse_science_Micheal,Lederle,research,UMass Amherst,energy,336.4486
2016-01-03 18:00:00,1,Mouse_science_Micheal,Lederle,research,UMass Amherst,energy,336.4486
2016-01-03 19:00:00,1,Mouse_science_Micheal,Lederle,research,UMass Amherst,energy,336.4486
2016-01-03 20:00:00,1,Mouse_science_Micheal,Lederle,research,UMass Amherst,energy,336.4486
2016-01-03 21:00:00,1,Mouse_science_Micheal,Lederle,research,UMass Amherst,energy,336.4486
2016-01-03 22:00:00,1,Mouse_science_Micheal,Lederle,research,UMass Amherst,energy,336.4486
2016-01-03 23:00:00,1,Mouse_science_Micheal,Lederle,research,UMass Amherst,energy,336.4486
2016-01-04 00:00:00,1,Mouse_science_Micheal,Lederle,research,UMass Amherst,energy,336.4486
2016-01-04 01:00:00,1,Mouse_science_Micheal,Lederle,research,UMass Amherst,energy,336.4486
2016-01-04 02:00:00,1,Mouse_science_Micheal,Lederle,research,UMass Amherst,energy,336.4486
2016-01-04 03:00:00,1,Mouse_science_Micheal,Lederle,research,UMass Amherst,energy,336.4486
2016-01-04 04:00:00,1,Mouse_science_Micheal,Lederle,research,UMass Amherst,energy,336.4486
2016-01-04 05:00:00,1,Mouse_science_Micheal,Lederle,research,UMass Amherst,energy,336.4486
2016-01-04 06:00:00,1,Mouse_science_Micheal,Lederle,research,UMass Amherst,energy,336.4486
2016-01-04 07:00:00,1,Mouse_science_Micheal,Lederle,research,UMass Amherst,energy,336.4486
2016-01-04 08:00:00,1,Mouse_science_Micheal,Lederle,research,UMass Amherst,energy,336.4486
2016-01-04 09:00:00,1,Mouse_science_Micheal,Lederle,research,UMass Amherst,energy,336.4486
2016-01-04 10:00:00,1,Mouse_science_Micheal,Lederle,research,UMass Amherst,energy,336.4486
2016-01-04 11:00:00,1,Mouse_science_Micheal,Lederle,research,UMass Amherst,energy,336.4486
2016-01-04 12:00:00,1,Mouse_science_Micheal,Lederle,research,UMass Amherst,energy,336.4486
2016-01-04 13:00:00,1,Mouse_science_Micheal,Lederle,research,UMass Amherst,energy,336.4486
2016-01-04 14:00:00,1,Mouse_science_Micheal,Lederle,research,UMass Amherst,energy,336.4486
2016-01-04 15:00:00,1,Mouse_science_Micheal,Lederle,research,UMass Amherst,energy,336.4486
2016-01-04 16:00:00,1,Mouse_science_Micheal,Lederle,research,UMass Amherst,energy,336.4486
2016-01-04 17:00:00,1,Mouse_science_Micheal,Lederle,research,UMass Amherst,energy,336.4486
2016-01-04 18:00:00,1,Mouse_science_Micheal,Lederle,research,UMass Amherst,energy,336.4486
2016-01-04 19:00:00,1,Mouse_science_Micheal,Lederle,research,UMass Amherst,energy,336.4486
2016-01-04 20:00:00,1,Mouse_science_Micheal,Lederle,research,UMass Amherst,energy,336.4486
2016-01-04 21:00:00,1,Mouse_science_Micheal,Lederle,research,UMass Amherst,energy,336.4486
2016-01-04 22:00:00,1,Mouse_science_Micheal,Lederle,research,UMass Amherst,energy,336.4486
2016-01-04 23:00:00,1,Mouse_science_Micheal,Lederle,research,UMass Amherst,energy,336.4486
2016-01-05 00:00:00,1,Mouse_science_Micheal,Lederle,research,UMass Amherst,energy,336.4486
2016-01-05 01:00:00,1,Mouse_science_Micheal,Lederle,research,UMass Amherst,energy,336.4486
2016-01-05 02:00:00,1,Mouse_science_Micheal,Lederle,research,UMass Amherst,energy,336.4486
2016-01-05 03:00:00,1,Mouse_science_Micheal,Lederle,research,UMass Amherst,energy,336.4486
2016-01-05 04:00:00,1,Mouse_science_Micheal,Lederle,research,UMass Amherst,energy,336.4486
2016-01-05 05:00:00,1,Mouse_science_Micheal,Lederle,research,UMass Amherst,energy,336.4486
2016-01-05 06:00:00,1,Mouse_science_Micheal,Lederle,research,UMass Amherst,energy,336.4486
2016-01-05 07:00:00,1,Mouse_science_Micheal,Lederle,research,UMass Amherst,energy,336.4486
2016-01-05 08:00:00,1,Mouse_science_Micheal,Lederle,research,UMass Amherst,energy,336.4486
2016-01-05 09:00:00,1,Mouse_science_Micheal,Lederle,research,UMass Amherst,energy,336.4486
2016-01-05 10:00:00,1,Mouse_science_Micheal,Lederle,research,UMass Amherst,energy,336.4486
2016-01-05 11:00:00,1,Mouse_science_Micheal,Lederle,research,UMass Amherst,energy,336.4486
2016-01-05 12:00:00,1,Mouse_science_Micheal,Lederle,research,UMass Amherst,energy,336.4486
2016-01-05 13:00:00,1,Mouse_science_Micheal,Lederle,research,UMass Amherst,energy,336.4486
2016-01-05 14:00:00,1,Mouse_science_Micheal,Lederle,research,UMass Amherst,energy,336.4486
2016-01-05 15:00:00,1,Mouse_science_Micheal,Lederle,research,UMass Amherst,energy,336.4486
2016-01-05 16:00:00,1,Mouse_science_Micheal,Lederle,research,UMass Amherst,energy,336.4486
2016-01-05 17:00:00,1,Mouse_science_Micheal,Lederle,research,UMass Amherst,energy,336.4486
2016-01-05 18:00:00,1,Mouse_science_Micheal,Lederle,research,UMass Amherst,energy,336.4486
2016-01-05 19:00:00,1,Mouse_science_Micheal,Lederle,research,UMass Amherst,energy,336.4486
2016-01-05 20:00:00,1,Mouse_science_Micheal,Lederle,research,UMass Amherst,energy,336.4486
2016-01-05 21:00:00,1,Mouse_science_Micheal,Lederle,research,UMass Amherst,energy,336.4486
2016-01-05 22:00:00,1,Mouse_science_Micheal,Lederle,research,UMass Amherst,energy,336.4486
2016-01-05 23:00:00,1,Mouse_science_Micheal,Lederle,research,UMass Amherst,energy,336.4486
2016-01-06 00:00:00,1,Mouse_science_Micheal,Lederle,research,UMass Amherst,energy,336.4486
2016-01-06 01:00:00,1,Mouse_science_Micheal,Lederle,research,UMass Amherst,energy,336.4486
2016-01-06 02:00:00,1,Mouse_science_Micheal,Lederle,research,UMass Amherst,energy,336.4486
2016-01-06 03:00:00,1,Mouse_science_Micheal,Lederle,research,UMass Amherst,energy,336.4486
2016-01-06 04:00:00,1,Mouse_science_Micheal,Lederle,research,UMass Amherst,energy,336.4486
2016-01-06 05:00:00,1,Mouse_science_Micheal,Lederle,research,UMass Amherst,energy,336.4486
2016-01-06 06:00:00,1,Mouse_science_Micheal,Lederle,research,UMass Amherst,energy,336.4486
2016-01-06 07:00:00,1,Mouse_science_Micheal,Lederle,research,UMass Amherst,energy,336.4486
2016-01-06 08:00:00,1,Mouse_science_Micheal,Lederle,research,UMass Amherst,energy,336.4486
2016-01-06 09:00:00,1,Mouse_science_Micheal,Lederle,research,UMass Amherst,energy,336.4486
2016-01-06 10:00:00,1,Mouse_science_Micheal,Lederle,research,UMass Amherst,energy,336.4486
2016-01-06 11:00:00,1,Mouse_science_Micheal,Lederle,research,UMass Amherst,energy,336.4486
2016-01-06 12:00:00,1,Mouse_science_Micheal,Lederle,research,UMass Amherst,energy,336.4486
2016-01-06 13:00:00,1,Mouse_science_Micheal,Lederle,research,UMass Amherst,energy,336.4486
2016-01-06 14:00:00,1,Mouse_science_Micheal,Lederle,research,UMass Amherst,energy,336.4486
2016-01-06 15:00:00,1,Mouse_science_Micheal,Lederle,research,UMass Amherst,energy,336.4486
2016-01-06 16:00:00,1,Mouse_science_Micheal,Lederle,research,UMass Amherst,energy,336.4486
2016-01-06 17:00:00,1,Mouse_science_Micheal,Lederle,research,UMass Amherst,energy,336.4486
2016-01-06 18:00:00,1,Mouse_science_Micheal,Lederle,research,UMass Amherst,energy,336.4486
2016-01-06 19:00:00,1,Mouse_science_Micheal,Lederle,research,UMass Amherst,energy,336.4486
2016-01-06 20:00:00,1,Mouse_science_Micheal,Lederle,research,UMass Amherst,energy,336.4486
2016-01-06 21:00:00,1,Mouse_science_Micheal,Lederle,research,UMass Amherst,energy,336.4486
2016-01-06 22:00:00,1,Mouse_science_Micheal,Lederle,research,UMass Amherst,energy,336.4486
2016-01-06 23:00:00,1,Mouse_science_Micheal,Lederle,research,UMass Amherst,energy,336.4486
2016-01-07 00:00:00,1,Mouse_science_Micheal,Lederle,research,UMass Amherst,energy,336.4486
2016-01-07 01:00:00,1,Mouse_science_Micheal,Lederle,research,UMass Amherst,energy,336.4486
2016-01-07 02:00:00,1,Mouse_science_Micheal,Lederle,research,UMass Amherst,energy,336.4486
2016-01-07 03:00:00,1,Mouse_science_Micheal,Lederle,research,UMass Amherst,energy,336.4486
2016-01-07 04:00:00,1,Mouse_science_Micheal,Lederle,research,UMass Amherst,energy,336.4486
2016-01-07 05:00:00,1,Mouse_science_Micheal,Lederle,research,UMass Amherst,energy,336.4486
2016-01-07 06:00:00,1,Mouse_science_Micheal,Lederle,research,UMass Amherst,energy,336.4486
2016-01-07 07:00:00,1,Mouse_science_Micheal,Lederle,research,UMass Amherst,energy,336.4486
2016-01-07 08:00:00,1,Mouse_science_Micheal,Lederle,research,UMass Amherst,energy,336.4486
2016-01-07 09:00:00,1,Mouse_science_Micheal,Lederle,research,UMass Amherst,energy,336.4486
2016-01-07 10:00:00,1,Mouse_science_Micheal,Lederle,research,UMass Amherst,energy,336.4486
2016-01-07 11:00:00,1,Mouse_science_Micheal,Lederle,research,UMass Amherst,energy,336.4486
2016-01-07 12:00:00,1,Mouse_science_Micheal,Lederle,research,UMass Amherst,energy,336.4486
2016-01-07 13:00:00,1,Mouse_science_Micheal,Lederle,research,UMass Amherst,energy,336.4486
2016-01-07 14:00:00,1,Mouse_science_Micheal,Lederle,research,UMass Amherst,energy,336.4486
2016-01-07 15:00:00,1,Mouse_science_Micheal,Lederle,research,UMass Amherst,energy,336.4486
2016-01-07 16:00:00,1,Mouse_science_Micheal,Lederle,research,UMass Amherst,energy,336.4486
2016-01-07 17:00:00,1,Mouse_science_Micheal,Lederle,research,UMass Amherst,energy,336.4486
2016-01-07 18:00:00,1,Mouse_science_Micheal,Lederle,research,UMass Amherst,energy,336.4486
2016-01-07 19:00:00,1,Mouse_science_Micheal,Lederle,research,UMass Amherst,energy,336.4486
2016-01-07 20:00:00,1,Mouse_science_Micheal,Lederle,research,UMass Amherst,energy,336.4486
2016-01-07 21:00:00,1,Mouse_science_Micheal,Lederle,research,UMass Amherst,energy,336.4486
2016-01-07 22:00:00,1,Mouse_science_Micheal,Lederle,research,UMass Amherst,energy,336.4486
2016-01-07 23:00:00,1,Mouse_science_Micheal,Lederle,research,UMass Amherst,energy,336.4486
2016-01-08 00:00:00,1,Mouse_science_Micheal,Lederle,research,UMass Amherst,energy,336.4486
2016-01-08 01:00:00,1,Mouse_science_Micheal,Lederle,research,UMass Amherst,energy,336.4486
2016-01-08 02:00:00,1,Mouse_science_Micheal,Lederle,research,UMass Amherst,energy,336.4486
2016-01-08 03:00:00,1,Mouse_science_Micheal,Lederle,research,UMass Amherst,energy,336.4486
2016-01-08 04:00:00,1,Mouse_science_Micheal,Lederle,research,UMass Amherst,energy,336.4486
2016-01-08 05:00:00,1,Mouse_science_Micheal,Lederle,research,UMass Amherst,energy,336.4486
2016-01-08 06:00:00,1,Mouse_science_Micheal,Lederle,research,UMass Amherst,energy,336.4486
2016-01-08 07:00:00,1,Mouse_science_Micheal,Lederle,research,UMass Amherst,energy,336.4486
2016-01-08 08:00:00,1,Mouse_science_Micheal,Lederle,research,UMass Amherst,energy,336.4486
2016-01-08 09:00:00,1,Mouse_science_Micheal,Lederle,research,UMass Amherst,energy,336.4486
2016-01-08 10:00:00,1,Mouse_science_Micheal,Lederle,research,UMass Amherst,energy,336.4486
2016-01-08 11:00:00,1,Mouse_science_Micheal,Lederle,research,UMass Amherst,energy,336.4486
2016-01-08 12:00:00,1,Mouse_science_Micheal,Lederle,research,UMass Amherst,energy,336.4486
2016-01-08 13:00:00,1,Mouse_science_Micheal,Lederle,research,UMass Amherst,energy,336.4486
2016-01-08 14:00:00,1,Mouse_science_Micheal,Lederle,research,UMass Amherst,energy,336.4486
2016-01-08 15:00:00,1,Mouse_science_Micheal,Lederle,research,UMass Amherst,energy,336.4486
2016-01-08 16:00:00,1,Mouse_science_Micheal,Lederle,research,UMass Amherst,energy,336.4486
2016-01-08 17:00:00,1,Mouse_science_Micheal,Lederle,research,UMass Amherst,energy,336.4486
2016-01-08 18:00:00,1,Mouse_science_Micheal,Lederle,research,UMass Amherst,energy,336.4486
2016-01-08 19:00:00,1,Mouse_science_Micheal,Lederle,research,UMass Amherst,energy,336.4486
2016-01-08 20:00:00,1,Mouse_science_Micheal,Lederle,research,UMass Amherst,energy,336.4486
2016-01-08 21:00:00,1,Mouse_science_Micheal,Lederle,research,UMass Amherst,energy,336.4486
2016-01-08 22:00:00,1,Mouse_science_Micheal,Lederle,research,UMass Amherst,energy,336.4486
2016-01-08 23:00:00,1,Mouse_science_Micheal,Lederle,research,UMass Amherst,energy,336.4486
2016-01-09 00:00:00,1,Mouse_science_Micheal,Lederle,research,UMass Amherst,energy,336.4486
2016-01-09 01:00:00,1,Mouse_science_Micheal,Lederle,research,UMass Amherst,energy,336.4486
2016-01-09 02:00:00,1,Mouse_science_Micheal,Lederle,research,UMass Amherst,energy,336.4486
2016-01-09 03:00:00,1,Mouse_science_Micheal,Lederle,research,UMass Amherst,energy,336.4486
2016-01-09 04:00:00,1,Mouse_science_Micheal,Lederle,research,UMass Amherst,energy,336.4486
2016-01-09 05:00:00,1,Mouse_science_Micheal,Lederle,research,UMass Amherst,energy,336.4486
2016-01-09 06:00:00,1,Mouse_science_Micheal,Lederle,research,UMass Amherst,energy,336.4486
2016-01-09 07:00:00,1,Mouse_science_Micheal,Lederle,research,UMass Amherst,energy,336.4486
2016-01-09 08:00:00,1,Mouse_science_Micheal,Lederle,research,UMass Amherst,energy,336.4486
2016-01-09 09:00:00,1,Mouse_science_Micheal,Lederle,research,UMass Amherst,energy,336.4486
2016-01-09 10:00:00,1,Mouse_science_Micheal,Lederle,research,UMass Amherst,energy,336.4486
2016-01-09 11:00:00,1,Mouse_science_Micheal,Lederle,research,UMass Amherst,energy,336.4486
2016-01-09 12:00:00,1,Mouse_science_Micheal,Lederle,research,UMass Amherst,energy,336.4486
2016-01-09 13:00:00,1,Mouse_science_Micheal,Lederle,research,UMass Amherst,energy,336.4486
2016-01-09 14:00:00,1,Mouse_science_Micheal,Lederle,research,UMass Amherst,energy,336.4486
2016-01-09 15:00:00,1,Mouse_science_Micheal,Lederle,research,UMass Amherst,energy,336.4486
2016-01-09 16:00:00,1,Mouse_science_Micheal,Lederle,research,UMass Amherst,energy,336.4486
2016-01-09 17:00:00,1,Mouse_science_Micheal,Lederle,research,UMass Amherst,energy,336.4486
2016-01-09 18:00:00,1,Mouse_science_Micheal,Lederle,research,UMass Amherst,energy,336.4486
2016-01-09 19:00:00,1,Mouse_science_Micheal,Lederle,research,UMass Amherst,energy,336.4486
2016-01-09 20:00:00,1,Mouse_science_Micheal,Lederle,research,UMass Amherst,energy,336.4486
2016-01-09 21:00:00,1,Mouse_science_Micheal,Lederle,research,UMass Amherst,energy,336.4486
2016-01-09 22:00:00,1,Mouse_science_Micheal,Lederle,research,UMass Amherst,energy,336.4486
2016-01-09 23:00:00,1,Mouse_science_Micheal,Lederle,research,UMass Amherst,energy,336.4486
2016-01-10 00:00:00,1,Mouse_science_Micheal,Lederle,research,UMass Amherst,energy,336.4486
2016-01-10 01:00:00,1,Mouse_science_Micheal,Lederle,research,UMass Amherst,energy,336.4486
2016-01-10 02:00:00,1,Mouse_science_Micheal,Lederle,research,UMass Amherst,energy,336.4486
2016-01-10 03:00:00,1,Mouse_science_Micheal,Lederle,research,UMass Amherst,energy,336.4486
2016-01-10 04:00:00,1,Mouse_science_Micheal,Lederle,research,UMass Amherst,energy,336.4486
2016-01-10 05:00:00,1,Mouse_science_Micheal,Lederle,research,UMass Amherst,energy,336.4486
2016-01-10 06:00:00,1,Mouse_science_Micheal,Lederle,research,UMass Amherst,energy,336.4486
2016-01-10 07:00:00,1,Mouse_science_Micheal,Lederle,research,UMass Amherst,energy,336.4486
2016-01-10 08:00:00,1,Mouse_science_Micheal,Lederle,research,UMass Amherst,energy,336.4486
2016-01-10 09:00:00,1,Mouse_science_Micheal,Lederle,research,UMass Amherst,energy,336.4486
2016-01-10 10:00:00,1,Mouse_science_Micheal,Lederle,research,UMass Amherst,energy,336.4486
2016-01-10 11:00:00,1,Mouse_science_Micheal,Lederle,research,UMass Amherst,energy,336.4486
2016-01-10 12:00:00,1,Mouse_science_Micheal,Lederle,research,UMass Amherst,energy,336.4486
2016-01-10 13:00:00,1,Mouse_science_Micheal,Lederle,research,UMass Amherst,energy,336.4486
2016-01-10 14:00:00,1,Mouse_science_Micheal,Lederle,research,UMass Amherst,energy,336.4486
2016-01-10 15:00:00,1,Mouse_science_Micheal,Lederle,research,UMass Amherst,energy,336.4486
2016-01-10 16:00:00,1,Mouse_science_Micheal,Lederle,research,UMass Amherst,energy,336.4486
2016-01-10 17:00:00,1,Mouse_science_Micheal,Lederle,research,UMass Amherst,energy,336.4486
2016-01-10 18:00:00,1,Mouse_science_Micheal,Lederle,research,UMass Amherst,energy,336.4486
2016-01-10 19:00:00,1,Mouse_science_Micheal,Lederle,research,UMass Amherst,energy,336.4486
2016-01-10 20:00:00,1,Mouse_science_Micheal,Lederle,research,UMass Amherst,energy,336.4486
2016-01-10 21:00:00,1,Mouse_science_Micheal,Lederle,research,UMass Amherst,energy,336.4486
2016-01-10 22:00:00,1,Mouse_science_Micheal,Lederle,research,UMass Amherst,energy,336.4486
2016-01-10 23:00:00,1,Mouse_science_Micheal,Lederle,research,UMass Amherst,energy,336.4486
2016-01-11 00:00:00,1,Mouse_science_Micheal,Lederle,research,UMass Amherst,energy,336.4486
2016-01-11 01:00:00,1,Mouse_science_Micheal,Lederle,research,UMass Amherst,energy,336.4486
2016-01-11 02:00:00,1,Mouse_science_Micheal,Lederle,research,UMass Amherst,energy,336.4486
2016-01-11 03:00:00,1,Mouse_science_Micheal,Lederle,research,UMass Amherst,energy,336.4486
2016-01-11 04:00:00,1,Mouse_science_Micheal,Lederle,research,UMass Amherst,energy,336.4486
2016-01-11 05:00:00,1,Mouse_science_Micheal,Lederle,research,UMass Amherst,energy,336.4486
2016-01-11 06:00:00,1,Mouse_science_Micheal,Lederle,research,UMass Amherst,energy,336.4486
2016-01-11 07:00:00,1,Mouse_science_Micheal,Lederle,research,UMass Amherst,energy,336.4486
2016-01-11 08:00:00,1,Mouse_science_Micheal,Lederle,research,UMass Amherst,energy,336.4486
2016-01-11 09:00:00,1,Mouse_science_Micheal,Lederle,research,UMass Amherst,energy,336.4486
2016-01-11 10:00:00,1,Mouse_science_Micheal,Lederle,research,UMass Amherst,energy,336.4486
2016-01-11 11:00:00,1,Mouse_science_Micheal,Lederle,research,UMass Amherst,energy,336.4486
2016-01-11 12:00:00,1,Mouse_science_Micheal,Lederle,research,UMass Amherst,energy,336.4486
2016-01-11 13:00:00,1,Mouse_science_Micheal,Lederle,research,UMass Amherst,energy,336.4486
2016-01-11 14:00:00,1,Mouse_science_Micheal,Lederle,research,UMass Amherst,energy,336.4486
2016-01-11 15:00:00,1,Mouse_science_Micheal,Lederle,research,UMass Amherst,energy,336.4486
2016-01-11 16:00:00,1,Mouse_science_Micheal,Lederle,research,UMass Amherst,energy,336.4486
2016-01-11 17:00:00,1,Mouse_science_Micheal,Lederle,research,UMass Amherst,energy,336.4486
2016-01-11 18:00:00,1,Mouse_science_Micheal,Lederle,research,UMass Amherst,energy,336.4486
2016-01-11 19:00:00,1,Mouse_science_Micheal,Lederle,research,UMass Amherst,energy,336.4486
2016-01-11 20:00:00,1,Mouse_science_Micheal,Lederle,research,UMass Amherst,energy,336.4486
2016-01-11 21:00:00,1,Mouse_science_Micheal,Lederle,research,UMass Amherst,energy,336.4486
2016-01-11 22:00:00,1,Mouse_science_Micheal,Lederle,research,UMass Amherst,energy,336.4486
2016-01-11 23:00:00,1,Mouse_science_Micheal,Lederle,research,UMass Amherst,energy,336.4486
2016-01-12 00:00:00,1,Mouse_science_Micheal,Lederle,research,UMass Amherst,energy,336.4486
2016-01-12 01:00:00,1,Mouse_science_Micheal,Lederle,research,UMass Amherst,energy,336.4486
2016-01-12 02:00:00,1,Mouse_science_Micheal,Lederle,research,UMass Amherst,energy,336.4486
2016-01-12 03:00:00,1,Mouse_science_Micheal,Lederle,research,UMass Amherst,energy,336.4486
2016-01-12 04:00:00,1,Mouse_science_Micheal,Lederle,research,UMass Amherst,energy,336.4486
2016-01-12 05:00:00,1,Mouse_science_Micheal,Lederle,research,UMass Amherst,energy,336.4486
2016-01-12 06:00:00,1,Mouse_science_Micheal,Lederle,research,UMass Amherst,energy,336.4486
2016-01-12 07:00:00,1,Mouse_science_Micheal,Lederle,research,UMass Amherst,energy,336.4486
2016-01-12 08:00:00,1,Mouse_science_Micheal,Lederle,research,UMass Amherst,energy,336.4486
2016-01-12 09:00:00,1,Mouse_science_Micheal,Lederle,research,UMass Amherst,energy,336.4486
2016-01-12 10:00:00,1,Mouse_science_Micheal,Lederle,research,UMass Amherst,energy,336.4486
2016-01-12 11:00:00,1,Mouse_science_Micheal,Lederle,research,UMass Amherst,energy,336.4486
2016-01-12 12:00:00,1,Mouse_science_Micheal,Lederle,research,UMass Amherst,energy,336.4486
2016-01-12 13:00:00,1,Mouse_science_Micheal,Lederle,research,UMass Amherst,energy,336.4486
2016-01-12 14:00:00,1,Mouse_science_Micheal,Lederle,research,UMass Amherst,energy,336.4486
2016-01-12 15:00:00,1,Mouse_science_Micheal,Lederle,research,UMass Amherst,energy,336.4486
2016-01-12 16:00:00,1,Mouse_science_Micheal,Lederle,research,UMass Amherst,energy,336.4486
2016-01-12 17:00:00,1,Mouse_science_Micheal,Lederle,research,UMass Amherst,energy,336.4486
2016-01-12 18:00:00,1,Mouse_science_Micheal,Lederle,research,UMass Amherst,energy,336.4486
2016-01-12 19:00:00,1,Mouse_science_Micheal,Lederle,research,UMass Amherst,energy,336.4486
2016-01-12 20:00:00,1,Mouse_science_Micheal,Lederle,research,UMass Amherst,energy,336.4486
2016-01-12 21:00:00,1,Mouse_science_Micheal,Lederle,research,UMass Amherst,energy,336.4486
2016-01-12 22:00:00,1,Mouse_science_Micheal,Lederle,research,UMass Amherst,energy,336.4486
2016-01-12 23:00:00,1,Mouse_science_Micheal,Lederle,research,UMass Amherst,energy,336.4486
2016-01-13 00:00:00,1,Mouse_science_Micheal,Lederle,research,UMass Amherst,energy,336.4486
2016-01-13 01:00:00,1,Mouse_science_Micheal,Lederle,research,UMass Amherst,energy,336.4486
2016-01-13 02:00:00,1,Mouse_science_Micheal,Lederle,research,UMass Amherst,energy,336.4486
2016-01-13 03:00:00,1,Mouse_science_Micheal,Lederle,research,UMass Amherst,energy,336.4486
2016-01-13 04:00:00,1,Mouse_science_Micheal,Lederle,research,UMass Amherst,energy,336.4486
2016-01-13 05:00:00,1,Mouse_science_Micheal,Lederle,research,UMass Amherst,energy,336.4486
2016-01-13 06:00:00,1,Mouse_science_Micheal,Lederle,research,UMass Amherst,energy,336.4486
2016-01-13 07:00:00,1,Mouse_science_Micheal,Lederle,research,UMass Amherst,energy,336.4486
2016-01-13 08:00:00,1,Mouse_science_Micheal,Lederle,research,UMass Amherst,energy,336.4486
2016-01-13 09:00:00,1,Mouse_science_Micheal,Lederle,research,UMass Amherst,energy,336.4486
2016-01-13 10:00:00,1,Mouse_science_Micheal,Lederle,research,UMass Amherst,energy,336.4486
2016-01-13 11:00:00,1,Mouse_science_Micheal,Lederle,research,UMass Amherst,energy,336.4486
2016-01-13 12:00:00,1,Mouse_science_Micheal,Lederle,research,UMass Amherst,energy,336.4486
2016-01-13 13:00:00,1,Mouse_science_Micheal,Lederle,research,UMass Amherst,energy,336.4486
2016-01-13 14:00:00,1,Mouse_science_Micheal,Lederle,research,UMass Amherst,energy,336.4486
2016-01-13 15:00:00,1,Mouse_science_Micheal,Lederle,research,UMass Amherst,energy,336.4486
2016-01-13 16:00:00,1,Mouse_science_Micheal,Lederle,research,UMass Amherst,energy,336.4486
2016-01-13 17:00:00,1,Mouse_science_Micheal,Lederle,research,UMass Amherst,energy,336.4486
2016-01-13 18:00:00,1,Mouse_science_Micheal,Lederle,research,UMass Amherst,energy,336.4486
2016-01-13 19:00:00,1,Mouse_science_Micheal,Lederle,research,UMass Amherst,energy,336.4486
2016-01-13 20:00:00,1,Mouse_science_Micheal,Lederle,research,UMass Amherst,energy,336.4486
2016-01-13 21:00:00,1,Mouse_science_Micheal,Lederle,research,UMass Amherst,energy,336.4486
2016-01-13 22:00:00,1,Mouse_science_Micheal,Lederle,research,UMass Amherst,energy,336.4486
2016-01-13 23:00:00,1,Mouse_science_Micheal,Lederle,research,UMass Amherst,energy,336.4486
2016-01-14 00:00:00,1,Mouse_science_Micheal,Lederle,research,UMass Amherst,energy,336.4486
2016-01-14 01:00:00,1,Mouse_science_Micheal,Lederle,research,UMass Amherst,energy,336.4486
2016-01-14 02:00:00,1,Mouse_science_Micheal,Lederle,research,UMass Amherst,energy,336.4486
2016-01-14 03:00:00,1,Mouse_science_Micheal,Lederle,research,UMass Amherst,energy,336.4486
2016-01-14 04:00:00,1,Mouse_science_Micheal,Lederle,research,UMass Amherst,energy,336.4486
2016-01-14 05:00:00,1,Mouse_science_Micheal,Lederle,research,UMass Amherst,energy,336.4486
2016-01-14 06:00:00,1,Mouse_science_Micheal,Lederle,research,UMass Amherst,energy,336.4486
2016-01-14 07:00:00,1,Mouse_science_Micheal,Lederle,research,UMass Amherst,energy,336.4486
2016-01-14 08:00:00,1,Mouse_science_Micheal,Lederle,research,UMass Amherst,energy,336.4486
2016-01-14 09:00:00,1,Mouse_science_Micheal,Lederle,research,UMass Amherst,energy,336.4486
2016-01-14 10:00:00,1,Mouse_science_Micheal,Lederle,research,UMass Amherst,energy,336.4486
2016-01-14 11:00:00,1,Mouse_science_Micheal,Lederle,research,UMass Amherst,energy,336.4486
2016-01-14 12:00:00,1,Mouse_science_Micheal,Lederle,research,UMass Amherst,energy,336.4486
2016-01-14 13:00:00,1,Mouse_science_Micheal,Lederle,research,UMass Amherst,energy,336.4486
2016-01-14 14:00:00,1,Mouse_science_Micheal,Lederle,research,UMass Amherst,energy,336.4486
2016-01-14 15:00:00,1,Mouse_science_Micheal,Lederle,research,UMass Amherst,energy,336.4486
2016-01-14 16:00:00,1,Mouse_science_Micheal,Lederle,research,UMass Amherst,energy,336.4486
2016-01-14 17:00:00,1,Mouse_science_Micheal,Lederle,research,UMass Amherst,energy,336.4486
2016-01-14 18:00:00,1,Mouse_science_Micheal,Lederle,research,UMass Amherst,energy,336.4486
2016-01-14 19:00:00,1,Mouse_science_Micheal,Lederle,research,UMass Amherst,energy,336.4486
2016-01-14 20:00:00,1,Mouse_science_Micheal,Lederle,research,UMass Amherst,energy,336.4486
2016-01-14 21:00:00,1,Mouse_science_Micheal,Lederle,research,UMass Amherst,energy,336.4486
2016-01-14 22:00:00,1,Mouse_science_Micheal,Lederle,research,UMass Amherst,energy,336.4486
2016-01-14 23:00:00,1,Mouse_science_Micheal,Lederle,research,UMass Amherst,energy,336.4486
2016-01-15 00:00:00,1,Mouse_science_Micheal,Lederle,research,UMass Amherst,energy,336.4486
2016-01-15 01:00:00,1,Mouse_science_Micheal,Lederle,research,UMass Amherst,energy,336.4486
2016-01-15 02:00:00,1,Mouse_science_Micheal,Lederle,research,UMass Amherst,energy,336.4486
2016-01-15 03:00:00,1,Mouse_science_Micheal,Lederle,research,UMass Amherst,energy,336.4486
2016-01-15 04:00:00,1,Mouse_science_Micheal,Lederle,research,UMass Amherst,energy,336.4486
2016-01-15 05:00:00,1,Mouse_science_Micheal,Lederle,research,UMass Amherst,energy,336.4486
2016-01-15 06:00:00,1,Mouse_science_Micheal,Lederle,research,UMass Amherst,energy,336.4486
2016-01-15 07:00:00,1,Mouse_science_Micheal,Lederle,research,UMass Amherst,energy,336.4486
2016-01-15 08:00:00,1,Mouse_science_Micheal,Lederle,research,UMass Amherst,energy,336.4486
2016-01-15 09:00:00,1,Mouse_science_Micheal,Lederle,research,UMass Amherst,energy,336.4486
2016-01-15 10:00:00,1,Mouse_science_Micheal,Lederle,research,UMass Amherst,energy,336.4486
2016-01-15 11:00:00,1,Mouse_science_Micheal,Lederle,research,UMass Amherst,energy,336.4486
2016-01-15 12:00:00,1,Mouse_science_Micheal,Lederle,research,UMass Amherst,energy,336.4486
2016-01-15 13:00:00,1,Mouse_science_Micheal,Lederle,research,UMass Amherst,energy,336.4486
2016-01-15 14:00:00,1,Mouse_science_Micheal,Lederle,research,UMass Amherst,energy,336.4486
2016-01-15 15:00:00,1,Mouse_science_Micheal,Lederle,research,UMass Amherst,energy,336.4486
2016-01-15 16:00:00,1,Mouse_science_Micheal,Lederle,research,UMass Amherst,energy,336.4486
2016-01-15 17:00:00,1,Mouse_science_Micheal,Lederle,research,UMass Amherst,energy,336.4486
2016-01-15 18:00:00,1,Mouse_science_Micheal,Lederle,research,UMass Amherst,energy,336.4486
2016-01-15 19:00:00,1,Mouse_science_Micheal,Lederle,research,UMass Amherst,energy,336.4486
2016-01-15 20:00:00,1,Mouse_science_Micheal,Lederle,research,UMass Amherst,energy,336.4486
2016-01-15 21:00:00,1,Mouse_science_Micheal,Lederle,research,UMass Amherst,energy,336.4486
2016-01-15 22:00:00,1,Mouse_science_Micheal,Lederle,research,UMass Amherst,energy,336.4486
2016-01-15 23:00:00,1,Mouse_science_Micheal,Lederle,research,UMass Amherst,energy,336.4486
2016-01-16 00:00:00,1,Mouse_science_Micheal,Lederle,research,UMass Amherst,energy,336.4486
2016-01-16 01:00:00,1,Mouse_science_Micheal,Lederle,research,UMass Amherst,energy,336.4486
2016-01-16 02:00:00,1,Mouse_science_Micheal,Lederle,research,UMass Amherst,energy,336.4486
2016-01-16 03:00:00,1,Mouse_science_Micheal,Lederle,research,UMass Amherst,energy,336.4486
2016-01-16 04:00:00,1,Mouse_science_Micheal,Lederle,research,UMass Amherst,energy,336.4486
2016-01-16 05:00:00,1,Mouse_science_Micheal,Lederle,research,UMass Amherst,energy,336.4486
2016-01-16 06:00:00,1,Mouse_science_Micheal,Lederle,research,UMass Amherst,energy,336.4486
2016-01-16 07:00:00,1,Mouse_science_Micheal,Lederle,research,UMass Amherst,energy,336.4486
2016-01-16 08:00:00,1,Mouse_science_Micheal,Lederle,research,UMass Amherst,energy,336.4486
2016-01-16 09:00:00,1,Mouse_science_Micheal,Lederle,research,UMass Amherst,energy,336.4486
2016-01-16 10:00:00,1,Mouse_science_Micheal,Lederle,research,UMass Amherst,energy,336.4486
2016-01-16 11:00:00,1,Mouse_science_Micheal,Lederle,research,UMass Amherst,energy,336.4486
2016-01-16 12:00:00,1,Mouse_science_Micheal,Lederle,research,UMass Amherst,energy,336.4486
2016-01-16 13:00:00,1,Mouse_science_Micheal,Lederle,research,UMass Amherst,energy,336.4486
2016-01-16 14:00:00,1,Mouse_science_Micheal,Lederle,research,UMass Amherst,energy,336.4486
2016-01-16 15:00:00,1,Mouse_science_Micheal,Lederle,research,UMass Amherst,energy,336.4486
2016-01-16 16:00:00,1,Mouse_science_Micheal,Lederle,research,UMass Amherst,energy,336.4486
2016-01-16 17:00:00,1,Mouse_science_Micheal,Lederle,research,UMass Amherst,energy,336.4486
2016-01-16 18:00:00,1,Mouse_science_Micheal,Lederle,research,UMass Amherst,energy,336.4486
2016-01-16 19:00:00,1,Mouse_science_Micheal,Lederle,research,UMass Amherst,energy,336.4486
2016-01-16 20:00:00,1,Mouse_science_Micheal,Lederle,research,UMass Amherst,energy,336.4486
2016-01-16 21:00:00,1,Mouse_science_Micheal,Lederle,research,UMass Amherst,energy,336.4486
2016-01-16 22:00:00,1,Mouse_science_Micheal,Lederle,research,UMass Amherst,energy,336.4486
2016-01-16 23:00:00,1,Mouse_science_Micheal,Lederle,research,UMass Amherst,energy,336.4486
2016-01-17 00:00:00,1,Mouse_science_Micheal,Lederle,research,UMass Amherst,energy,336.4486
2016-01-17 01:00:00,1,Mouse_science_Micheal,Lederle,research,UMass Amherst,energy,336.4486
2016-01-17 02:00:00,1,Mouse_science_Micheal,Lederle,research,UMass Amherst,energy,336.4486
2016-01-17 03:00:00,1,Mouse_science_Micheal,Lederle,research,UMass Amherst,energy,336.4486
2016-01-17 04:00:00,1,Mouse_science_Micheal,Lederle,research,UMass Amherst,energy,336.4486
2016-01-17 05:00:00,1,Mouse_science_Micheal,Lederle,research,UMass Amherst,energy,336.4486
2016-01-17 06:00:00,1,Mouse_science_Micheal,Lederle,research,UMass Amherst,energy,336.4486
2016-01-17 07:00:00,1,Mouse_science_Micheal,Lederle,research,UMass Amherst,energy,336.4486
2016-01-17 08:00:00,1,Mouse_science_Micheal,Lederle,research,UMass Amherst,energy,336.4486
2016-01-17 09:00:00,1,Mouse_science_Micheal,Lederle,research,UMass Amherst,energy,336.4486
2016-01-17 10:00:00,1,Mouse_science_Micheal,Lederle,research,UMass Amherst,energy,336.4486
2016-01-17 11:00:00,1,Mouse_science_Micheal,Lederle,research,UMass Amherst,energy,336.4486
2016-01-17 12:00:00,1,Mouse_science_Micheal,Lederle,research,UMass Amherst,energy,336.4486
2016-01-17 13:00:00,1,Mouse_science_Micheal,Lederle,research,UMass Amherst,energy,336.4486
2016-01-17 14:00:00,1,Mouse_science_Micheal,Lederle,research,UMass Amherst,energy,336.4486
2016-01-17 15:00:00,1,Mouse_science_Micheal,Lederle,research,UMass Amherst,energy,336.4486
2016-01-17 16:00:00,1,Mouse_science_Micheal,Lederle,research,UMass Amherst,energy,336.4486
2016-01-17 17:00:00,1,Mouse_science_Micheal,Lederle,research,UMass Amherst,energy,336.4486
2016-01-17 18:00:00,1,Mouse_science_Micheal,Lederle,research,UMass Amherst,energy,336.4486
2016-01-17 19:00:00,1,Mouse_science_Micheal,Lederle,research,UMass Amherst,energy,336.4486
2016-01-17 20:00:00,1,Mouse_science_Micheal,Lederle,research,UMass Amherst,energy,336.4486
2016-01-17 21:00:00,1,Mouse_science_Micheal,Lederle,research,UMass Amherst,energy,336.4486
2016-01-17 22:00:00,1,Mouse_science_Micheal,Lederle,research,UMass Amherst,energy,336.4486
2016-01-17 23:00:00,1,Mouse_science_Micheal,Lederle,research,UMass Amherst,energy,336.4486
2016-01-18 00:00:00,1,Mouse_science_Micheal,Lederle,research,UMass Amherst,energy,336.4486
2016-01-18 01:00:00,1,Mouse_science_Micheal,Lederle,research,UMass Amherst,energy,336.4486
2016-01-18 02:00:00,1,Mouse_science_Micheal,Lederle,research,UMass Amherst,energy,336.4486
2016-01-18 03:00:00,1,Mouse_science_Micheal,Lederle,research,UMass Amherst,energy,336.4486
2016-01-18 04:00:00,1,Mouse_science_Micheal,Lederle,research,UMass Amherst,energy,336.4486
2016-01-18 05:00:00,1,Mouse_science_Micheal,Lederle,research,UMass Amherst,energy,336.4486
2016-01-18 06:00:00,1,Mouse_science_Micheal,Lederle,research,UMass Amherst,energy,336.4486
2016-01-18 07:00:00,1,Mouse_science_Micheal,Lederle,research,UMass Amherst,energy,336.4486
2016-01-18 08:00:00,1,Mouse_science_Micheal,Lederle,research,UMass Amherst,energy,336.4486
2016-01-18 09:00:00,1,Mouse_science_Micheal,Lederle,research,UMass Amherst,energy,336.4486
2016-01-18 10:00:00,1,Mouse_science_Micheal,Lederle,research,UMass Amherst,energy,336.4486
2016-01-18 11:00:00,1,Mouse_science_Micheal,Lederle,research,UMass Amherst,energy,336.4486
2016-01-18 12:00:00,1,Mouse_science_Micheal,Lederle,research,UMass Amherst,energy,336.4486
2016-01-18 13:00:00,1,Mouse_science_Micheal,Lederle,research,UMass Amherst,energy,336.4486
2016-01-18 14:00:00,1,Mouse_science_Micheal,Lederle,research,UMass Amherst,energy,336.4486
2016-01-18 15:00:00,1,Mouse_science_Micheal,Lederle,research,UMass Amherst,energy,336.4486
2016-01-18 16:00:00,1,Mouse_science_Micheal,Lederle,research,UMass Amherst,energy,336.4486
2016-01-18 17:00:00,1,Mouse_science_Micheal,Lederle,research,UMass Amherst,energy,336.4486
2016-01-18 18:00:00,1,Mouse_science_Micheal,Lederle,research,UMass Amherst,energy,336.4486
2016-01-18 19:00:00,1,Mouse_science_Micheal,Lederle,research,UMass Amherst,energy,336.4486
2016-01-18 20:00:00,1,Mouse_science_Micheal,Lederle,research,UMass Amherst,energy,336.4486
2016-01-18 21:00:00,1,Mouse_science_Micheal,Lederle,research,UMass Amherst,energy,336.4486
2016-01-18 22:00:00,1,Mouse_science_Micheal,Lederle,research,UMass Amherst,energy,336.4486
2016-01-18 23:00:00,1,Mouse_science_Micheal,Lederle,research,UMass Amherst,energy,336.4486
2016-01-19 00:00:00,1,Mouse_science_Micheal,Lederle,research,UMass Amherst,energy,336.4486
2016-01-19 01:00:00,1,Mouse_science_Micheal,Lederle,research,UMass Amherst,energy,336.4486
2016-01-19 02:00:00,1,Mouse_science_Micheal,Lederle,research,UMass Amherst,energy,336.4486
2016-01-19 03:00:00,1,Mouse_science_Micheal,Lederle,research,UMass Amherst,energy,336.4486
2016-01-19 04:00:00,1,Mouse_science_Micheal,Lederle,research,UMass Amherst,energy,336.4486
2016-01-19 05:00:00,1,Mouse_science_Micheal,Lederle,research,UMass Amherst,energy,336.4486
2016-01-19 06:00:00,1,Mouse_science_Micheal,Lederle,research,UMass Amherst,energy,336.4486
2016-01-19 07:00:00,1,Mouse_science_Micheal,Lederle,research,UMass Amherst,energy,336.4486
2016-01-19 08:00:00,1,Mouse_science_Micheal,Lederle,research,UMass Amherst,energy,336.4486
2016-01-19 09:00:00,1,Mouse_science_Micheal,Lederle,research,UMass Amherst,energy,336.4486
2016-01-19 10:00:00,1,Mouse_science_Micheal,Lederle,research,UMass Amherst,energy,336.4486
2016-01-19 11:00:00,1,Mouse_science_Micheal,Lederle,research,UMass Amherst,energy,336.4486
2016-01-19 12:00:00,1,Mouse_science_Micheal,Lederle,research,UMass Amherst,energy,336.4486
2016-01-19 13:00:00,1,Mouse_science_Micheal,Lederle,research,UMass Amherst,energy,336.4486
2016-01-19 14:00:00,1,Mouse_science_Micheal,Lederle,research,UMass Amherst,energy,336.4486
2016-01-19 15:00:00,1,Mouse_science_Micheal,Lederle,research,UMass Amherst,energy,336.4486
2016-01-19 16:00:00,1,Mouse_science_Micheal,Lederle,research,UMass Amherst,energy,336.4486
2016-01-19 17:00:00,1,Mouse_science_Micheal,Lederle,research,UMass Amherst,energy,336.4486
2016-01-19 18:00:00,1,Mouse_science_Micheal,Lederle,research,UMass Amherst,energy,336.4486
2016-01-19 19:00:00,1,Mouse_science_Micheal,Lederle,research,UMass Amherst,energy,336.4486
2016-01-19 20:00:00,1,Mouse_science_Micheal,Lederle,research,UMass Amherst,energy,336.4486
2016-01-19 21:00:00,1,Mouse_science_Micheal,Lederle,research,UMass Amherst,energy,336.4486
2016-01-19 22:00:00,1,Mouse_science_Micheal,Lederle,research,UMass Amherst,energy,336.4486
2016-01-19 23:00:00,1,Mouse_science_Micheal,Lederle,research,UMass Amherst,energy,336.4486
2016-01-20 00:00:00,1,Mouse_science_Micheal,Lederle,research,UMass Amherst,energy,336.4486
2016-01-20 01:00:00,1,Mouse_science_Micheal,Lederle,research,UMass Amherst,energy,336.4486
2016-01-20 02:00:00,1,Mouse_science_Micheal,Lederle,research,UMass Amherst,energy,336.4486
2016-01-20 03:00:00,1,Mouse_science_Micheal,Lederle,research,UMass Amherst,energy,336.4486
2016-01-20 04:00:00,1,Mouse_science_Micheal,Lederle,research,UMass Amherst,energy,336.4486
2016-01-20 05:00:00,1,Mouse_science_Micheal,Lederle,research,UMass Amherst,energy,336.4486
2016-01-20 06:00:00,1,Mouse_science_Micheal,Lederle,research,UMass Amherst,energy,336.4486
2016-01-20 07:00:00,1,Mouse_science_Micheal,Lederle,research,UMass Amherst,energy,336.4486
2016-01-20 08:00:00,1,Mouse_science_Micheal,Lederle,research,UMass Amherst,energy,336.4486
2016-01-20 09:00:00,1,Mouse_science_Micheal,Lederle,research,UMass Amherst,energy,336.4486
2016-01-20 10:00:00,1,Mouse_science_Micheal,Lederle,research,UMass Amherst,energy,336.4486
2016-01-20 11:00:00,1,Mouse_science_Micheal,Lederle,research,UMass Amherst,energy,336.4486
2016-01-20 12:00:00,1,Mouse_science_Micheal,Lederle,research,UMass Amherst,energy,336.4486
2016-01-20 13:00:00,1,Mouse_science_Micheal,Lederle,research,UMass Amherst,energy,336.4486
2016-01-20 14:00:00,1,Mouse_science_Micheal,Lederle,research,UMass Amherst,energy,336.4486
2016-01-20 15:00:00,1,Mouse_science_Micheal,Lederle,research,UMass Amherst,energy,336.4486
2016-01-20 16:00:00,1,Mouse_science_Micheal,Lederle,research,UMass Amherst,energy,336.4486
2016-01-20 17:00:00,1,Mouse_science_Micheal,Lederle,research,UMass Amherst,energy,336.4486
2016-01-20 18:00:00,1,Mouse_science_Micheal,Lederle,research,UMass Amherst,energy,336.4486
2016-01-20 19:00:00,1,Mouse_science_Micheal,Lederle,research,UMass Amherst,energy,336.4486
2016-01-20 20:00:00,1,Mouse_science_Micheal,Lederle,research,UMass Amherst,energy,336.4486
2016-01-20 21:00:00,1,Mouse_science_Micheal,Lederle,research,UMass Amherst,energy,336.4486
2016-01-20 22:00:00,1,Mouse_science_Micheal,Lederle,research,UMass Amherst,energy,336.4486
2016-01-20 23:00:00,1,Mouse_science_Micheal,Lederle,research,UMass Amherst,energy,336.4486
2016-01-21 00:00:00,1,Mouse_science_Micheal,Lederle,research,UMass Amherst,energy,336.4486
2016-01-21 01:00:00,1,Mouse_science_Micheal,Lederle,research,UMass Amherst,energy,336.4486
2016-01-21 02:00:00,1,Mouse_science_Micheal,Lederle,research,UMass Amherst,energy,336.4486
2016-01-21 03:00:00,1,Mouse_science_Micheal,Lederle,research,UMass Amherst,energy,336.4486
2016-01-21 04:00:00,1,Mouse_science_Micheal,Lederle,research,UMass Amherst,energy,336.4486
2016-01-21 05:00:00,1,Mouse_science_Micheal,Lederle,research,UMass Amherst,energy,336.4486
2016-01-21 06:00:00,1,Mouse_science_Micheal,Lederle,research,UMass Amherst,energy,336.4486
2016-01-21 07:00:00,1,Mouse_science_Micheal,Lederle,research,UMass Amherst,energy,336.4486
2016-01-21 08:00:00,1,Mouse_science_Micheal,Lederle,research,UMass Amherst,energy,336.4486
2016-01-21 09:00:00,1,Mouse_science_Micheal,Lederle,research,UMass Amherst,energy,336.4486
2016-01-21 10:00:00,1,Mouse_science_Micheal,Lederle,research,UMass Amherst,energy,336.4486
2016-01-21 11:00:00,1,Mouse_science_Micheal,Lederle,research,UMass Amherst,energy,336.4486
2016-01-21 12:00:00,1,Mouse_science_Micheal,Lederle,research,UMass Amherst,energy,336.4486
2016-01-21 13:00:00,1,Mouse_science_Micheal,Lederle,research,UMass Amherst,energy,336.4486
2016-01-21 14:00:00,1,Mouse_science_Micheal,Lederle,research,UMass Amherst,energy,336.4486
2016-01-21 15:00:00,1,Mouse_science_Micheal,Lederle,research,UMass Amherst,energy,336.4486
2016-01-21 16:00:00,1,Mouse_science_Micheal,Lederle,research,UMass Amherst,energy,336.4486
2016-01-21 17:00:00,1,Mouse_science_Micheal,Lederle,research,UMass Amherst,energy,336.4486
2016-01-21 18:00:00,1,Mouse_science_Micheal,Lederle,research,UMass Amherst,energy,336.4486
2016-01-21 19:00:00,1,Mouse_science_Micheal,Lederle,research,UMass Amherst,energy,336.4486
2016-01-21 20:00:00,1,Mouse_science_Micheal,Lederle,research,UMass Amherst,energy,336.4486
2016-01-21 21:00:00,1,Mouse_science_Micheal,Lederle,research,UMass Amherst,energy,336.4486
2016-01-21 22:00:00,1,Mouse_science_Micheal,Lederle,research,UMass Amherst,energy,336.4486
2016-01-21 23:00:00,1,Mouse_science_Micheal,Lederle,research,UMass Amherst,energy,336.4486
2016-01-22 00:00:00,1,Mouse_science_Micheal,Lederle,research,UMass Amherst,energy,336.4486
2016-01-22 01:00:00,1,Mouse_science_Micheal,Lederle,research,UMass Amherst,energy,336.4486
2016-01-22 02:00:00,1,Mouse_science_Micheal,Lederle,research,UMass Amherst,energy,336.4486
2016-01-22 03:00:00,1,Mouse_science_Micheal,Lederle,research,UMass Amherst,energy,336.4486
2016-01-22 04:00:00,1,Mouse_science_Micheal,Lederle,research,UMass Amherst,energy,336.4486
2016-01-22 05:00:00,1,Mouse_science_Micheal,Lederle,research,UMass Amherst,energy,336.4486
2016-01-22 06:00:00,1,Mouse_science_Micheal,Lederle,research,UMass Amherst,energy,336.4486
2016-01-22 07:00:00,1,Mouse_science_Micheal,Lederle,research,UMass Amherst,energy,336.4486
2016-01-22 08:00:00,1,Mouse_science_Micheal,Lederle,research,UMass Amherst,energy,336.4486
2016-01-22 09:00:00,1,Mouse_science_Micheal,Lederle,research,UMass Amherst,energy,336.4486
2016-01-22 10:00:00,1,Mouse_science_Micheal,Lederle,research,UMass Amherst,energy,336.4486
2016-01-22 11:00:00,1,Mouse_science_Micheal,Lederle,research,UMass Amherst,energy,336.4486
2016-01-22 12:00:00,1,Mouse_science_Micheal,Lederle,research,UMass Amherst,energy,336.4486
2016-01-22 13:00:00,1,Mouse_science_Micheal,Lederle,research,UMass Amherst,energy,336.4486
2016-01-22 14:00:00,1,Mouse_science_Micheal,Lederle,research,UMass Amherst,energy,336.4486
2016-01-22 15:00:00,1,Mouse_science_Micheal,Lederle,research,UMass Amherst,energy,336.4486
2016-01-22 16:00:00,1,Mouse_science_Micheal,Lederle,research,UMass Amherst,energy,336.4486
2016-01-22 17:00:00,1,Mouse_science_Micheal,Lederle,research,UMass Amherst,energy,336.4486
2016-01-22 18:00:00,1,Mouse_science_Micheal,Lederle,research,UMass Amherst,energy,336.4486
2016-01-22 19:00:00,1,Mouse_science_Micheal,Lederle,research,UMass Amherst,energy,336.4486
2016-01-22 20:00:00,1,Mouse_science_Micheal,Lederle,research,UMass Amherst,energy,336.4486
2016-01-22 21:00:00,1,Mouse_science_Micheal,Lederle,research,UMass Amherst,energy,336.4486
2016-01-22 22:00:00,1,Mouse_science_Micheal,Lederle,research,UMass Amherst,energy,336.4486
2016-01-22 23:00:00,1,Mouse_science_Micheal,Lederle,research,UMass Amherst,energy,336.4486
2016-01-23 00:00:00,1,Mouse_science_Micheal,Lederle,research,UMass Amherst,energy,336.4486
2016-01-23 01:00:00,1,Mouse_science_Micheal,Lederle,research,UMass Amherst,energy,336.4486
2016-01-23 02:00:00,1,Mouse_science_Micheal,Lederle,research,UMass Amherst,energy,336.4486
2016-01-23 03:00:00,1,Mouse_science_Micheal,Lederle,research,UMass Amherst,energy,336.4486
2016-01-23 04:00:00,1,Mouse_science_Micheal,Lederle,research,UMass Amherst,energy,336.4486
2016-01-23 05:00:00,1,Mouse_science_Micheal,Lederle,research,UMass Amherst,energy,336.4486
2016-01-23 06:00:00,1,Mouse_science_Micheal,Lederle,research,UMass Amherst,energy,336.4486
2016-01-23 07:00:00,1,Mouse_science_Micheal,Lederle,research,UMass Amherst,energy,336.4486
2016-01-23 08:00:00,1,Mouse_science_Micheal,Lederle,research,UMass Amherst,energy,336.4486
2016-01-23 09:00:00,1,Mouse_science_Micheal,Lederle,research,UMass Amherst,energy,336.4486
2016-01-23 10:00:00,1,Mouse_science_Micheal,Lederle,research,UMass Amherst,energy,336.4486
2016-01-23 11:00:00,1,Mouse_science_Micheal,Lederle,research,UMass Amherst,energy,336.4486
2016-01-23 12:00:00,1,Mouse_science_Micheal,Lederle,research,UMass Amherst,energy,336.4486
2016-01-23 13:00:00,1,Mouse_science_Micheal,Lederle,research,UMass Amherst,energy,336.4486
2016-01-23 14:00:00,1,Mouse_science_Micheal,Lederle,research,UMass Amherst,energy,336.4486
2016-01-23 15:00:00,1,Mouse_science_Micheal,Lederle,research,UMass Amherst,energy,336.4486
2016-01-23 16:00:00,1,Mouse_science_Micheal,Lederle,research,UMass Amherst,energy,336.4486
2016-01-23 17:00:00,1,Mouse_science_Micheal,Lederle,research,UMass Amherst,energy,336.4486
2016-01-23 18:00:00,1,Mouse_science_Micheal,Lederle,research,UMass Amherst,energy,336.4486
2016-01-23 19:00:00,1,Mouse_science_Micheal,Lederle,research,UMass Amherst,energy,336.4486
2016-01-23 20:00:00,1,Mouse_science_Micheal,Lederle,research,UMass Amherst,energy,336.4486
2016-01-23 21:00:00,1,Mouse_science_Micheal,Lederle,research,UMass Amherst,energy,336.4486
2016-01-23 22:00:00,1,Mouse_science_Micheal,Lederle,research,UMass Amherst,energy,336.4486
2016-01-23 23:00:00,1,Mouse_science_Micheal,Lederle,research,UMass Amherst,energy,336.4486
2016-01-24 00:00:00,1,Mouse_science_Micheal,Lederle,research,UMass Amherst,energy,336.4486
2016-01-24 01:00:00,1,Mouse_science_Micheal,Lederle,research,UMass Amherst,energy,336.4486
2016-01-24 02:00:00,1,Mouse_science_Micheal,Lederle,research,UMass Amherst,energy,336.4486
2016-01-24 03:00:00,1,Mouse_science_Micheal,Lederle,research,UMass Amherst,energy,336.4486
2016-01-24 04:00:00,1,Mouse_science_Micheal,Lederle,research,UMass Amherst,energy,336.4486
2016-01-24 05:00:00,1,Mouse_science_Micheal,Lederle,research,UMass Amherst,energy,336.4486
2016-01-24 06:00:00,1,Mouse_science_Micheal,Lederle,research,UMass Amherst,energy,336.4486
2016-01-24 07:00:00,1,Mouse_science_Micheal,Lederle,research,UMass Amherst,energy,336.4486
2016-01-24 08:00:00,1,Mouse_science_Micheal,Lederle,research,UMass Amherst,energy,336.4486
2016-01-24 09:00:00,1,Mouse_science_Micheal,Lederle,research,UMass Amherst,energy,336.4486
2016-01-24 10:00:00,1,Mouse_science_Micheal,Lederle,research,UMass Amherst,energy,336.4486
2016-01-24 11:00:00,1,Mouse_science_Micheal,Lederle,research,UMass Amherst,energy,336.4486
2016-01-24 12:00:00,1,Mouse_science_Micheal,Lederle,research,UMass Amherst,energy,336.4486
2016-01-24 13:00:00,1,Mouse_science_Micheal,Lederle,research,UMass Amherst,energy,336.4486
2016-01-24 14:00:00,1,Mouse_science_Micheal,Lederle,research,UMass Amherst,energy,336.4486
2016-01-24 15:00:00,1,Mouse_science_Micheal,Lederle,research,UMass Amherst,energy,336.4486
2016-01-24 16:00:00,1,Mouse_science_Micheal,Lederle,research,UMass Amherst,energy,336.4486
2016-01-24 17:00:00,1,Mouse_science_Micheal,Lederle,research,UMass Amherst,energy,336.4486
2016-01-24 18:00:00,1,Mouse_science_Micheal,Lederle,research,UMass Amherst,energy,336.4486
2016-01-24 19:00:00,1,Mouse_science_Micheal,Lederle,research,UMass Amherst,energy,336.4486
2016-01-24 20:00:00,1,Mouse_science_Micheal,Lederle,research,UMass Amherst,energy,336.4486
2016-01-24 21:00:00,1,Mouse_science_Micheal,Lederle,research,UMass Amherst,energy,336.4486
2016-01-24 22:00:00,1,Mouse_science_Micheal,Lederle,research,UMass Amherst,energy,336.4486
2016-01-24 23:00:00,1,Mouse_science_Micheal,Lederle,research,UMass Amherst,energy,336.4486
2016-01-25 00:00:00,1,Mouse_science_Micheal,Lederle,research,UMass Amherst,energy,336.4486
2016-01-25 01:00:00,1,Mouse_science_Micheal,Lederle,research,UMass Amherst,energy,336.4486
2016-01-25 02:00:00,1,Mouse_science_Micheal,Lederle,research,UMass Amherst,energy,336.4486
2016-01-25 03:00:00,1,Mouse_science_Micheal,Lederle,research,UMass Amherst,energy,336.4486
2016-01-25 04:00:00,1,Mouse_science_Micheal,Lederle,research,UMass Amherst,energy,336.4486
2016-01-25 05:00:00,1,Mouse_science_Micheal,Lederle,research,UMass Amherst,energy,336.4486
2016-01-25 06:00:00,1,Mouse_science_Micheal,Lederle,research,UMass Amherst,energy,336.4486
2016-01-25 07:00:00,1,Mouse_science_Micheal,Lederle,research,UMass Amherst,energy,336.4486
2016-01-25 08:00:00,1,Mouse_science_Micheal,Lederle,research,UMass Amherst,energy,336.4486
2016-01-25 09:00:00,1,Mouse_science_Micheal,Lederle,research,UMass Amherst,energy,336.4486
2016-01-25 10:00:00,1,Mouse_science_Micheal,Lederle,research,UMass Amherst,energy,336.4486
2016-01-25 11:00:00,1,Mouse_science_Micheal,Lederle,research,UMass Amherst,energy,336.4486
2016-01-25 12:00:00,1,Mouse_science_Micheal,Lederle,research,UMass Amherst,energy,336.4486
2016-01-25 13:00:00,1,Mouse_science_Micheal,Lederle,research,UMass Amherst,energy,336.4486
2016-01-25 14:00:00,1,Mouse_science_Micheal,Lederle,research,UMass Amherst,energy,336.4486
2016-01-25 15:00:00,1,Mouse_science_Micheal,Lederle,research,UMass Amherst,energy,336.4486
2016-01-25 16:00:00,1,Mouse_science_Micheal,Lederle,research,UMass Amherst,energy,336.4486
2016-01-25 17:00:00,1,Mouse_science_Micheal,Lederle,research,UMass Amherst,energy,336.4486
2016-01-25 18:00:00,1,Mouse_science_Micheal,Lederle,research,UMass Amherst,energy,336.4486
2016-01-25 19:00:00,1,Mouse_science_Micheal,Lederle,research,UMass Amherst,energy,336.4486
2016-01-25 20:00:00,1,Mouse_science_Micheal,Lederle,research,UMass Amherst,energy,336.4486
2016-01-25 21:00:00,1,Mouse_science_Micheal,Lederle,research,UMass Amherst,energy,336.4486
2016-01-25 22:00:00,1,Mouse_science_Micheal,Lederle,research,UMass Amherst,energy,336.4486
2016-01-25 23:00:00,1,Mouse_science_Micheal,Lederle,research,UMass Amherst,energy,336.4486
2016-01-26 00:00:00,1,Mouse_science_Micheal,Lederle,research,UMass Amherst,energy,336.4486
2016-01-26 01:00:00,1,Mouse_science_Micheal,Lederle,research,UMass Amherst,energy,336.4486
2016-01-26 02:00:00,1,Mouse_science_Micheal,Lederle,research,UMass Amherst,energy,336.4486
2016-01-26 03:00:00,1,Mouse_science_Micheal,Lederle,research,UMass Amherst,energy,336.4486
2016-01-26 04:00:00,1,Mouse_science_Micheal,Lederle,research,UMass Amherst,energy,336.4486
2016-01-26 05:00:00,1,Mouse_science_Micheal,Lederle,research,UMass Amherst,energy,336.4486
2016-01-26 06:00:00,1,Mouse_science_Micheal,Lederle,research,UMass Amherst,energy,336.4486
2016-01-26 07:00:00,1,Mouse_science_Micheal,Lederle,research,UMass Amherst,energy,336.4486
2016-01-26 08:00:00,1,Mouse_science_Micheal,Lederle,research,UMass Amherst,energy,336.4486
2016-01-26 09:00:00,1,Mouse_science_Micheal,Lederle,research,UMass Amherst,energy,336.4486
2016-01-26 10:00:00,1,Mouse_science_Micheal,Lederle,research,UMass Amherst,energy,336.4486
2016-01-26 11:00:00,1,Mouse_science_Micheal,Lederle,research,UMass Amherst,energy,336.4486
2016-01-26 12:00:00,1,Mouse_science_Micheal,Lederle,research,UMass Amherst,energy,336.4486
2016-01-26 13:00:00,1,Mouse_science_Micheal,Lederle,research,UMass Amherst,energy,336.4486
2016-01-26 14:00:00,1,Mouse_science_Micheal,Lederle,research,UMass Amherst,energy,336.4486
2016-01-26 15:00:00,1,Mouse_science_Micheal,Lederle,research,UMass Amherst,energy,336.4486
2016-01-26 16:00:00,1,Mouse_science_Micheal,Lederle,research,UMass Amherst,energy,336.4486
2016-01-26 17:00:00,1,Mouse_science_Micheal,Lederle,research,UMass Amherst,energy,336.4486
2016-01-26 18:00:00,1,Mouse_science_Micheal,Lederle,research,UMass Amherst,energy,336.4486
2016-01-26 19:00:00,1,Mouse_science_Micheal,Lederle,research,UMass Amherst,energy,336.4486
2016-01-26 20:00:00,1,Mouse_science_Micheal,Lederle,research,UMass Amherst,energy,336.4486
2016-01-26 21:00:00,1,Mouse_science_Micheal,Lederle,research,UMass Amherst,energy,336.4486
2016-01-26 22:00:00,1,Mouse_science_Micheal,Lederle,research,UMass Amherst,energy,336.4486
2016-01-26 23:00:00,1,Mouse_science_Micheal,Lederle,research,UMass Amherst,energy,336.4486
2016-01-27 00:00:00,1,Mouse_science_Micheal,Lederle,research,UMass Amherst,energy,336.4486
2016-01-27 01:00:00,1,Mouse_science_Micheal,Lederle,research,UMass Amherst,energy,336.4486
2016-01-27 02:00:00,1,Mouse_science_Micheal,Lederle,research,UMass Amherst,energy,336.4486
2016-01-27 03:00:00,1,Mouse_science_Micheal,Lederle,research,UMass Amherst,energy,336.4486
2016-01-27 04:00:00,1,Mouse_science_Micheal,Lederle,research,UMass Amherst,energy,336.4486
2016-01-27 05:00:00,1,Mouse_science_Micheal,Lederle,research,UMass Amherst,energy,336.4486
2016-01-27 06:00:00,1,Mouse_science_Micheal,Lederle,research,UMass Amherst,energy,336.4486
2016-01-27 07:00:00,1,Mouse_science_Micheal,Lederle,research,UMass Amherst,energy,336.4486
2016-01-27 08:00:00,1,Mouse_science_Micheal,Lederle,research,UMass Amherst,energy,336.4486
2016-01-27 09:00:00,1,Mouse_science_Micheal,Lederle,research,UMass Amherst,energy,336.4486
2016-01-27 10:00:00,1,Mouse_science_Micheal,Lederle,research,UMass Amherst,energy,336.4486
2016-01-27 11:00:00,1,Mouse_science_Micheal,Lederle,research,UMass Amherst,energy,336.4486
2016-01-27 12:00:00,1,Mouse_science_Micheal,Lederle,research,UMass Amherst,energy,336.4486
2016-01-27 13:00:00,1,Mouse_science_Micheal,Lederle,research,UMass Amherst,energy,336.4486
2016-01-27 14:00:00,1,Mouse_science_Micheal,Lederle,research,UMass Amherst,energy,336.4486
2016-01-27 15:00:00,1,Mouse_science_Micheal,Lederle,research,UMass Amherst,energy,336.4486
2016-01-27 16:00:00,1,Mouse_science_Micheal,Lederle,research,UMass Amherst,energy,336.4486
2016-01-27 17:00:00,1,Mouse_science_Micheal,Lederle,research,UMass Amherst,energy,336.4486
2016-01-27 18:00:00,1,Mouse_science_Micheal,Lederle,research,UMass Amherst,energy,336.4486
2016-01-27 19:00:00,1,Mouse_science_Micheal,Lederle,research,UMass Amherst,energy,336.4486
2016-01-27 20:00:00,1,Mouse_science_Micheal,Lederle,research,UMass Amherst,energy,336.4486
2016-01-27 21:00:00,1,Mouse_science_Micheal,Lederle,research,UMass Amherst,energy,336.4486
2016-01-27 22:00:00,1,Mouse_science_Micheal,Lederle,research,UMass Amherst,energy,336.4486
2016-01-27 23:00:00,1,Mouse_science_Micheal,Lederle,research,UMass Amherst,energy,336.4486
2016-01-28 00:00:00,1,Mouse_science_Micheal,Lederle,research,UMass Amherst,energy,336.4486
2016-01-28 01:00:00,1,Mouse_science_Micheal,Lederle,research,UMass Amherst,energy,336.4486
2016-01-28 02:00:00,1,Mouse_science_Micheal,Lederle,research,UMass Amherst,energy,336.4486
2016-01-28 03:00:00,1,Mouse_science_Micheal,Lederle,research,UMass Amherst,energy,336.4486
2016-01-28 04:00:00,1,Mouse_science_Micheal,Lederle,research,UMass Amherst,energy,336.4486
2016-01-28 05:00:00,1,Mouse_science_Micheal,Lederle,research,UMass Amherst,energy,336.4486
2016-01-28 06:00:00,1,Mouse_science_Micheal,Lederle,research,UMass Amherst,energy,336.4486
2016-01-28 07:00:00,1,Mouse_science_Micheal,Lederle,research,UMass Amherst,energy,336.4486
2016-01-28 08:00:00,1,Mouse_science_Micheal,Lederle,research,UMass Amherst,energy,336.4486
2016-01-28 09:00:00,1,Mouse_science_Micheal,Lederle,research,UMass Amherst,energy,336.4486
2016-01-28 10:00:00,1,Mouse_science_Micheal,Lederle,research,UMass Amherst,energy,336.4486
2016-01-28 11:00:00,1,Mouse_science_Micheal,Lederle,research,UMass Amherst,energy,336.4486
2016-01-28 12:00:00,1,Mouse_science_Micheal,Lederle,research,UMass Amherst,energy,336.4486
2016-01-28 13:00:00,1,Mouse_science_Micheal,Lederle,research,UMass Amherst,energy,336.4486
2016-01-28 14:00:00,1,Mouse_science_Micheal,Lederle,research,UMass Amherst,energy,336.4486
2016-01-28 15:00:00,1,Mouse_science_Micheal,Lederle,research,UMass Amherst,energy,336.4486
2016-01-28 16:00:00,1,Mouse_science_Micheal,Lederle,research,UMass Amherst,energy,336.4486
2016-01-28 17:00:00,1,Mouse_science_Micheal,Lederle,research,UMass Amherst,energy,336.4486
2016-01-28 18:00:00,1,Mouse_science_Micheal,Lederle,research,UMass Amherst,energy,336.4486
2016-01-28 19:00:00,1,Mouse_science_Micheal,Lederle,research,UMass Amherst,energy,336.4486
2016-01-28 20:00:00,1,Mouse_science_Micheal,Lederle,research,UMass Amherst,energy,336.4486
2016-01-28 21:00:00,1,Mouse_science_Micheal,Lederle,research,UMass Amherst,energy,336.4486
2016-01-28 22:00:00,1,Mouse_science_Micheal,Lederle,research,UMass Amherst,energy,336.4486
2016-01-28 23:00:00,1,Mouse_science_Micheal,Lederle,research,UMass Amherst,energy,336.4486
2016-01-29 00:00:00,1,Mouse_science_Micheal,Lederle,research,UMass Amherst,energy,336.4486
2016-01-29 01:00:00,1,Mouse_science_Micheal,Lederle,research,UMass Amherst,energy,336.4486
2016-01-29 02:00:00,1,Mouse_science_Micheal,Lederle,research,UMass Amherst,energy,336.4486
2016-01-29 03:00:00,1,Mouse_science_Micheal,Lederle,research,UMass Amherst,energy,336.4486
2016-01-29 04:00:00,1,Mouse_science_Micheal,Lederle,research,UMass Amherst,energy,336.4486
2016-01-29 05:00:00,1,Mouse_science_Micheal,Lederle,research,UMass Amherst,energy,336.4486
2016-01-29 06:00:00,1,Mouse_science_Micheal,Lederle,research,UMass Amherst,energy,336.4486
2016-01-29 07:00:00,1,Mouse_science_Micheal,Lederle,research,UMass Amherst,energy,336.4486
2016-01-29 08:00:00,1,Mouse_science_Micheal,Lederle,research,UMass Amherst,energy,336.4486
2016-01-29 09:00:00,1,Mouse_science_Micheal,Lederle,research,UMass Amherst,energy,336.4486
2016-01-29 10:00:00,1,Mouse_science_Micheal,Lederle,research,UMass Amherst,energy,336.4486
2016-01-29 11:00:00,1,Mouse_science_Micheal,Lederle,research,UMass Amherst,energy,336.4486
2016-01-29 12:00:00,1,Mouse_science_Micheal,Lederle,research,UMass Amherst,energy,336.4486
2016-01-29 13:00:00,1,Mouse_science_Micheal,Lederle,research,UMass Amherst,energy,336.4486
2016-01-29 14:00:00,1,Mouse_science_Micheal,Lederle,research,UMass Amherst,energy,336.4486
2016-01-29 15:00:00,1,Mouse_science_Micheal,Lederle,research,UMass Amherst,energy,336.4486
2016-01-29 16:00:00,1,Mouse_science_Micheal,Lederle,research,UMass Amherst,energy,336.4486
2016-01-29 17:00:00,1,Mouse_science_Micheal,Lederle,research,UMass Amherst,energy,336.4486
2016-01-29 18:00:00,1,Mouse_science_Micheal,Lederle,research,UMass Amherst,energy,336.4486
2016-01-29 19:00:00,1,Mouse_science_Micheal,Lederle,research,UMass Amherst,energy,336.4486
2016-01-29 20:00:00,1,Mouse_science_Micheal,Lederle,research,UMass Amherst,energy,336.4486
2016-01-29 21:00:00,1,Mouse_science_Micheal,Lederle,research,UMass Amherst,energy,336.4486
2016-01-29 22:00:00,1,Mouse_science_Micheal,Lederle,research,UMass Amherst,energy,336.4486
2016-01-29 23:00:00,1,Mouse_science_Micheal,Lederle,research,UMass Amherst,energy,336.4486
2016-01-30 00:00:00,1,Mouse_science_Micheal,Lederle,research,UMass Amherst,energy,336.4486
2016-01-30 01:00:00,1,Mouse_science_Micheal,Lederle,research,UMass Amherst,energy,336.4486
2016-01-30 02:00:00,1,Mouse_science_Micheal,Lederle,research,UMass Amherst,energy,336.4486
2016-01-30 03:00:00,1,Mouse_science_Micheal,Lederle,research,UMass Amherst,energy,336.4486
2016-01-30 04:00:00,1,Mouse_science_Micheal,Lederle,research,UMass Amherst,energy,336.4486
2016-01-30 05:00:00,1,Mouse_science_Micheal,Lederle,research,UMass Amherst,energy,336.4486
2016-01-30 06:00:00,1,Mouse_science_Micheal,Lederle,research,UMass Amherst,energy,336.4486
2016-01-30 07:00:00,1,Mouse_science_Micheal,Lederle,research,UMass Amherst,energy,336.4486
2016-01-30 08:00:00,1,Mouse_science_Micheal,Lederle,research,UMass Amherst,energy,336.4486
2016-01-30 09:00:00,1,Mouse_science_Micheal,Lederle,research,UMass Amherst,energy,336.4486
2016-01-30 10:00:00,1,Mouse_science_Micheal,Lederle,research,UMass Amherst,energy,336.4486
2016-01-30 11:00:00,1,Mouse_science_Micheal,Lederle,research,UMass Amherst,energy,336.4486
2016-01-30 12:00:00,1,Mouse_science_Micheal,Lederle,research,UMass Amherst,energy,336.4486
2016-01-30 13:00:00,1,Mouse_science_Micheal,Lederle,research,UMass Amherst,energy,336.4486
2016-01-30 14:00:00,1,Mouse_science_Micheal,Lederle,research,UMass Amherst,energy,336.4486
2016-01-30 15:00:00,1,Mouse_science_Micheal,Lederle,research,UMass Amherst,energy,336.4486
2016-01-30 16:00:00,1,Mouse_science_Micheal,Lederle,research,UMass Amherst,energy,336.4486
2016-01-30 17:00:00,1,Mouse_science_Micheal,Lederle,research,UMass Amherst,energy,336.4486
2016-01-30 18:00:00,1,Mouse_science_Micheal,Lederle,research,UMass Amherst,energy,336.4486
2016-01-30 19:00:00,1,Mouse_science_Micheal,Lederle,research,UMass Amherst,energy,336.4486
2016-01-30 20:00:00,1,Mouse_science_Micheal,Lederle,research,UMass Amherst,energy,336.4486
2016-01-30 21:00:00,1,Mouse_science_Micheal,Lederle,research,UMass Amherst,energy,336.4486
2016-01-30 22:00:00,1,Mouse_science_Micheal,Lederle,research,UMass Amherst,energy,336.4486
2016-01-30 23:00:00,1,Mouse_science_Micheal,Lederle,research,UMass Amherst,energy,336.4486
2016-01-01 00:00:00,2,Mouse_health_Estela,Morrill,science,UMass Amherst,energy,135.0
2016-01-01 01:00:00,2,Mouse_health_Estela,Morrill,science,UMass Amherst,energy,265.0
2016-01-01 02:00:00,2,Mouse_health_Estela,Morrill,science,UMass Amherst,energy,272.0
2016-01-01 03:00:00,2,Mouse_health_Estela,Morrill,science,UMass Amherst,energy,276.0
2016-01-01 04:00:00,2,Mouse_health_Estela,Morrill,science,UMass Amherst,energy,280.0
2016-01-01 05:00:00,2,Mouse_health_Estela,Morrill,science,UMass Amherst,energy,284.0
2016-01-01 06:00:00,2,Mouse_health_Estela,Morrill,science,UMass Amherst,energy,282.0
2016-01-01 07:00:00,2,Mouse_health_Estela,Morrill,science,UMass Amherst,energy,283.0
2016-01-01 08:00:00,2,Mouse_health_Estela,Morrill,science,UMass Amherst,energy,291.0
2016-01-01 09:00:00,2,Mouse_health_Estela,Morrill,science,UMass Amherst,energy,315.0
2016-01-01 10:00:00,2,Mouse_health_Estela,Morrill,science,UMass Amherst,energy,306.0
2016-01-01 11:00:00,2,Mouse_health_Estela,Morrill,science,UMass Amherst,energy,309.0
2016-01-01 12:00:00,2,Mouse_health_Estela,Morrill,science,UMass Amherst,energy,309.0
2016-01-01 13:00:00,2,Mouse_health_Estela,Morrill,science,UMass Amherst,energy,316.0
2016-01-01 14:00:00,2,Mouse_health_Estela,Morrill,science,UMass Amherst,energy,315.0
2016-01-01 15:00:00,2,Mouse_health_Estela,Morrill,science,UMass Amherst,energy,303.0
2016-01-01 16:00:00,2,Mouse_health_Estela,Morrill,science,UMass Amherst,energy,319.0
2016-01-01 17:00:00,2,Mouse_health_Estela,Morrill,science,UMass Amherst,energy,326.0
2016-01-01 18:00:00,2,Mouse_health_Estela,Morrill,science,UMass Amherst,energy,314.0
2016-01-01 19:00:00,2,Mouse_health_Estela,Morrill,science,UMass Amherst,energy,305.0
2016-01-01 20:00:00,2,Mouse_health_Estela,Morrill,science,UMass Amherst,energy,300.0
2016-01-01 21:00:00,2,Mouse_health_Estela,Morrill,science,UMass Amherst,energy,296.0
2016-01-01 22:00:00,2,Mouse_health_Estela,Morrill,science,UMass Amherst,energy,288.0
2016-01-01 23:00:00,2,Mouse_health_Estela,Morrill,science,UMass Amherst,energy,282.0
2016-01-02 00:00:00,2,Mouse_health_Estela,Morrill,science,UMass Amherst,energy,288.0
2016-01-02 01:00:00,2,Mouse_health_Estela,Morrill,science,UMass Amherst,energy,284.0
2016-01-02 02:00:00,2,Mouse_health_Estela,Morrill,science,UMass Amherst,energy,288.0
2016-01-02 03:00:00,2,Mouse_health_Estela,Morrill,science,UMass Amherst,energy,288.0
2016-01-02 04:00:00,2,Mouse_health_Estela,Morrill,science,UMass Amherst,energy,282.0
2016-01-02 05:00:00,2,Mouse_health_Estela,Morrill,science,UMass Amherst,energy,284.0
2016-01-02 06:00:00,2,Mouse_health_Estela,Morrill,science,UMass Amherst,energy,287.0
2016-01-02 07:00:00,2,Mouse_health_Estela,Morrill,science,UMass Amherst,energy,286.0
2016-01-02 08:00:00,2,Mouse_health_Estela,Morrill,science,UMass Amherst,energy,298.0
2016-01-02 09:00:00,2,Mouse_health_Estela,Morrill,science,UMass Amherst,energy,296.0
2016-01-02 10:00:00,2,Mouse_health_Estela,Morrill,science,UMass Amherst,energy,303.0
2016-01-02 11:00:00,2,Mouse_health_Estela,Morrill,science,UMass Amherst,energy,305.0
2016-01-02 12:00:00,2,Mouse_health_Estela,Morrill,science,UMass Amherst,energy,307.0
2016-01-02 13:00:00,2,Mouse_health_Estela,Morrill,science,UMass Amherst,energy,308.0
2016-01-02 14:00:00,2,Mouse_health_Estela,Morrill,science,UMass Amherst,energy,314.0
2016-01-02 15:00:00,2,Mouse_health_Estela,Morrill,science,UMass Amherst,energy,314.0
2016-01-02 16:00:00,2,Mouse_health_Estela,Morrill,science,UMass Amherst,energy,327.0
2016-01-02 17:00:00,2,Mouse_health_Estela,Morrill,science,UMass Amherst,energy,326.0
2016-01-02 18:00:00,2,Mouse_health_Estela,Morrill,science,UMass Amherst,energy,320.0
2016-01-02 19:00:00,2,Mouse_health_Estela,Morrill,science,UMass Amherst,energy,317.0
2016-01-02 20:00:00,2,Mouse_health_Estela,Morrill,science,UMass Amherst,energy,314.0
2016-01-02 21:00:00,2,Mouse_health_Estela,Morrill,science,UMass Amherst,energy,313.0
2016-01-02 22:00:00,2,Mouse_health_Estela,Morrill,science,UMass Amherst,energy,307.0
2016-01-02 23:00:00,2,Mouse_health_Estela,Morrill,science,UMass Amherst,energy,301.0
2016-01-03 00:00:00,2,Mouse_health_Estela,Morrill,science,UMass Amherst,energy,296.0
2016-01-03 01:00:00,2,Mouse_health_Estela,Morrill,science,UMass Amherst,energy,314.0
2016-01-03 02:00:00,2,Mouse_health_Estela,Morrill,science,UMass Amherst,energy,318.0
2016-01-03 03:00:00,2,Mouse_health_Estela,Morrill,science,UMass Amherst,energy,316.0
2016-01-03 04:00:00,2,Mouse_health_Estela,Morrill,science,UMass Amherst,energy,297.0
2016-01-03 05:00:00,2,Mouse_health_Estela,Morrill,science,UMass Amherst,energy,305.0
2016-01-03 06:00:00,2,Mouse_health_Estela,Morrill,science,UMass Amherst,energy,300.0
2016-01-03 07:00:00,2,Mouse_health_Estela,Morrill,science,UMass Amherst,energy,299.0
2016-01-03 08:00:00,2,Mouse_health_Estela,Morrill,science,UMass Amherst,energy,299.0
2016-01-03 09:00:00,2,Mouse_health_Estela,Morrill,science,UMass Amherst,energy,303.0
2016-01-03 10:00:00,2,Mouse_health_Estela,Morrill,science,UMass Amherst,energy,309.0
2016-01-03 11:00:00,2,Mouse_health_Estela,Morrill,science,UMass Amherst,energy,315.0
2016-01-03 12:00:00,2,Mouse_health_Estela,Morrill,science,UMass Amherst,energy,314.0
2016-01-03 13:00:00,2,Mouse_health_Estela,Morrill,science,UMass Amherst,energy,322.0
2016-01-03 14:00:00,2,Mouse_health_Estela,Morrill,science,UMass Amherst,energy,325.0
2016-01-03 15:00:00,2,Mouse_health_Estela,Morrill,science,UMass Amherst,energy,314.0
2016-01-03 16:00:00,2,Mouse_health_Estela,Morrill,science,UMass Amherst,energy,319.0
2016-01-03 17:00:00,2,Mouse_health_Estela,Morrill,science,UMass Amherst,energy,313.0
2016-01-03 18:00:00,2,Mouse_health_Estela,Morrill,science,UMass Amherst,energy,318.0
2016-01-03 19:00:00,2,Mouse_health_Estela,Morrill,science,UMass Amherst,energy,313.0
2016-01-03 20:00:00,2,Mouse_health_Estela,Morrill,science,UMass Amherst,energy,310.0
2016-01-03 21:00:00,2,Mouse_health_Estela,Morrill,science,UMass Amherst,energy,309.0
2016-01-03 22:00:00,2,Mouse_health_Estela,Morrill,science,UMass Amherst,energy,305.0
2016-01-03 23:00:00,2,Mouse_health_Estela,Morrill,science,UMass Amherst,energy,302.0
2016-01-04 00:00:00,2,Mouse_health_Estela,Morrill,science,UMass Amherst,energy,294.0
2016-01-04 01:00:00,2,Mouse_health_Estela,Morrill,science,UMass Amherst,energy,288.0
2016-01-04 02:00:00,2,Mouse_health_Estela,Morrill,science,UMass Amherst,energy,286.0
2016-01-04 03:00:00,2,Mouse_health_Estela,Morrill,science,UMass Amherst,energy,279.0
2016-01-04 04:00:00,2,Mouse_health_Estela,Morrill,science,UMass Amherst,energy,278.0
2016-01-04 05:00:00,2,Mouse_health_Estela,Morrill,science,UMass Amherst,energy,279.0
2016-01-04 06:00:00,2,Mouse_health_Estela,Morrill,science,UMass Amherst,energy,280.0
2016-01-04 07:00:00,2,Mouse_health_Estela,Morrill,science,UMass Amherst,energy,292.0
2016-01-04 08:00:00,2,Mouse_health_Estela,Morrill,science,UMass Amherst,energy,338.0
2016-01-04 09:00:00,2,Mouse_health_Estela,Morrill,science,UMass Amherst,energy,422.0
2016-01-04 10:00:00,2,Mouse_health_Estela,Morrill,science,UMass Amherst,energy,486.0
2016-01-04 11:00:00,2,Mouse_health_Estela,Morrill,science,UMass Amherst,energy,485.0
2016-01-04 12:00:00,2,Mouse_health_Estela,Morrill,science,UMass Amherst,energy,492.0
2016-01-04 13:00:00,2,Mouse_health_Estela,Morrill,science,UMass Amherst,energy,501.0
2016-01-04 14:00:00,2,Mouse_health_Estela,Morrill,science,UMass Amherst,energy,477.0
2016-01-04 15:00:00,2,Mouse_health_Estela,Morrill,science,UMass Amherst,energy,492.0
2016-01-04 16:00:00,2,Mouse_health_Estela,Morrill,science,UMass Amherst,energy,485.0
2016-01-04 17:00:00,2,Mouse_health_Estela,Morrill,science,UMass Amherst,energy,479.0
2016-01-04 18:00:00,2,Mouse_health_Estela,Morrill,science,UMass Amherst,energy,450.0
2016-01-04 19:00:00,2,Mouse_health_Estela,Morrill,science,UMass Amherst,energy,402.0
2016-01-04 20:00:00,2,Mouse_health_Estela,Morrill,science,UMass Amherst,energy,350.0
2016-01-04 21:00:00,2,Mouse_health_Estela,Morrill,science,UMass Amherst,energy,326.0
2016-01-04 22:00:00,2,Mouse_health_Estela,Morrill,science,UMass Amherst,energy,311.0
2016-01-04 23:00:00,2,Mouse_health_Estela,Morrill,science,UMass Amherst,energy,302.0
2016-01-05 00:00:00,2,Mouse_health_Estela,Morrill,science,UMass Amherst,energy,293.0
2016-01-05 01:00:00,2,Mouse_health_Estela,Morrill,science,UMass Amherst,energy,289.0
2016-01-05 02:00:00,2,Mouse_health_Estela,Morrill,science,UMass Amherst,energy,288.0
2016-01-05 03:00:00,2,Mouse_health_Estela,Morrill,science,UMass Amherst,energy,296.0
2016-01-05 04:00:00,2,Mouse_health_Estela,Morrill,science,UMass Amherst,energy,299.0
2016-01-05 05:00:00,2,Mouse_health_Estela,Morrill,science,UMass Amherst,energy,297.0
2016-01-05 06:00:00,2,Mouse_health_Estela,Morrill,science,UMass Amherst,energy,298.0
2016-01-05 07:00:00,2,Mouse_health_Estela,Morrill,science,UMass Amherst,energy,301.0
2016-01-05 08:00:00,2,Mouse_health_Estela,Morrill,science,UMass Amherst,energy,339.0
2016-01-05 09:00:00,2,Mouse_health_Estela,Morrill,science,UMass Amherst,energy,452.0
2016-01-05 10:00:00,2,Mouse_health_Estela,Morrill,science,UMass Amherst,energy,508.0
2016-01-05 11:00:00,2,Mouse_health_Estela,Morrill,science,UMass Amherst,energy,528.0
2016-01-05 12:00:00,2,Mouse_health_Estela,Morrill,science,UMass Amherst,energy,532.0
2016-01-05 13:00:00,2,Mouse_health_Estela,Morrill,science,UMass Amherst,energy,542.0
2016-01-05 14:00:00,2,Mouse_health_Estela,Morrill,science,UMass Amherst,energy,519.0
2016-01-05 15:00:00,2,Mouse_health_Estela,Morrill,science,UMass Amherst,energy,524.0
2016-01-05 16:00:00,2,Mouse_health_Estela,Morrill,science,UMass Amherst,energy,522.0
2016-01-05 17:00:00,2,Mouse_health_Estela,Morrill,science,UMass Amherst,energy,495.0
2016-01-05 18:00:00,2,Mouse_health_Estela,Morrill,science,UMass Amherst,energy,466.0
2016-01-05 19:00:00,2,Mouse_health_Estela,Morrill,science,UMass Amherst,energy,411.0
2016-01-05 20:00:00,2,Mouse_health_Estela,Morrill,science,UMass Amherst,energy,372.0
2016-01-05 21:00:00,2,Mouse_health_Estela,Morrill,science,UMass Amherst,energy,330.0
2016-01-05 22:00:00,2,Mouse_health_Estela,Morrill,science,UMass Amherst,energy,312.0
2016-01-05 23:00:00,2,Mouse_health_Estela,Morrill,science,UMass Amherst,energy,301.0
2016-01-06 00:00:00,2,Mouse_health_Estela,Morrill,science,UMass Amherst,energy,343.6028
2016-01-06 01:00:00,2,Mouse_health_Estela,Morrill,science,UMass Amherst,energy,395.2055
2016-01-06 02:00:00,2,Mouse_health_Estela,Morrill,science,UMass Amherst,energy,395.2055
2016-01-06 03:00:00,2,Mouse_health_Estela,Morrill,science,UMass Amherst,energy,395.2055
2016-01-06 04:00:00,2,Mouse_health_Estela,Morrill,science,UMass Amherst,energy,395.2055
2016-01-06 05:00:00,2,Mouse_health_Estela,Morrill,science,UMass Amherst,energy,395.2055
2016-01-06 06:00:00,2,Mouse_health_Estela,Morrill,science,UMass Amherst,energy,395.2055
2016-01-06 07:00:00,2,Mouse_health_Estela,Morrill,science,UMass Amherst,energy,395.2055
2016-01-06 08:00:00,2,Mouse_health_Estela,Morrill,science,UMass Amherst,energy,395.2055
2016-01-06 09:00:00,2,Mouse_health_Estela,Morrill,science,UMass Amherst,energy,395.2055
2016-01-06 10:00:00,2,Mouse_health_Estela,Morrill,science,UMass Amherst,energy,395.2055
2016-01-06 11:00:00,2,Mouse_health_Estela,Morrill,science,UMass Amherst,energy,395.2055
2016-01-06 12:00:00,2,Mouse_health_Estela,Morrill,science,UMass Amherst,energy,395.2055
2016-01-06 13:00:00,2,Mouse_health_Estela,Morrill,science,UMass Amherst,energy,395.2055
2016-01-06 14:00:00,2,Mouse_health_Estela,Morrill,science,UMass Amherst,energy,395.2055
2016-01-06 15:00:00,2,Mouse_health_Estela,Morrill,science,UMass Amherst,energy,395.2055
2016-01-06 16:00:00,2,Mouse_health_Estela,Morrill,science,UMass Amherst,energy,395.2055
2016-01-06 17:00:00,2,Mouse_health_Estela,Morrill,science,UMass Amherst,energy,395.2055
2016-01-06 18:00:00,2,Mouse_health_Estela,Morrill,science,UMass Amherst,energy,395.2055
2016-01-06 19:00:00,2,Mouse_health_Estela,Morrill,science,UMass Amherst,energy,395.2055
2016-01-06 20:00:00,2,Mouse_health_Estela,Morrill,science,UMass Amherst,energy,395.2055
2016-01-06 21:00:00,2,Mouse_health_Estela,Morrill,science,UMass Amherst,energy,395.2055
2016-01-06 22:00:00,2,Mouse_health_Estela,Morrill,science,UMass Amherst,energy,395.2055
2016-01-06 23:00:00,2,Mouse_health_Estela,Morrill,science,UMass Amherst,energy,395.2055
2016-01-07 00:00:00,2,Mouse_health_Estela,Morrill,science,UMass Amherst,energy,395.2055
2016-01-07 01:00:00,2,Mouse_health_Estela,Morrill,science,UMass Amherst,energy,395.2055
2016-01-07 02:00:00,2,Mouse_health_Estela,Morrill,science,UMass Amherst,energy,395.2055
2016-01-07 03:00:00,2,Mouse_health_Estela,Morrill,science,UMass Amherst,energy,395.2055
2016-01-07 04:00:00,2,Mouse_health_Estela,Morrill,science,UMass Amherst,energy,395.2055
2016-01-07 05:00:00,2,Mouse_health_Estela,Morrill,science,UMass Amherst,energy,395.2055
2016-01-07 06:00:00,2,Mouse_health_Estela,Morrill,science,UMass Amherst,energy,395.2055
2016-01-07 07:00:00,2,Mouse_health_Estela,Morrill,science,UMass Amherst,energy,395.2055
2016-01-07 08:00:00,2,Mouse_health_Estela,Morrill,science,UMass Amherst,energy,395.2055
2016-01-07 09:00:00,2,Mouse_health_Estela,Morrill,science,UMass Amherst,energy,395.2055
2016-01-07 10:00:00,2,Mouse_health_Estela,Morrill,science,UMass Amherst,energy,395.2055
2016-01-07 11:00:00,2,Mouse_health_Estela,Morrill,science,UMass Amherst,energy,395.2055
2016-01-07 12:00:00,2,Mouse_health_Estela,Morrill,science,UMass Amherst,energy,395.2055
2016-01-07 13:00:00,2,Mouse_health_Estela,Morrill,science,UMass Amherst,energy,395.2055
2016-01-07 14:00:00,2,Mouse_health_Estela,Morrill,science,UMass Amherst,energy,395.2055
2016-01-07 15:00:00,2,Mouse_health_Estela,Morrill,science,UMass Amherst,energy,395.2055
2016-01-07 16:00:00,2,Mouse_health_Estela,Morrill,science,UMass Amherst,energy,395.2055
2016-01-07 17:00:00,2,Mouse_health_Estela,Morrill,science,UMass Amherst,energy,395.2055
2016-01-07 18:00:00,2,Mouse_health_Estela,Morrill,science,UMass Amherst,energy,395.2055
2016-01-07 19:00:00,2,Mouse_health_Estela,Morrill,science,UMass Amherst,energy,395.2055
2016-01-07 20:00:00,2,Mouse_health_Estela,Morrill,science,UMass Amherst,energy,395.2055
2016-01-07 21:00:00,2,Mouse_health_Estela,Morrill,science,UMass Amherst,energy,395.2055
2016-01-07 22:00:00,2,Mouse_health_Estela,Morrill,science,UMass Amherst,energy,395.2055
2016-01-07 23:00:00,2,Mouse_health_Estela,Morrill,science,UMass Amherst,energy,395.2055
2016-01-08 00:00:00,2,Mouse_health_Estela,Morrill,science,UMass Amherst,energy,395.2055
2016-01-08 01:00:00,2,Mouse_health_Estela,Morrill,science,UMass Amherst,energy,395.2055
2016-01-08 02:00:00,2,Mouse_health_Estela,Morrill,science,UMass Amherst,energy,395.2055
2016-01-08 03:00:00,2,Mouse_health_Estela,Morrill,science,UMass Amherst,energy,395.2055
2016-01-08 04:00:00,2,Mouse_health_Estela,Morrill,science,UMass Amherst,energy,395.2055
2016-01-08 05:00:00,2,Mouse_health_Estela,Morrill,science,UMass Amherst,energy,395.2055
2016-01-08 06:00:00,2,Mouse_health_Estela,Morrill,science,UMass Amherst,energy,395.2055
2016-01-08 07:00:00,2,Mouse_health_Estela,Morrill,science,UMass Amherst,energy,395.2055
2016-01-08 08:00:00,2,Mouse_health_Estela,Morrill,science,UMass Amherst,energy,395.2055
2016-01-08 09:00:00,2,Mouse_health_Estela,Morrill,science,UMass Amherst,energy,395.2055
2016-01-08 10:00:00,2,Mouse_health_Estela,Morrill,science,UMass Amherst,energy,395.2055
2016-01-08 11:00:00,2,Mouse_health_Estela,Morrill,science,UMass Amherst,energy,395.2055
2016-01-08 12:00:00,2,Mouse_health_Estela,Morrill,science,UMass Amherst,energy,395.2055
2016-01-08 13:00:00,2,Mouse_health_Estela,Morrill,science,UMass Amherst,energy,395.2055
2016-01-08 14:00:00,2,Mouse_health_Estela,Morrill,science,UMass Amherst,energy,395.2055
2016-01-08 15:00:00,2,Mouse_health_Estela,Morrill,science,UMass Amherst,energy,395.2055
2016-01-08 16:00:00,2,Mouse_health_Estela,Morrill,science,UMass Amherst,energy,395.2055
2016-01-08 17:00:00,2,Mouse_health_Estela,Morrill,science,UMass Amherst,energy,395.2055
2016-01-08 18:00:00,2,Mouse_health_Estela,Morrill,science,UMass Amherst,energy,395.2055
2016-01-08 19:00:00,2,Mouse_health_Estela,Morrill,science,UMass Amherst,energy,395.2055
2016-01-08 20:00:00,2,Mouse_health_Estela,Morrill,science,UMass Amherst,energy,395.2055
2016-01-08 21:00:00,2,Mouse_health_Estela,Morrill,science,UMass Amherst,energy,395.2055
2016-01-08 22:00:00,2,Mouse_health_Estela,Morrill,science,UMass Amherst,energy,395.2055
2016-01-08 23:00:00,2,Mouse_health_Estela,Morrill,science,UMass Amherst,energy,395.2055
2016-01-09 00:00:00,2,Mouse_health_Estela,Morrill,science,UMass Amherst,energy,395.2055
2016-01-09 01:00:00,2,Mouse_health_Estela,Morrill,science,UMass Amherst,energy,395.2055
2016-01-09 02:00:00,2,Mouse_health_Estela,Morrill,science,UMass Amherst,energy,395.2055
2016-01-09 03:00:00,2,Mouse_health_Estela,Morrill,science,UMass Amherst,energy,395.2055
2016-01-09 04:00:00,2,Mouse_health_Estela,Morrill,science,UMass Amherst,energy,395.2055
2016-01-09 05:00:00,2,Mouse_health_Estela,Morrill,science,UMass Amherst,energy,395.2055
2016-01-09 06:00:00,2,Mouse_health_Estela,Morrill,science,UMass Amherst,energy,395.2055
2016-01-09 07:00:00,2,Mouse_health_Estela,Morrill,science,UMass Amherst,energy,395.2055
2016-01-09 08:00:00,2,Mouse_health_Estela,Morrill,science,UMass Amherst,energy,395.2055
2016-01-09 09:00:00,2,Mouse_health_Estela,Morrill,science,UMass Amherst,energy,395.2055
2016-01-09 10:00:00,2,Mouse_health_Estela,Morrill,science,UMass Amherst,energy,395.2055
2016-01-09 11:00:00,2,Mouse_health_Estela,Morrill,science,UMass Amherst,energy,395.2055
2016-01-09 12:00:00,2,Mouse_health_Estela,Morrill,science,UMass Amherst,energy,395.2055
2016-01-09 13:00:00,2,Mouse_health_Estela,Morrill,science,UMass Amherst,energy,395.2055
2016-01-09 14:00:00,2,Mouse_health_Estela,Morrill,science,UMass Amherst,energy,395.2055
2016-01-09 15:00:00,2,Mouse_health_Estela,Morrill,science,UMass Amherst,energy,395.2055
2016-01-09 16:00:00,2,Mouse_health_Estela,Morrill,science,UMass Amherst,energy,395.2055
2016-01-09 17:00:00,2,Mouse_health_Estela,Morrill,science,UMass Amherst,energy,395.2055
2016-01-09 18:00:00,2,Mouse_health_Estela,Morrill,science,UMass Amherst,energy,395.2055
2016-01-09 19:00:00,2,Mouse_health_Estela,Morrill,science,UMass Amherst,energy,395.2055
2016-01-09 20:00:00,2,Mouse_health_Estela,Morrill,science,UMass Amherst,energy,395.2055
2016-01-09 21:00:00,2,Mouse_health_Estela,Morrill,science,UMass Amherst,energy,395.2055
2016-01-09 22:00:00,2,Mouse_health_Estela,Morrill,science,UMass Amherst,energy,395.2055
2016-01-09 23:00:00,2,Mouse_health_Estela,Morrill,science,UMass Amherst,energy,395.2055
2016-01-10 00:00:00,2,Mouse_health_Estela,Morrill,science,UMass Amherst,energy,395.2055
2016-01-10 01:00:00,2,Mouse_health_Estela,Morrill,science,UMass Amherst,energy,395.2055
2016-01-10 02:00:00,2,Mouse_health_Estela,Morrill,science,UMass Amherst,energy,395.2055
2016-01-10 03:00:00,2,Mouse_health_Estela,Morrill,science,UMass Amherst,energy,395.2055
2016-01-10 04:00:00,2,Mouse_health_Estela,Morrill,science,UMass Amherst,energy,395.2055
2016-01-10 05:00:00,2,Mouse_health_Estela,Morrill,science,UMass Amherst,energy,395.2055
2016-01-10 06:00:00,2,Mouse_health_Estela,Morrill,science,UMass Amherst,energy,395.2055
2016-01-10 07:00:00,2,Mouse_health_Estela,Morrill,science,UMass Amherst,energy,395.2055
2016-01-10 08:00:00,2,Mouse_health_Estela,Morrill,science,UMass Amherst,energy,395.2055
2016-01-10 09:00:00,2,Mouse_health_Estela,Morrill,science,UMass Amherst,energy,395.2055
2016-01-10 10:00:00,2,Mouse_health_Estela,Morrill,science,UMass Amherst,energy,395.2055
2016-01-10 11:00:00,2,Mouse_health_Estela,Morrill,science,UMass Amherst,energy,395.2055
2016-01-10 12:00:00,2,Mouse_health_Estela,Morrill,science,UMass Amherst,energy,395.2055
2016-01-10 13:00:00,2,Mouse_health_Estela,Morrill,science,UMass Amherst,energy,395.2055
2016-01-10 14:00:00,2,Mouse_health_Estela,Morrill,science,UMass Amherst,energy,395.2055
2016-01-10 15:00:00,2,Mouse_health_Estela,Morrill,science,UMass Amherst,energy,395.2055
2016-01-10 16:00:00,2,Mouse_health_Estela,Morrill,science,UMass Amherst,energy,395.2055
2016-01-10 17:00:00,2,Mouse_health_Estela,Morrill,science,UMass Amherst,energy,395.2055
2016-01-10 18:00:00,2,Mouse_health_Estela,Morrill,science,UMass Amherst,energy,395.2055
2016-01-10 19:00:00,2,Mouse_health_Estela,Morrill,science,UMass Amherst,energy,395.2055
2016-01-10 20:00:00,2,Mouse_health_Estela,Morrill,science,UMass Amherst,energy,395.2055
2016-01-10 21:00:00,2,Mouse_health_Estela,Morrill,science,UMass Amherst,energy,395.2055
2016-01-10 22:00:00,2,Mouse_health_Estela,Morrill,science,UMass Amherst,energy,395.2055
2016-01-10 23:00:00,2,Mouse_health_Estela,Morrill,science,UMass Amherst,energy,395.2055
2016-01-11 00:00:00,2,Mouse_health_Estela,Morrill,science,UMass Amherst,energy,395.2055
2016-01-11 01:00:00,2,Mouse_health_Estela,Morrill,science,UMass Amherst,energy,395.2055
2016-01-11 02:00:00,2,Mouse_health_Estela,Morrill,science,UMass Amherst,energy,395.2055
2016-01-11 03:00:00,2,Mouse_health_Estela,Morrill,science,UMass Amherst,energy,395.2055
2016-01-11 04:00:00,2,Mouse_health_Estela,Morrill,science,UMass Amherst,energy,395.2055
2016-01-11 05:00:00,2,Mouse_health_Estela,Morrill,science,UMass Amherst,energy,395.2055
2016-01-11 06:00:00,2,Mouse_health_Estela,Morrill,science,UMass Amherst,energy,395.2055
2016-01-11 07:00:00,2,Mouse_health_Estela,Morrill,science,UMass Amherst,energy,395.2055
2016-01-11 08:00:00,2,Mouse_health_Estela,Morrill,science,UMass Amherst,energy,395.2055
2016-01-11 09:00:00,2,Mouse_health_Estela,Morrill,science,UMass Amherst,energy,395.2055
2016-01-11 10:00:00,2,Mouse_health_Estela,Morrill,science,UMass Amherst,energy,395.2055
2016-01-11 11:00:00,2,Mouse_health_Estela,Morrill,science,UMass Amherst,energy,395.2055
2016-01-11 12:00:00,2,Mouse_health_Estela,Morrill,science,UMass Amherst,energy,395.2055
2016-01-11 13:00:00,2,Mouse_health_Estela,Morrill,science,UMass Amherst,energy,395.2055
2016-01-11 14:00:00,2,Mouse_health_Estela,Morrill,science,UMass Amherst,energy,395.2055
2016-01-11 15:00:00,2,Mouse_health_Estela,Morrill,science,UMass Amherst,energy,395.2055
2016-01-11 16:00:00,2,Mouse_health_Estela,Morrill,science,UMass Amherst,energy,395.2055
2016-01-11 17:00:00,2,Mouse_health_Estela,Morrill,science,UMass Amherst,energy,395.2055
2016-01-11 18:00:00,2,Mouse_health_Estela,Morrill,science,UMass Amherst,energy,395.2055
2016-01-11 19:00:00,2,Mouse_health_Estela,Morrill,science,UMass Amherst,energy,395.2055
2016-01-11 20:00:00,2,Mouse_health_Estela,Morrill,science,UMass Amherst,energy,395.2055
2016-01-11 21:00:00,2,Mouse_health_Estela,Morrill,science,UMass Amherst,energy,395.2055
2016-01-11 22:00:00,2,Mouse_health_Estela,Morrill,science,UMass Amherst,energy,395.2055
2016-01-11 23:00:00,2,Mouse_health_Estela,Morrill,science,UMass Amherst,energy,395.2055
2016-01-12 00:00:00,2,Mouse_health_Estela,Morrill,science,UMass Amherst,energy,395.2055
2016-01-12 01:00:00,2,Mouse_health_Estela,Morrill,science,UMass Amherst,energy,395.2055
2016-01-12 02:00:00,2,Mouse_health_Estela,Morrill,science,UMass Amherst,energy,395.2055
2016-01-12 03:00:00,2,Mouse_health_Estela,Morrill,science,UMass Amherst,energy,395.2055
2016-01-12 04:00:00,2,Mouse_health_Estela,Morrill,science,UMass Amherst,energy,395.2055
2016-01-12 05:00:00,2,Mouse_health_Estela,Morrill,science,UMass Amherst,energy,395.2055
2016-01-12 06:00:00,2,Mouse_health_Estela,Morrill,science,UMass Amherst,energy,395.2055
2016-01-12 07:00:00,2,Mouse_health_Estela,Morrill,science,UMass Amherst,energy,395.2055
2016-01-12 08:00:00,2,Mouse_health_Estela,Morrill,science,UMass Amherst,energy,395.2055
2016-01-12 09:00:00,2,Mouse_health_Estela,Morrill,science,UMass Amherst,energy,395.2055
2016-01-12 10:00:00,2,Mouse_health_Estela,Morrill,science,UMass Amherst,energy,395.2055
2016-01-12 11:00:00,2,Mouse_health_Estela,Morrill,science,UMass Amherst,energy,395.2055
2016-01-12 12:00:00,2,Mouse_health_Estela,Morrill,science,UMass Amherst,energy,395.2055
2016-01-12 13:00:00,2,Mouse_health_Estela,Morrill,science,UMass Amherst,energy,395.2055
2016-01-12 14:00:00,2,Mouse_health_Estela,Morrill,science,UMass Amherst,energy,395.2055
2016-01-12 15:00:00,2,Mouse_health_Estela,Morrill,science,UMass Amherst,energy,395.2055
2016-01-12 16:00:00,2,Mouse_health_Estela,Morrill,science,UMass Amherst,energy,395.2055
2016-01-12 17:00:00,2,Mouse_health_Estela,Morrill,science,UMass Amherst,energy,395.2055
2016-01-12 18:00:00,2,Mouse_health_Estela,Morrill,science,UMass Amherst,energy,395.2055
2016-01-12 19:00:00,2,Mouse_health_Estela,Morrill,science,UMass Amherst,energy,395.2055
2016-01-12 20:00:00,2,Mouse_health_Estela,Morrill,science,UMass Amherst,energy,395.2055
2016-01-12 21:00:00,2,Mouse_health_Estela,Morrill,science,UMass Amherst,energy,395.2055
2016-01-12 22:00:00,2,Mouse_health_Estela,Morrill,science,UMass Amherst,energy,395.2055
2016-01-12 23:00:00,2,Mouse_health_Estela,Morrill,science,UMass Amherst,energy,395.2055
2016-01-13 00:00:00,2,Mouse_health_Estela,Morrill,science,UMass Amherst,energy,395.2055
2016-01-13 01:00:00,2,Mouse_health_Estela,Morrill,science,UMass Amherst,energy,395.2055
2016-01-13 02:00:00,2,Mouse_health_Estela,Morrill,science,UMass Amherst,energy,395.2055
2016-01-13 03:00:00,2,Mouse_health_Estela,Morrill,science,UMass Amherst,energy,395.2055
2016-01-13 04:00:00,2,Mouse_health_Estela,Morrill,science,UMass Amherst,energy,395.2055
2016-01-13 05:00:00,2,Mouse_health_Estela,Morrill,science,UMass Amherst,energy,395.2055
2016-01-13 06:00:00,2,Mouse_health_Estela,Morrill,science,UMass Amherst,energy,395.2055
2016-01-13 07:00:00,2,Mouse_health_Estela,Morrill,science,UMass Amherst,energy,395.2055
2016-01-13 08:00:00,2,Mouse_health_Estela,Morrill,science,UMass Amherst,energy,395.2055
2016-01-13 09:00:00,2,Mouse_health_Estela,Morrill,science,UMass Amherst,energy,395.2055
2016-01-13 10:00:00,2,Mouse_health_Estela,Morrill,science,UMass Amherst,energy,395.2055
2016-01-13 11:00:00,2,Mouse_health_Estela,Morrill,science,UMass Amherst,energy,395.2055
2016-01-13 12:00:00,2,Mouse_health_Estela,Morrill,science,UMass Amherst,energy,395.2055
2016-01-13 13:00:00,2,Mouse_health_Estela,Morrill,science,UMass Amherst,energy,395.2055
2016-01-13 14:00:00,2,Mouse_health_Estela,Morrill,science,UMass Amherst,energy,395.2055
2016-01-13 15:00:00,2,Mouse_health_Estela,Morrill,science,UMass Amherst,energy,395.2055
2016-01-13 16:00:00,2,Mouse_health_Estela,Morrill,science,UMass Amherst,energy,395.2055
2016-01-13 17:00:00,2,Mouse_health_Estela,Morrill,science,UMass Amherst,energy,395.2055
2016-01-13 18:00:00,2,Mouse_health_Estela,Morrill,science,UMass Amherst,energy,395.2055
2016-01-13 19:00:00,2,Mouse_health_Estela,Morrill,science,UMass Amherst,energy,395.2055
2016-01-13 20:00:00,2,Mouse_health_Estela,Morrill,science,UMass Amherst,energy,395.2055
2016-01-13 21:00:00,2,Mouse_health_Estela,Morrill,science,UMass Amherst,energy,395.2055
2016-01-13 22:00:00,2,Mouse_health_Estela,Morrill,science,UMass Amherst,energy,395.2055
2016-01-13 23:00:00,2,Mouse_health_Estela,Morrill,science,UMass Amherst,energy,395.2055
2016-01-14 00:00:00,2,Mouse_health_Estela,Morrill,science,UMass Amherst,energy,395.2055
2016-01-14 01:00:00,2,Mouse_health_Estela,Morrill,science,UMass Amherst,energy,395.2055
2016-01-14 02:00:00,2,Mouse_health_Estela,Morrill,science,UMass Amherst,energy,395.2055
2016-01-14 03:00:00,2,Mouse_health_Estela,Morrill,science,UMass Amherst,energy,395.2055
2016-01-14 04:00:00,2,Mouse_health_Estela,Morrill,science,UMass Amherst,energy,395.2055
2016-01-14 05:00:00,2,Mouse_health_Estela,Morrill,science,UMass Amherst,energy,395.2055
2016-01-14 06:00:00,2,Mouse_health_Estela,Morrill,science,UMass Amherst,energy,395.2055
2016-01-14 07:00:00,2,Mouse_health_Estela,Morrill,science,UMass Amherst,energy,395.2055
2016-01-14 08:00:00,2,Mouse_health_Estela,Morrill,science,UMass Amherst,energy,395.2055
2016-01-14 09:00:00,2,Mouse_health_Estela,Morrill,science,UMass Amherst,energy,395.2055
2016-01-14 10:00:00,2,Mouse_health_Estela,Morrill,science,UMass Amherst,energy,395.2055
2016-01-14 11:00:00,2,Mouse_health_Estela,Morrill,science,UMass Amherst,energy,395.2055
2016-01-14 12:00:00,2,Mouse_health_Estela,Morrill,science,UMass Amherst,energy,395.2055
2016-01-14 13:00:00,2,Mouse_health_Estela,Morrill,science,UMass Amherst,energy,395.2055
2016-01-14 14:00:00,2,Mouse_health_Estela,Morrill,science,UMass Amherst,energy,395.2055
2016-01-14 15:00:00,2,Mouse_health_Estela,Morrill,science,UMass Amherst,energy,395.2055
2016-01-14 16:00:00,2,Mouse_health_Estela,Morrill,science,UMass Amherst,energy,395.2055
2016-01-14 17:00:00,2,Mouse_health_Estela,Morrill,science,UMass Amherst,energy,395.2055
2016-01-14 18:00:00,2,Mouse_health_Estela,Morrill,science,UMass Amherst,energy,395.2055
2016-01-14 19:00:00,2,Mouse_health_Estela,Morrill,science,UMass Amherst,energy,395.2055
2016-01-14 20:00:00,2,Mouse_health_Estela,Morrill,science,UMass Amherst,energy,395.2055
2016-01-14 21:00:00,2,Mouse_health_Estela,Morrill,science,UMass Amherst,energy,395.2055
2016-01-14 22:00:00,2,Mouse_health_Estela,Morrill,science,UMass Amherst,energy,395.2055
2016-01-14 23:00:00,2,Mouse_health_Estela,Morrill,science,UMass Amherst,energy,395.2055
2016-01-15 00:00:00,2,Mouse_health_Estela,Morrill,science,UMass Amherst,energy,366.6028
2016-01-15 01:00:00,2,Mouse_health_Estela,Morrill,science,UMass Amherst,energy,361.6028
2016-01-15 02:00:00,2,Mouse_health_Estela,Morrill,science,UMass Amherst,energy,325.0
2016-01-15 03:00:00,2,Mouse_health_Estela,Morrill,science,UMass Amherst,energy,321.0
2016-01-15 04:00:00,2,Mouse_health_Estela,Morrill,science,UMass Amherst,energy,320.0
2016-01-15 05:00:00,2,Mouse_health_Estela,Morrill,science,UMass Amherst,energy,317.0
2016-01-15 06:00:00,2,Mouse_health_Estela,Morrill,science,UMass Amherst,energy,324.0
2016-01-15 07:00:00,2,Mouse_health_Estela,Morrill,science,UMass Amherst,energy,329.0
2016-01-15 08:00:00,2,Mouse_health_Estela,Morrill,science,UMass Amherst,energy,374.0
2016-01-15 09:00:00,2,Mouse_health_Estela,Morrill,science,UMass Amherst,energy,471.0
2016-01-15 10:00:00,2,Mouse_health_Estela,Morrill,science,UMass Amherst,energy,573.0
2016-01-15 11:00:00,2,Mouse_health_Estela,Morrill,science,UMass Amherst,energy,565.0
2016-01-15 12:00:00,2,Mouse_health_Estela,Morrill,science,UMass Amherst,energy,588.0
2016-01-15 13:00:00,2,Mouse_health_Estela,Morrill,science,UMass Amherst,energy,594.0
2016-01-15 14:00:00,2,Mouse_health_Estela,Morrill,science,UMass Amherst,energy,583.0
2016-01-15 15:00:00,2,Mouse_health_Estela,Morrill,science,UMass Amherst,energy,585.0
2016-01-15 16:00:00,2,Mouse_health_Estela,Morrill,science,UMass Amherst,energy,575.0
2016-01-15 17:00:00,2,Mouse_health_Estela,Morrill,science,UMass Amherst,energy,560.0
2016-01-15 18:00:00,2,Mouse_health_Estela,Morrill,science,UMass Amherst,energy,509.0
2016-01-15 19:00:00,2,Mouse_health_Estela,Morrill,science,UMass Amherst,energy,455.0
2016-01-15 20:00:00,2,Mouse_health_Estela,Morrill,science,UMass Amherst,energy,414.0
2016-01-15 21:00:00,2,Mouse_health_Estela,Morrill,science,UMass Amherst,energy,387.0
2016-01-15 22:00:00,2,Mouse_health_Estela,Morrill,science,UMass Amherst,energy,360.0
2016-01-15 23:00:00,2,Mouse_health_Estela,Morrill,science,UMass Amherst,energy,346.0
2016-01-16 00:00:00,2,Mouse_health_Estela,Morrill,science,UMass Amherst,energy,336.0
2016-01-16 01:00:00,2,Mouse_health_Estela,Morrill,science,UMass Amherst,energy,330.0
2016-01-16 02:00:00,2,Mouse_health_Estela,Morrill,science,UMass Amherst,energy,332.0
2016-01-16 03:00:00,2,Mouse_health_Estela,Morrill,science,UMass Amherst,energy,327.0
2016-01-16 04:00:00,2,Mouse_health_Estela,Morrill,science,UMass Amherst,energy,326.0
2016-01-16 05:00:00,2,Mouse_health_Estela,Morrill,science,UMass Amherst,energy,329.0
2016-01-16 06:00:00,2,Mouse_health_Estela,Morrill,science,UMass Amherst,energy,328.0
2016-01-16 07:00:00,2,Mouse_health_Estela,Morrill,science,UMass Amherst,energy,333.0
2016-01-16 08:00:00,2,Mouse_health_Estela,Morrill,science,UMass Amherst,energy,366.0
2016-01-16 09:00:00,2,Mouse_health_Estela,Morrill,science,UMass Amherst,energy,408.0
2016-01-16 10:00:00,2,Mouse_health_Estela,Morrill,science,UMass Amherst,energy,402.0
2016-01-16 11:00:00,2,Mouse_health_Estela,Morrill,science,UMass Amherst,energy,417.0
2016-01-16 12:00:00,2,Mouse_health_Estela,Morrill,science,UMass Amherst,energy,412.0
2016-01-16 13:00:00,2,Mouse_health_Estela,Morrill,science,UMass Amherst,energy,419.0
2016-01-16 14:00:00,2,Mouse_health_Estela,Morrill,science,UMass Amherst,energy,413.0
2016-01-16 15:00:00,2,Mouse_health_Estela,Morrill,science,UMass Amherst,energy,383.0
2016-01-16 16:00:00,2,Mouse_health_Estela,Morrill,science,UMass Amherst,energy,379.0
2016-01-16 17:00:00,2,Mouse_health_Estela,Morrill,science,UMass Amherst,energy,373.0
2016-01-16 18:00:00,2,Mouse_health_Estela,Morrill,science,UMass Amherst,energy,375.0
2016-01-16 19:00:00,2,Mouse_health_Estela,Morrill,science,UMass Amherst,energy,376.0
2016-01-16 20:00:00,2,Mouse_health_Estela,Morrill,science,UMass Amherst,energy,357.0
2016-01-16 21:00:00,2,Mouse_health_Estela,Morrill,science,UMass Amherst,energy,355.0
2016-01-16 22:00:00,2,Mouse_health_Estela,Morrill,science,UMass Amherst,energy,353.0
2016-01-16 23:00:00,2,Mouse_health_Estela,Morrill,science,UMass Amherst,energy,352.0
2016-01-17 00:00:00,2,Mouse_health_Estela,Morrill,science,UMass Amherst,energy,356.0
2016-01-17 01:00:00,2,Mouse_health_Estela,Morrill,science,UMass Amherst,energy,382.0
2016-01-17 02:00:00,2,Mouse_health_Estela,Morrill,science,UMass Amherst,energy,356.0
2016-01-17 03:00:00,2,Mouse_health_Estela,Morrill,science,UMass Amherst,energy,349.0
2016-01-17 04:00:00,2,Mouse_health_Estela,Morrill,science,UMass Amherst,energy,352.0
2016-01-17 05:00:00,2,Mouse_health_Estela,Morrill,science,UMass Amherst,energy,355.0
2016-01-17 06:00:00,2,Mouse_health_Estela,Morrill,science,UMass Amherst,energy,351.0
2016-01-17 07:00:00,2,Mouse_health_Estela,Morrill,science,UMass Amherst,energy,352.0
2016-01-17 08:00:00,2,Mouse_health_Estela,Morrill,science,UMass Amherst,energy,365.0
2016-01-17 09:00:00,2,Mouse_health_Estela,Morrill,science,UMass Amherst,energy,377.0
2016-01-17 10:00:00,2,Mouse_health_Estela,Morrill,science,UMass Amherst,energy,387.0
2016-01-17 11:00:00,2,Mouse_health_Estela,Morrill,science,UMass Amherst,energy,416.0
2016-01-17 12:00:00,2,Mouse_health_Estela,Morrill,science,UMass Amherst,energy,413.0
2016-01-17 13:00:00,2,Mouse_health_Estela,Morrill,science,UMass Amherst,energy,447.0
2016-01-17 14:00:00,2,Mouse_health_Estela,Morrill,science,UMass Amherst,energy,395.0
2016-01-17 15:00:00,2,Mouse_health_Estela,Morrill,science,UMass Amherst,energy,401.0
2016-01-17 16:00:00,2,Mouse_health_Estela,Morrill,science,UMass Amherst,energy,378.0
2016-01-17 17:00:00,2,Mouse_health_Estela,Morrill,science,UMass Amherst,energy,366.0
2016-01-17 18:00:00,2,Mouse_health_Estela,Morrill,science,UMass Amherst,energy,364.0
2016-01-17 19:00:00,2,Mouse_health_Estela,Morrill,science,UMass Amherst,energy,365.0
2016-01-17 20:00:00,2,Mouse_health_Estela,Morrill,science,UMass Amherst,energy,361.0
2016-01-17 21:00:00,2,Mouse_health_Estela,Morrill,science,UMass Amherst,energy,353.0
2016-01-17 22:00:00,2,Mouse_health_Estela,Morrill,science,UMass Amherst,energy,351.0
2016-01-17 23:00:00,2,Mouse_health_Estela,Morrill,science,UMass Amherst,energy,354.0
2016-01-18 00:00:00,2,Mouse_health_Estela,Morrill,science,UMass Amherst,energy,342.0
2016-01-18 01:00:00,2,Mouse_health_Estela,Morrill,science,UMass Amherst,energy,329.0
2016-01-18 02:00:00,2,Mouse_health_Estela,Morrill,science,UMass Amherst,energy,340.0
2016-01-18 03:00:00,2,Mouse_health_Estela,Morrill,science,UMass Amherst,energy,342.0
2016-01-18 04:00:00,2,Mouse_health_Estela,Morrill,science,UMass Amherst,energy,340.0
2016-01-18 05:00:00,2,Mouse_health_Estela,Morrill,science,UMass Amherst,energy,340.0
2016-01-18 06:00:00,2,Mouse_health_Estela,Morrill,science,UMass Amherst,energy,342.0
2016-01-18 07:00:00,2,Mouse_health_Estela,Morrill,science,UMass Amherst,energy,343.0
2016-01-18 08:00:00,2,Mouse_health_Estela,Morrill,science,UMass Amherst,energy,383.0
2016-01-18 09:00:00,2,Mouse_health_Estela,Morrill,science,UMass Amherst,energy,485.0
2016-01-18 10:00:00,2,Mouse_health_Estela,Morrill,science,UMass Amherst,energy,570.0
2016-01-18 11:00:00,2,Mouse_health_Estela,Morrill,science,UMass Amherst,energy,581.0
2016-01-18 12:00:00,2,Mouse_health_Estela,Morrill,science,UMass Amherst,energy,573.0
2016-01-18 13:00:00,2,Mouse_health_Estela,Morrill,science,UMass Amherst,energy,570.0
2016-01-18 14:00:00,2,Mouse_health_Estela,Morrill,science,UMass Amherst,energy,569.0
2016-01-18 15:00:00,2,Mouse_health_Estela,Morrill,science,UMass Amherst,energy,570.0
2016-01-18 16:00:00,2,Mouse_health_Estela,Morrill,science,UMass Amherst,energy,561.0
2016-01-18 17:00:00,2,Mouse_health_Estela,Morrill,science,UMass Amherst,energy,553.0
2016-01-18 18:00:00,2,Mouse_health_Estela,Morrill,science,UMass Amherst,energy,514.0
2016-01-18 19:00:00,2,Mouse_health_Estela,Morrill,science,UMass Amherst,energy,453.0
2016-01-18 20:00:00,2,Mouse_health_Estela,Morrill,science,UMass Amherst,energy,395.0
2016-01-18 21:00:00,2,Mouse_health_Estela,Morrill,science,UMass Amherst,energy,376.0
2016-01-18 22:00:00,2,Mouse_health_Estela,Morrill,science,UMass Amherst,energy,367.0
2016-01-18 23:00:00,2,Mouse_health_Estela,Morrill,science,UMass Amherst,energy,357.0
2016-01-19 00:00:00,2,Mouse_health_Estela,Morrill,science,UMass Amherst,energy,334.0
2016-01-19 01:00:00,2,Mouse_health_Estela,Morrill,science,UMass Amherst,energy,344.0
2016-01-19 02:00:00,2,Mouse_health_Estela,Morrill,science,UMass Amherst,energy,341.0
2016-01-19 03:00:00,2,Mouse_health_Estela,Morrill,science,UMass Amherst,energy,339.0
2016-01-19 04:00:00,2,Mouse_health_Estela,Morrill,science,UMass Amherst,energy,335.0
2016-01-19 05:00:00,2,Mouse_health_Estela,Morrill,science,UMass Amherst,energy,336.0
2016-01-19 06:00:00,2,Mouse_health_Estela,Morrill,science,UMass Amherst,energy,335.0
2016-01-19 07:00:00,2,Mouse_health_Estela,Morrill,science,UMass Amherst,energy,349.0
2016-01-19 08:00:00,2,Mouse_health_Estela,Morrill,science,UMass Amherst,energy,407.0
2016-01-19 09:00:00,2,Mouse_health_Estela,Morrill,science,UMass Amherst,energy,563.0
2016-01-19 10:00:00,2,Mouse_health_Estela,Morrill,science,UMass Amherst,energy,598.0
2016-01-19 11:00:00,2,Mouse_health_Estela,Morrill,science,UMass Amherst,energy,594.0
2016-01-19 12:00:00,2,Mouse_health_Estela,Morrill,science,UMass Amherst,energy,581.0
2016-01-19 13:00:00,2,Mouse_health_Estela,Morrill,science,UMass Amherst,energy,588.0
2016-01-19 14:00:00,2,Mouse_health_Estela,Morrill,science,UMass Amherst,energy,585.0
2016-01-19 15:00:00,2,Mouse_health_Estela,Morrill,science,UMass Amherst,energy,584.0
2016-01-19 16:00:00,2,Mouse_health_Estela,Morrill,science,UMass Amherst,energy,590.0
2016-01-19 17:00:00,2,Mouse_health_Estela,Morrill,science,UMass Amherst,energy,558.0
2016-01-19 18:00:00,2,Mouse_health_Estela,Morrill,science,UMass Amherst,energy,525.0
2016-01-19 19:00:00,2,Mouse_health_Estela,Morrill,science,UMass Amherst,energy,463.0
2016-01-19 20:00:00,2,Mouse_health_Estela,Morrill,science,UMass Amherst,energy,409.0
2016-01-19 21:00:00,2,Mouse_health_Estela,Morrill,science,UMass Amherst,energy,379.0
2016-01-19 22:00:00,2,Mouse_health_Estela,Morrill,science,UMass Amherst,energy,361.0
2016-01-19 23:00:00,2,Mouse_health_Estela,Morrill,science,UMass Amherst,energy,348.0
2016-01-20 00:00:00,2,Mouse_health_Estela,Morrill,science,UMass Amherst,energy,335.0
2016-01-20 01:00:00,2,Mouse_health_Estela,Morrill,science,UMass Amherst,energy,341.0
2016-01-20 02:00:00,2,Mouse_health_Estela,Morrill,science,UMass Amherst,energy,341.0
2016-01-20 03:00:00,2,Mouse_health_Estela,Morrill,science,UMass Amherst,energy,337.0
2016-01-20 04:00:00,2,Mouse_health_Estela,Morrill,science,UMass Amherst,energy,326.0
2016-01-20 05:00:00,2,Mouse_health_Estela,Morrill,science,UMass Amherst,energy,332.0
2016-01-20 06:00:00,2,Mouse_health_Estela,Morrill,science,UMass Amherst,energy,331.0
2016-01-20 07:00:00,2,Mouse_health_Estela,Morrill,science,UMass Amherst,energy,342.0
2016-01-20 08:00:00,2,Mouse_health_Estela,Morrill,science,UMass Amherst,energy,395.0
2016-01-20 09:00:00,2,Mouse_health_Estela,Morrill,science,UMass Amherst,energy,548.0
2016-01-20 10:00:00,2,Mouse_health_Estela,Morrill,science,UMass Amherst,energy,598.0
2016-01-20 11:00:00,2,Mouse_health_Estela,Morrill,science,UMass Amherst,energy,599.0
2016-01-20 12:00:00,2,Mouse_health_Estela,Morrill,science,UMass Amherst,energy,606.0
2016-01-20 13:00:00,2,Mouse_health_Estela,Morrill,science,UMass Amherst,energy,586.0
2016-01-20 14:00:00,2,Mouse_health_Estela,Morrill,science,UMass Amherst,energy,587.0
2016-01-20 15:00:00,2,Mouse_health_Estela,Morrill,science,UMass Amherst,energy,587.0
2016-01-20 16:00:00,2,Mouse_health_Estela,Morrill,science,UMass Amherst,energy,592.0
2016-01-20 17:00:00,2,Mouse_health_Estela,Morrill,science,UMass Amherst,energy,562.0
2016-01-20 18:00:00,2,Mouse_health_Estela,Morrill,science,UMass Amherst,energy,531.0
2016-01-20 19:00:00,2,Mouse_health_Estela,Morrill,science,UMass Amherst,energy,478.0
2016-01-20 20:00:00,2,Mouse_health_Estela,Morrill,science,UMass Amherst,energy,409.0
2016-01-20 21:00:00,2,Mouse_health_Estela,Morrill,science,UMass Amherst,energy,379.0
2016-01-20 22:00:00,2,Mouse_health_Estela,Morrill,science,UMass Amherst,energy,364.0
2016-01-20 23:00:00,2,Mouse_health_Estela,Morrill,science,UMass Amherst,energy,353.0
2016-01-21 00:00:00,2,Mouse_health_Estela,Morrill,science,UMass Amherst,energy,331.0
2016-01-21 01:00:00,2,Mouse_health_Estela,Morrill,science,UMass Amherst,energy,333.0
2016-01-21 02:00:00,2,Mouse_health_Estela,Morrill,science,UMass Amherst,energy,335.0
2016-01-21 03:00:00,2,Mouse_health_Estela,Morrill,science,UMass Amherst,energy,332.0
2016-01-21 04:00:00,2,Mouse_health_Estela,Morrill,science,UMass Amherst,energy,332.0
2016-01-21 05:00:00,2,Mouse_health_Estela,Morrill,science,UMass Amherst,energy,334.0
2016-01-21 06:00:00,2,Mouse_health_Estela,Morrill,science,UMass Amherst,energy,335.0
2016-01-21 07:00:00,2,Mouse_health_Estela,Morrill,science,UMass Amherst,energy,347.0
2016-01-21 08:00:00,2,Mouse_health_Estela,Morrill,science,UMass Amherst,energy,386.0
2016-01-21 09:00:00,2,Mouse_health_Estela,Morrill,science,UMass Amherst,energy,538.0
2016-01-21 10:00:00,2,Mouse_health_Estela,Morrill,science,UMass Amherst,energy,594.0
2016-01-21 11:00:00,2,Mouse_health_Estela,Morrill,science,UMass Amherst,energy,590.0
2016-01-21 12:00:00,2,Mouse_health_Estela,Morrill,science,UMass Amherst,energy,593.0
2016-01-21 13:00:00,2,Mouse_health_Estela,Morrill,science,UMass Amherst,energy,598.0
2016-01-21 14:00:00,2,Mouse_health_Estela,Morrill,science,UMass Amherst,energy,591.0
2016-01-21 15:00:00,2,Mouse_health_Estela,Morrill,science,UMass Amherst,energy,585.0
2016-01-21 16:00:00,2,Mouse_health_Estela,Morrill,science,UMass Amherst,energy,558.0
2016-01-21 17:00:00,2,Mouse_health_Estela,Morrill,science,UMass Amherst,energy,546.0
2016-01-21 18:00:00,2,Mouse_health_Estela,Morrill,science,UMass Amherst,energy,514.0
2016-01-21 19:00:00,2,Mouse_health_Estela,Morrill,science,UMass Amherst,energy,444.0
2016-01-21 20:00:00,2,Mouse_health_Estela,Morrill,science,UMass Amherst,energy,402.0
2016-01-21 21:00:00,2,Mouse_health_Estela,Morrill,science,UMass Amherst,energy,372.0
2016-01-21 22:00:00,2,Mouse_health_Estela,Morrill,science,UMass Amherst,energy,351.0
2016-01-21 23:00:00,2,Mouse_health_Estela,Morrill,science,UMass Amherst,energy,344.0
2016-01-22 00:00:00,2,Mouse_health_Estela,Morrill,science,UMass Amherst,energy,321.0
2016-01-22 01:00:00,2,Mouse_health_Estela,Morrill,science,UMass Amherst,energy,319.0
2016-01-22 02:00:00,2,Mouse_health_Estela,Morrill,science,UMass Amherst,energy,320.0
2016-01-22 03:00:00,2,Mouse_health_Estela,Morrill,science,UMass Amherst,energy,314.0
2016-01-22 04:00:00,2,Mouse_health_Estela,Morrill,science,UMass Amherst,energy,315.0
2016-01-22 05:00:00,2,Mouse_health_Estela,Morrill,science,UMass Amherst,energy,318.0
2016-01-22 06:00:00,2,Mouse_health_Estela,Morrill,science,UMass Amherst,energy,314.0
2016-01-22 07:00:00,2,Mouse_health_Estela,Morrill,science,UMass Amherst,energy,324.0
2016-01-22 08:00:00,2,Mouse_health_Estela,Morrill,science,UMass Amherst,energy,376.0
2016-01-22 09:00:00,2,Mouse_health_Estela,Morrill,science,UMass Amherst,energy,467.0
2016-01-22 10:00:00,2,Mouse_health_Estela,Morrill,science,UMass Amherst,energy,545.0
2016-01-22 11:00:00,2,Mouse_health_Estela,Morrill,science,UMass Amherst,energy,543.0
2016-01-22 12:00:00,2,Mouse_health_Estela,Morrill,science,UMass Amherst,energy,543.0
2016-01-22 13:00:00,2,Mouse_health_Estela,Morrill,science,UMass Amherst,energy,535.0
2016-01-22 14:00:00,2,Mouse_health_Estela,Morrill,science,UMass Amherst,energy,528.0
2016-01-22 15:00:00,2,Mouse_health_Estela,Morrill,science,UMass Amherst,energy,541.0
2016-01-22 16:00:00,2,Mouse_health_Estela,Morrill,science,UMass Amherst,energy,531.0
2016-01-22 17:00:00,2,Mouse_health_Estela,Morrill,science,UMass Amherst,energy,504.0
2016-01-22 18:00:00,2,Mouse_health_Estela,Morrill,science,UMass Amherst,energy,469.0
2016-01-22 19:00:00,2,Mouse_health_Estela,Morrill,science,UMass Amherst,energy,414.0
2016-01-22 20:00:00,2,Mouse_health_Estela,Morrill,science,UMass Amherst,energy,395.0
2016-01-22 21:00:00,2,Mouse_health_Estela,Morrill,science,UMass Amherst,energy,351.0
2016-01-22 22:00:00,2,Mouse_health_Estela,Morrill,science,UMass Amherst,energy,341.0
2016-01-22 23:00:00,2,Mouse_health_Estela,Morrill,science,UMass Amherst,energy,322.0
2016-01-23 00:00:00,2,Mouse_health_Estela,Morrill,science,UMass Amherst,energy,308.0
2016-01-23 01:00:00,2,Mouse_health_Estela,Morrill,science,UMass Amherst,energy,319.0
2016-01-23 02:00:00,2,Mouse_health_Estela,Morrill,science,UMass Amherst,energy,319.0
2016-01-23 03:00:00,2,Mouse_health_Estela,Morrill,science,UMass Amherst,energy,321.0
2016-01-23 04:00:00,2,Mouse_health_Estela,Morrill,science,UMass Amherst,energy,313.0
2016-01-23 05:00:00,2,Mouse_health_Estela,Morrill,science,UMass Amherst,energy,318.0
2016-01-23 06:00:00,2,Mouse_health_Estela,Morrill,science,UMass Amherst,energy,316.0
2016-01-23 07:00:00,2,Mouse_health_Estela,Morrill,science,UMass Amherst,energy,317.0
2016-01-23 08:00:00,2,Mouse_health_Estela,Morrill,science,UMass Amherst,energy,344.0
2016-01-23 09:00:00,2,Mouse_health_Estela,Morrill,science,UMass Amherst,energy,375.0
2016-01-23 10:00:00,2,Mouse_health_Estela,Morrill,science,UMass Amherst,energy,388.0
2016-01-23 11:00:00,2,Mouse_health_Estela,Morrill,science,UMass Amherst,energy,395.0
2016-01-23 12:00:00,2,Mouse_health_Estela,Morrill,science,UMass Amherst,energy,390.0
2016-01-23 13:00:00,2,Mouse_health_Estela,Morrill,science,UMass Amherst,energy,380.0
2016-01-23 14:00:00,2,Mouse_health_Estela,Morrill,science,UMass Amherst,energy,399.0
2016-01-23 15:00:00,2,Mouse_health_Estela,Morrill,science,UMass Amherst,energy,377.0
2016-01-23 16:00:00,2,Mouse_health_Estela,Morrill,science,UMass Amherst,energy,365.0
2016-01-23 17:00:00,2,Mouse_health_Estela,Morrill,science,UMass Amherst,energy,365.0
2016-01-23 18:00:00,2,Mouse_health_Estela,Morrill,science,UMass Amherst,energy,347.0
2016-01-23 19:00:00,2,Mouse_health_Estela,Morrill,science,UMass Amherst,energy,334.0
2016-01-23 20:00:00,2,Mouse_health_Estela,Morrill,science,UMass Amherst,energy,330.0
2016-01-23 21:00:00,2,Mouse_health_Estela,Morrill,science,UMass Amherst,energy,325.0
2016-01-23 22:00:00,2,Mouse_health_Estela,Morrill,science,UMass Amherst,energy,319.0
2016-01-23 23:00:00,2,Mouse_health_Estela,Morrill,science,UMass Amherst,energy,317.0
2016-01-24 00:00:00,2,Mouse_health_Estela,Morrill,science,UMass Amherst,energy,319.0
2016-01-24 01:00:00,2,Mouse_health_Estela,Morrill,science,UMass Amherst,energy,327.0
2016-01-24 02:00:00,2,Mouse_health_Estela,Morrill,science,UMass Amherst,energy,330.0
2016-01-24 03:00:00,2,Mouse_health_Estela,Morrill,science,UMass Amherst,energy,326.0
2016-01-24 04:00:00,2,Mouse_health_Estela,Morrill,science,UMass Amherst,energy,334.0
2016-01-24 05:00:00,2,Mouse_health_Estela,Morrill,science,UMass Amherst,energy,332.0
2016-01-24 06:00:00,2,Mouse_health_Estela,Morrill,science,UMass Amherst,energy,328.0
2016-01-24 07:00:00,2,Mouse_health_Estela,Morrill,science,UMass Amherst,energy,331.0
2016-01-24 08:00:00,2,Mouse_health_Estela,Morrill,science,UMass Amherst,energy,345.0
2016-01-24 09:00:00,2,Mouse_health_Estela,Morrill,science,UMass Amherst,energy,346.0
2016-01-24 10:00:00,2,Mouse_health_Estela,Morrill,science,UMass Amherst,energy,351.0
2016-01-24 11:00:00,2,Mouse_health_Estela,Morrill,science,UMass Amherst,energy,382.0
2016-01-24 12:00:00,2,Mouse_health_Estela,Morrill,science,UMass Amherst,energy,380.0
2016-01-24 13:00:00,2,Mouse_health_Estela,Morrill,science,UMass Amherst,energy,382.0
2016-01-24 14:00:00,2,Mouse_health_Estela,Morrill,science,UMass Amherst,energy,368.0
2016-01-24 15:00:00,2,Mouse_health_Estela,Morrill,science,UMass Amherst,energy,384.0
2016-01-24 16:00:00,2,Mouse_health_Estela,Morrill,science,UMass Amherst,energy,393.0
2016-01-24 17:00:00,2,Mouse_health_Estela,Morrill,science,UMass Amherst,energy,362.0
2016-01-24 18:00:00,2,Mouse_health_Estela,Morrill,science,UMass Amherst,energy,345.0
2016-01-24 19:00:00,2,Mouse_health_Estela,Morrill,science,UMass Amherst,energy,346.0
2016-01-24 20:00:00,2,Mouse_health_Estela,Morrill,science,UMass Amherst,energy,340.0
2016-01-24 21:00:00,2,Mouse_health_Estela,Morrill,science,UMass Amherst,energy,339.0
2016-01-24 22:00:00,2,Mouse_health_Estela,Morrill,science,UMass Amherst,energy,337.0
2016-01-24 23:00:00,2,Mouse_health_Estela,Morrill,science,UMass Amherst,energy,330.0
2016-01-25 00:00:00,2,Mouse_health_Estela,Morrill,science,UMass Amherst,energy,323.0
2016-01-25 01:00:00,2,Mouse_health_Estela,Morrill,science,UMass Amherst,energy,313.0
2016-01-25 02:00:00,2,Mouse_health_Estela,Morrill,science,UMass Amherst,energy,315.0
2016-01-25 03:00:00,2,Mouse_health_Estela,Morrill,science,UMass Amherst,energy,321.0
2016-01-25 04:00:00,2,Mouse_health_Estela,Morrill,science,UMass Amherst,energy,312.0
2016-01-25 05:00:00,2,Mouse_health_Estela,Morrill,science,UMass Amherst,energy,313.0
2016-01-25 06:00:00,2,Mouse_health_Estela,Morrill,science,UMass Amherst,energy,311.0
2016-01-25 07:00:00,2,Mouse_health_Estela,Morrill,science,UMass Amherst,energy,317.0
2016-01-25 08:00:00,2,Mouse_health_Estela,Morrill,science,UMass Amherst,energy,366.0
2016-01-25 09:00:00,2,Mouse_health_Estela,Morrill,science,UMass Amherst,energy,437.0
2016-01-25 10:00:00,2,Mouse_health_Estela,Morrill,science,UMass Amherst,energy,521.0
2016-01-25 11:00:00,2,Mouse_health_Estela,Morrill,science,UMass Amherst,energy,521.0
2016-01-25 12:00:00,2,Mouse_health_Estela,Morrill,science,UMass Amherst,energy,513.0
2016-01-25 13:00:00,2,Mouse_health_Estela,Morrill,science,UMass Amherst,energy,518.0
2016-01-25 14:00:00,2,Mouse_health_Estela,Morrill,science,UMass Amherst,energy,520.0
2016-01-25 15:00:00,2,Mouse_health_Estela,Morrill,science,UMass Amherst,energy,517.0
2016-01-25 16:00:00,2,Mouse_health_Estela,Morrill,science,UMass Amherst,energy,506.0
2016-01-25 17:00:00,2,Mouse_health_Estela,Morrill,science,UMass Amherst,energy,492.0
2016-01-25 18:00:00,2,Mouse_health_Estela,Morrill,science,UMass Amherst,energy,462.0
2016-01-25 19:00:00,2,Mouse_health_Estela,Morrill,science,UMass Amherst,energy,425.0
2016-01-25 20:00:00,2,Mouse_health_Estela,Morrill,science,UMass Amherst,energy,385.0
2016-01-25 21:00:00,2,Mouse_health_Estela,Morrill,science,UMass Amherst,energy,366.0
2016-01-25 22:00:00,2,Mouse_health_Estela,Morrill,science,UMass Amherst,energy,343.0
2016-01-25 23:00:00,2,Mouse_health_Estela,Morrill,science,UMass Amherst,energy,330.0
2016-01-26 00:00:00,2,Mouse_health_Estela,Morrill,science,UMass Amherst,energy,313.0
2016-01-26 01:00:00,2,Mouse_health_Estela,Morrill,science,UMass Amherst,energy,314.0
2016-01-26 02:00:00,2,Mouse_health_Estela,Morrill,science,UMass Amherst,energy,311.0
2016-01-26 03:00:00,2,Mouse_health_Estela,Morrill,science,UMass Amherst,energy,311.0
2016-01-26 04:00:00,2,Mouse_health_Estela,Morrill,science,UMass Amherst,energy,310.0
2016-01-26 05:00:00,2,Mouse_health_Estela,Morrill,science,UMass Amherst,energy,308.0
2016-01-26 06:00:00,2,Mouse_health_Estela,Morrill,science,UMass Amherst,energy,308.0
2016-01-26 07:00:00,2,Mouse_health_Estela,Morrill,science,UMass Amherst,energy,315.0
2016-01-26 08:00:00,2,Mouse_health_Estela,Morrill,science,UMass Amherst,energy,361.0
2016-01-26 09:00:00,2,Mouse_health_Estela,Morrill,science,UMass Amherst,energy,469.0
2016-01-26 10:00:00,2,Mouse_health_Estela,Morrill,science,UMass Amherst,energy,543.0
2016-01-26 11:00:00,2,Mouse_health_Estela,Morrill,science,UMass Amherst,energy,537.0
2016-01-26 12:00:00,2,Mouse_health_Estela,Morrill,science,UMass Amherst,energy,534.0
2016-01-26 13:00:00,2,Mouse_health_Estela,Morrill,science,UMass Amherst,energy,551.0
2016-01-26 14:00:00,2,Mouse_health_Estela,Morrill,science,UMass Amherst,energy,529.0
2016-01-26 15:00:00,2,Mouse_health_Estela,Morrill,science,UMass Amherst,energy,530.0
2016-01-26 16:00:00,2,Mouse_health_Estela,Morrill,science,UMass Amherst,energy,534.0
2016-01-26 17:00:00,2,Mouse_health_Estela,Morrill,science,UMass Amherst,energy,511.0
2016-01-26 18:00:00,2,Mouse_health_Estela,Morrill,science,UMass Amherst,energy,476.0
2016-01-26 19:00:00,2,Mouse_health_Estela,Morrill,science,UMass Amherst,energy,445.0
2016-01-26 20:00:00,2,Mouse_health_Estela,Morrill,science,UMass Amherst,energy,383.0
2016-01-26 21:00:00,2,Mouse_health_Estela,Morrill,science,UMass Amherst,energy,356.0
2016-01-26 22:00:00,2,Mouse_health_Estela,Morrill,science,UMass Amherst,energy,338.0
2016-01-26 23:00:00,2,Mouse_health_Estela,Morrill,science,UMass Amherst,energy,327.0
2016-01-27 00:00:00,2,Mouse_health_Estela,Morrill,science,UMass Amherst,energy,321.0
2016-01-27 01:00:00,2,Mouse_health_Estela,Morrill,science,UMass Amherst,energy,304.0
2016-01-27 02:00:00,2,Mouse_health_Estela,Morrill,science,UMass Amherst,energy,303.0
2016-01-27 03:00:00,2,Mouse_health_Estela,Morrill,science,UMass Amherst,energy,301.0
2016-01-27 04:00:00,2,Mouse_health_Estela,Morrill,science,UMass Amherst,energy,302.0
2016-01-27 05:00:00,2,Mouse_health_Estela,Morrill,science,UMass Amherst,energy,301.0
2016-01-27 06:00:00,2,Mouse_health_Estela,Morrill,science,UMass Amherst,energy,304.0
2016-01-27 07:00:00,2,Mouse_health_Estela,Morrill,science,UMass Amherst,energy,312.0
2016-01-27 08:00:00,2,Mouse_health_Estela,Morrill,science,UMass Amherst,energy,360.0
2016-01-27 09:00:00,2,Mouse_health_Estela,Morrill,science,UMass Amherst,energy,461.0
2016-01-27 10:00:00,2,Mouse_health_Estela,Morrill,science,UMass Amherst,energy,537.0
2016-01-27 11:00:00,2,Mouse_health_Estela,Morrill,science,UMass Amherst,energy,560.0
2016-01-27 12:00:00,2,Mouse_health_Estela,Morrill,science,UMass Amherst,energy,555.0
2016-01-27 13:00:00,2,Mouse_health_Estela,Morrill,science,UMass Amherst,energy,535.0
2016-01-27 14:00:00,2,Mouse_health_Estela,Morrill,science,UMass Amherst,energy,524.0
2016-01-27 15:00:00,2,Mouse_health_Estela,Morrill,science,UMass Amherst,energy,539.0
2016-01-27 16:00:00,2,Mouse_health_Estela,Morrill,science,UMass Amherst,energy,526.0
2016-01-27 17:00:00,2,Mouse_health_Estela,Morrill,science,UMass Amherst,energy,514.0
2016-01-27 18:00:00,2,Mouse_health_Estela,Morrill,science,UMass Amherst,energy,476.0
2016-01-27 19:00:00,2,Mouse_health_Estela,Morrill,science,UMass Amherst,energy,423.0
2016-01-27 20:00:00,2,Mouse_health_Estela,Morrill,science,UMass Amherst,energy,376.0
2016-01-27 21:00:00,2,Mouse_health_Estela,Morrill,science,UMass Amherst,energy,363.0
2016-01-27 22:00:00,2,Mouse_health_Estela,Morrill,science,UMass Amherst,energy,350.0
2016-01-27 23:00:00,2,Mouse_health_Estela,Morrill,science,UMass Amherst,energy,335.0
2016-01-28 00:00:00,2,Mouse_health_Estela,Morrill,science,UMass Amherst,energy,322.0
2016-01-28 01:00:00,2,Mouse_health_Estela,Morrill,science,UMass Amherst,energy,329.0
2016-01-28 02:00:00,2,Mouse_health_Estela,Morrill,science,UMass Amherst,energy,312.0
2016-01-28 03:00:00,2,Mouse_health_Estela,Morrill,science,UMass Amherst,energy,316.0
2016-01-28 04:00:00,2,Mouse_health_Estela,Morrill,science,UMass Amherst,energy,314.0
2016-01-28 05:00:00,2,Mouse_health_Estela,Morrill,science,UMass Amherst,energy,317.0
2016-01-28 06:00:00,2,Mouse_health_Estela,Morrill,science,UMass Amherst,energy,314.0
2016-01-28 07:00:00,2,Mouse_health_Estela,Morrill,science,UMass Amherst,energy,330.0
2016-01-28 08:00:00,2,Mouse_health_Estela,Morrill,science,UMass Amherst,energy,375.0
2016-01-28 09:00:00,2,Mouse_health_Estela,Morrill,science,UMass Amherst,energy,505.0
2016-01-28 10:00:00,2,Mouse_health_Estela,Morrill,science,UMass Amherst,energy,542.0
2016-01-28 11:00:00,2,Mouse_health_Estela,Morrill,science,UMass Amherst,energy,537.0
2016-01-28 12:00:00,2,Mouse_health_Estela,Morrill,science,UMass Amherst,energy,556.0
2016-01-28 13:00:00,2,Mouse_health_Estela,Morrill,science,UMass Amherst,energy,537.0
2016-01-28 14:00:00,2,Mouse_health_Estela,Morrill,science,UMass Amherst,energy,545.0
2016-01-28 15:00:00,2,Mouse_health_Estela,Morrill,science,UMass Amherst,energy,544.0
2016-01-28 16:00:00,2,Mouse_health_Estela,Morrill,science,UMass Amherst,energy,541.0
2016-01-28 17:00:00,2,Mouse_health_Estela,Morrill,science,UMass Amherst,energy,527.0
2016-01-28 18:00:00,2,Mouse_health_Estela,Morrill,science,UMass Amherst,energy,498.0
2016-01-28 19:00:00,2,Mouse_health_Estela,Morrill,science,UMass Amherst,energy,455.0
2016-01-28 20:00:00,2,Mouse_health_Estela,Morrill,science,UMass Amherst,energy,405.0
2016-01-28 21:00:00,2,Mouse_health_Estela,Morrill,science,UMass Amherst,energy,361.0
2016-01-28 22:00:00,2,Mouse_health_Estela,Morrill,science,UMass Amherst,energy,338.0
2016-01-28 23:00:00,2,Mouse_health_Estela,Morrill,science,UMass Amherst,energy,338.0
2016-01-29 00:00:00,2,Mouse_health_Estela,Morrill,science,UMass Amherst,energy,313.0
2016-01-29 01:00:00,2,Mouse_health_Estela,Morrill,science,UMass Amherst,energy,311.0
2016-01-29 02:00:00,2,Mouse_health_Estela,Morrill,science,UMass Amherst,energy,306.0
2016-01-29 03:00:00,2,Mouse_health_Estela,Morrill,science,UMass Amherst,energy,300.0
2016-01-29 04:00:00,2,Mouse_health_Estela,Morrill,science,UMass Amherst,energy,301.0
2016-01-29 05:00:00,2,Mouse_health_Estela,Morrill,science,UMass Amherst,energy,298.0
2016-01-29 06:00:00,2,Mouse_health_Estela,Morrill,science,UMass Amherst,energy,289.0
2016-01-29 07:00:00,2,Mouse_health_Estela,Morrill,science,UMass Amherst,energy,297.0
2016-01-29 08:00:00,2,Mouse_health_Estela,Morrill,science,UMass Amherst,energy,338.0
2016-01-29 09:00:00,2,Mouse_health_Estela,Morrill,science,UMass Amherst,energy,434.0
2016-01-29 10:00:00,2,Mouse_health_Estela,Morrill,science,UMass Amherst,energy,508.0
2016-01-29 11:00:00,2,Mouse_health_Estela,Morrill,science,UMass Amherst,energy,503.0
2016-01-29 12:00:00,2,Mouse_health_Estela,Morrill,science,UMass Amherst,energy,508.0
2016-01-29 13:00:00,2,Mouse_health_Estela,Morrill,science,UMass Amherst,energy,503.0
2016-01-29 14:00:00,2,Mouse_health_Estela,Morrill,science,UMass Amherst,energy,495.0
2016-01-29 15:00:00,2,Mouse_health_Estela,Morrill,science,UMass Amherst,energy,498.0
2016-01-29 16:00:00,2,Mouse_health_Estela,Morrill,science,UMass Amherst,energy,507.0
2016-01-29 17:00:00,2,Mouse_health_Estela,Morrill,science,UMass Amherst,energy,486.0
2016-01-29 18:00:00,2,Mouse_health_Estela,Morrill,science,UMass Amherst,energy,447.0
2016-01-29 19:00:00,2,Mouse_health_Estela,Morrill,science,UMass Amherst,energy,415.0
2016-01-29 20:00:00,2,Mouse_health_Estela,Morrill,science,UMass Amherst,energy,373.0
2016-01-29 21:00:00,2,Mouse_health_Estela,Morrill,science,UMass Amherst,energy,350.0
2016-01-29 22:00:00,2,Mouse_health_Estela,Morrill,science,UMass Amherst,energy,335.0
2016-01-29 23:00:00,2,Mouse_health_Estela,Morrill,science,UMass Amherst,energy,323.0
2016-01-30 00:00:00,2,Mouse_health_Estela,Morrill,science,UMass Amherst,energy,316.0
2016-01-30 01:00:00,2,Mouse_health_Estela,Morrill,science,UMass Amherst,energy,307.0
2016-01-30 02:00:00,2,Mouse_health_Estela,Morrill,science,UMass Amherst,energy,304.0
2016-01-30 03:00:00,2,Mouse_health_Estela,Morrill,science,UMass Amherst,energy,302.0
2016-01-30 04:00:00,2,Mouse_health_Estela,Morrill,science,UMass Amherst,energy,302.0
2016-01-30 05:00:00,2,Mouse_health_Estela,Morrill,science,UMass Amherst,energy,299.0
2016-01-30 06:00:00,2,Mouse_health_Estela,Morrill,science,UMass Amherst,energy,297.0
2016-01-30 07:00:00,2,Mouse_health_Estela,Morrill,science,UMass Amherst,energy,306.0
2016-01-30 08:00:00,2,Mouse_health_Estela,Morrill,science,UMass Amherst,energy,328.0
2016-01-30 09:00:00,2,Mouse_health_Estela,Morrill,science,UMass Amherst,energy,354.0
2016-01-30 10:00:00,2,Mouse_health_Estela,Morrill,science,UMass Amherst,energy,374.0
2016-01-30 11:00:00,2,Mouse_health_Estela,Morrill,science,UMass Amherst,energy,379.0
2016-01-30 12:00:00,2,Mouse_health_Estela,Morrill,science,UMass Amherst,energy,395.0
2016-01-30 13:00:00,2,Mouse_health_Estela,Morrill,science,UMass Amherst,energy,384.0
2016-01-30 14:00:00,2,Mouse_health_Estela,Morrill,science,UMass Amherst,energy,388.0
2016-01-30 15:00:00,2,Mouse_health_Estela,Morrill,science,UMass Amherst,energy,381.0
2016-01-30 16:00:00,2,Mouse_health_Estela,Morrill,science,UMass Amherst,energy,388.0
2016-01-30 17:00:00,2,Mouse_health_Estela,Morrill,science,UMass Amherst,energy,368.0
2016-01-30 18:00:00,2,Mouse_health_Estela,Morrill,science,UMass Amherst,energy,341.0
2016-01-30 19:00:00,2,Mouse_health_Estela,Morrill,science,UMass Amherst,energy,349.0
2016-01-30 20:00:00,2,Mouse_health_Estela,Morrill,science,UMass Amherst,energy,342.0
2016-01-30 21:00:00,2,Mouse_health_Estela,Morrill,science,UMass Amherst,energy,334.0
2016-01-30 22:00:00,2,Mouse_health_Estela,Morrill,science,UMass Amherst,energy,330.0
2016-01-30 23:00:00,2,Mouse_health_Estela,Morrill,science,UMass Amherst,energy,321.0
2016-01-01 00:00:00,3,Mouse_health_Ileana,Goessmann,chemistry_lab,UMass Amherst,energy,26.0
2016-01-01 01:00:00,3,Mouse_health_Ileana,Goessmann,chemistry_lab,UMass Amherst,energy,51.0
2016-01-01 02:00:00,3,Mouse_health_Ileana,Goessmann,chemistry_lab,UMass Amherst,energy,50.0
2016-01-01 03:00:00,3,Mouse_health_Ileana,Goessmann,chemistry_lab,UMass Amherst,energy,52.0
2016-01-01 04:00:00,3,Mouse_health_Ileana,Goessmann,chemistry_lab,UMass Amherst,energy,50.0
2016-01-01 05:00:00,3,Mouse_health_Ileana,Goessmann,chemistry_lab,UMass Amherst,energy,52.0
2016-01-01 06:00:00,3,Mouse_health_Ileana,Goessmann,chemistry_lab,UMass Amherst,energy,52.0
2016-01-01 07:00:00,3,Mouse_health_Ileana,Goessmann,chemistry_lab,UMass Amherst,energy,54.0
2016-01-01 08:00:00,3,Mouse_health_Ileana,Goessmann,chemistry_lab,UMass Amherst,energy,61.0
2016-01-01 09:00:00,3,Mouse_health_Ileana,Goessmann,chemistry_lab,UMass Amherst,energy,64.0
2016-01-01 10:00:00,3,Mouse_health_Ileana,Goessmann,chemistry_lab,UMass Amherst,energy,62.0
2016-01-01 11:00:00,3,Mouse_health_Ileana,Goessmann,chemistry_lab,UMass Amherst,energy,62.0
2016-01-01 12:00:00,3,Mouse_health_Ileana,Goessmann,chemistry_lab,UMass Amherst,energy,60.0
2016-01-01 13:00:00,3,Mouse_health_Ileana,Goessmann,chemistry_lab,UMass Amherst,energy,60.0
2016-01-01 14:00:00,3,Mouse_health_Ileana,Goessmann,chemistry_lab,UMass Amherst,energy,60.0
2016-01-01 15:00:00,3,Mouse_health_Ileana,Goessmann,chemistry_lab,UMass Amherst,energy,61.0
2016-01-01 16:00:00,3,Mouse_health_Ileana,Goessmann,chemistry_lab,UMass Amherst,energy,61.0
2016-01-01 17:00:00,3,Mouse_health_Ileana,Goessmann,chemistry_lab,UMass Amherst,energy,60.0
2016-01-01 18:00:00,3,Mouse_health_Ileana,Goessmann,chemistry_lab,UMass Amherst,energy,60.0
2016-01-01 19:00:00,3,Mouse_health_Ileana,Goessmann,chemistry_lab,UMass Amherst,energy,55.0
2016-01-01 20:00:00,3,Mouse_health_Ileana,Goessmann,chemistry_lab,UMass Amherst,energy,52.0
2016-01-01 21:00:00,3,Mouse_health_Ileana,Goessmann,chemistry_lab,UMass Amherst,energy,50.0
2016-01-01 22:00:00,3,Mouse_health_Ileana,Goessmann,chemistry_lab,UMass Amherst,energy,50.0
2016-01-01 23:00:00,3,Mouse_health_Ileana,Goessmann,chemistry_lab,UMass Amherst,energy,49.0
2016-01-02 00:00:00,3,Mouse_health_Ileana,Goessmann,chemistry_lab,UMass Amherst,energy,50.0
2016-01-02 01:00:00,3,Mouse_health_Ileana,Goessmann,chemistry_lab,UMass Amherst,energy,47.0
2016-01-02 02:00:00,3,Mouse_health_Ileana,Goessmann,chemistry_lab,UMass Amherst,energy,49.0
2016-01-02 03:00:00,3,Mouse_health_Ileana,Goessmann,chemistry_lab,UMass Amherst,energy,47.0
2016-01-02 04:00:00,3,Mouse_health_Ileana,Goessmann,chemistry_lab,UMass Amherst,energy,48.0
2016-01-02 05:00:00,3,Mouse_health_Ileana,Goessmann,chemistry_lab,UMass Amherst,energy,48.0
2016-01-02 06:00:00,3,Mouse_health_Ileana,Goessmann,chemistry_lab,UMass Amherst,energy,48.0
2016-01-02 07:00:00,3,Mouse_health_Ileana,Goessmann,chemistry_lab,UMass Amherst,energy,48.0
2016-01-02 08:00:00,3,Mouse_health_Ileana,Goessmann,chemistry_lab,UMass Amherst,energy,49.0
2016-01-02 09:00:00,3,Mouse_health_Ileana,Goessmann,chemistry_lab,UMass Amherst,energy,50.0
2016-01-02 10:00:00,3,Mouse_health_Ileana,Goessmann,chemistry_lab,UMass Amherst,energy,51.0
2016-01-02 11:00:00,3,Mouse_health_Ileana,Goessmann,chemistry_lab,UMass Amherst,energy,50.0
2016-01-02 12:00:00,3,Mouse_health_Ileana,Goessmann,chemistry_lab,UMass Amherst,energy,51.0
2016-01-02 13:00:00,3,Mouse_health_Ileana,Goessmann,chemistry_lab,UMass Amherst,energy,49.0
2016-01-02 14:00:00,3,Mouse_health_Ileana,Goessmann,chemistry_lab,UMass Amherst,energy,51.0
2016-01-02 15:00:00,3,Mouse_health_Ileana,Goessmann,chemistry_lab,UMass Amherst,energy,50.0
2016-01-02 16:00:00,3,Mouse_health_Ileana,Goessmann,chemistry_lab,UMass Amherst,energy,49.0
2016-01-02 17:00:00,3,Mouse_health_Ileana,Goessmann,chemistry_lab,UMass Amherst,energy,49.0
2016-01-02 18:00:00,3,Mouse_health_Ileana,Goessmann,chemistry_lab,UMass Amherst,energy,49.0
2016-01-02 19:00:00,3,Mouse_health_Ileana,Goessmann,chemistry_lab,UMass Amherst,energy,49.0
2016-01-02 20:00:00,3,Mouse_health_Ileana,Goessmann,chemistry_lab,UMass Amherst,energy,49.0
2016-01-02 21:00:00,3,Mouse_health_Ileana,Goessmann,chemistry_lab,UMass Amherst,energy,49.0
2016-01-02 22:00:00,3,Mouse_health_Ileana,Goessmann,chemistry_lab,UMass Amherst,energy,50.0
2016-01-02 23:00:00,3,Mouse_health_Ileana,Goessmann,chemistry_lab,UMass Amherst,energy,48.0
2016-01-03 00:00:00,3,Mouse_health_Ileana,Goessmann,chemistry_lab,UMass Amherst,energy,50.0
2016-01-03 01:00:00,3,Mouse_health_Ileana,Goessmann,chemistry_lab,UMass Amherst,energy,47.0
2016-01-03 02:00:00,3,Mouse_health_Ileana,Goessmann,chemistry_lab,UMass Amherst,energy,48.0
2016-01-03 03:00:00,3,Mouse_health_Ileana,Goessmann,chemistry_lab,UMass Amherst,energy,47.0
2016-01-03 04:00:00,3,Mouse_health_Ileana,Goessmann,chemistry_lab,UMass Amherst,energy,49.0
2016-01-03 05:00:00,3,Mouse_health_Ileana,Goessmann,chemistry_lab,UMass Amherst,energy,48.0
2016-01-03 06:00:00,3,Mouse_health_Ileana,Goessmann,chemistry_lab,UMass Amherst,energy,48.0
2016-01-03 07:00:00,3,Mouse_health_Ileana,Goessmann,chemistry_lab,UMass Amherst,energy,49.0
2016-01-03 08:00:00,3,Mouse_health_Ileana,Goessmann,chemistry_lab,UMass Amherst,energy,49.0
2016-01-03 09:00:00,3,Mouse_health_Ileana,Goessmann,chemistry_lab,UMass Amherst,energy,50.0
2016-01-03 10:00:00,3,Mouse_health_Ileana,Goessmann,chemistry_lab,UMass Amherst,energy,50.0
2016-01-03 11:00:00,3,Mouse_health_Ileana,Goessmann,chemistry_lab,UMass Amherst,energy,49.0
2016-01-03 12:00:00,3,Mouse_health_Ileana,Goessmann,chemistry_lab,UMass Amherst,energy,51.0
2016-01-03 13:00:00,3,Mouse_health_Ileana,Goessmann,chemistry_lab,UMass Amherst,energy,50.0
2016-01-03 14:00:00,3,Mouse_health_Ileana,Goessmann,chemistry_lab,UMass Amherst,energy,51.0
2016-01-03 15:00:00,3,Mouse_health_Ileana,Goessmann,chemistry_lab,UMass Amherst,energy,50.0
2016-01-03 16:00:00,3,Mouse_health_Ileana,Goessmann,chemistry_lab,UMass Amherst,energy,52.0
2016-01-03 17:00:00,3,Mouse_health_Ileana,Goessmann,chemistry_lab,UMass Amherst,energy,51.0
2016-01-03 18:00:00,3,Mouse_health_Ileana,Goessmann,chemistry_lab,UMass Amherst,energy,51.0
2016-01-03 19:00:00,3,Mouse_health_Ileana,Goessmann,chemistry_lab,UMass Amherst,energy,50.0
2016-01-03 20:00:00,3,Mouse_health_Ileana,Goessmann,chemistry_lab,UMass Amherst,energy,52.0
2016-01-03 21:00:00,3,Mouse_health_Ileana,Goessmann,chemistry_lab,UMass Amherst,energy,52.0
2016-01-03 22:00:00,3,Mouse_health_Ileana,Goessmann,chemistry_lab,UMass Amherst,energy,52.0
2016-01-03 23:00:00,3,Mouse_health_Ileana,Goessmann,chemistry_lab,UMass Amherst,energy,51.0
2016-01-04 00:00:00,3,Mouse_health_Ileana,Goessmann,chemistry_lab,UMass Amherst,energy,51.0
2016-01-04 01:00:00,3,Mouse_health_Ileana,Goessmann,chemistry_lab,UMass Amherst,energy,49.0
2016-01-04 02:00:00,3,Mouse_health_Ileana,Goessmann,chemistry_lab,UMass Amherst,energy,48.0
2016-01-04 03:00:00,3,Mouse_health_Ileana,Goessmann,chemistry_lab,UMass Amherst,energy,47.0
2016-01-04 04:00:00,3,Mouse_health_Ileana,Goessmann,chemistry_lab,UMass Amherst,energy,49.0
2016-01-04 05:00:00,3,Mouse_health_Ileana,Goessmann,chemistry_lab,UMass Amherst,energy,49.0
2016-01-04 06:00:00,3,Mouse_health_Ileana,Goessmann,chemistry_lab,UMass Amherst,energy,49.0
2016-01-04 07:00:00,3,Mouse_health_Ileana,Goessmann,chemistry_lab,UMass Amherst,energy,49.0
2016-01-04 08:00:00,3,Mouse_health_Ileana,Goessmann,chemistry_lab,UMass Amherst,energy,62.0
2016-01-04 09:00:00,3,Mouse_health_Ileana,Goessmann,chemistry_lab,UMass Amherst,energy,81.0
2016-01-04 10:00:00,3,Mouse_health_Ileana,Goessmann,chemistry_lab,UMass Amherst,energy,100.0
2016-01-04 11:00:00,3,Mouse_health_Ileana,Goessmann,chemistry_lab,UMass Amherst,energy,104.0
2016-01-04 12:00:00,3,Mouse_health_Ileana,Goessmann,chemistry_lab,UMass Amherst,energy,104.0
2016-01-04 13:00:00,3,Mouse_health_Ileana,Goessmann,chemistry_lab,UMass Amherst,energy,108.0
2016-01-04 14:00:00,3,Mouse_health_Ileana,Goessmann,chemistry_lab,UMass Amherst,energy,109.0
2016-01-04 15:00:00,3,Mouse_health_Ileana,Goessmann,chemistry_lab,UMass Amherst,energy,109.0
2016-01-04 16:00:00,3,Mouse_health_Ileana,Goessmann,chemistry_lab,UMass Amherst,energy,110.0
2016-01-04 17:00:00,3,Mouse_health_Ileana,Goessmann,chemistry_lab,UMass Amherst,energy,104.0
2016-01-04 18:00:00,3,Mouse_health_Ileana,Goessmann,chemistry_lab,UMass Amherst,energy,94.0
2016-01-04 19:00:00,3,Mouse_health_Ileana,Goessmann,chemistry_lab,UMass Amherst,energy,76.0
2016-01-04 20:00:00,3,Mouse_health_Ileana,Goessmann,chemistry_lab,UMass Amherst,energy,73.0
2016-01-04 21:00:00,3,Mouse_health_Ileana,Goessmann,chemistry_lab,UMass Amherst,energy,65.0
2016-01-04 22:00:00,3,Mouse_health_Ileana,Goessmann,chemistry_lab,UMass Amherst,energy,60.0
2016-01-04 23:00:00,3,Mouse_health_Ileana,Goessmann,chemistry_lab,UMass Amherst,energy,55.0
2016-01-05 00:00:00,3,Mouse_health_Ileana,Goessmann,chemistry_lab,UMass Amherst,energy,54.0
2016-01-05 01:00:00,3,Mouse_health_Ileana,Goessmann,chemistry_lab,UMass Amherst,energy,52.0
2016-01-05 02:00:00,3,Mouse_health_Ileana,Goessmann,chemistry_lab,UMass Amherst,energy,53.0
2016-01-05 03:00:00,3,Mouse_health_Ileana,Goessmann,chemistry_lab,UMass Amherst,energy,53.0
2016-01-05 04:00:00,3,Mouse_health_Ileana,Goessmann,chemistry_lab,UMass Amherst,energy,53.0
2016-01-05 05:00:00,3,Mouse_health_Ileana,Goessmann,chemistry_lab,UMass Amherst,energy,54.0
2016-01-05 06:00:00,3,Mouse_health_Ileana,Goessmann,chemistry_lab,UMass Amherst,energy,55.0
2016-01-05 07:00:00,3,Mouse_health_Ileana,Goessmann,chemistry_lab,UMass Amherst,energy,55.0
2016-01-05 08:00:00,3,Mouse_health_Ileana,Goessmann,chemistry_lab,UMass Amherst,energy,63.0
2016-01-05 09:00:00,3,Mouse_health_Ileana,Goessmann,chemistry_lab,UMass Amherst,energy,87.0
2016-01-05 10:00:00,3,Mouse_health_Ileana,Goessmann,chemistry_lab,UMass Amherst,energy,105.0
2016-01-05 11:00:00,3,Mouse_health_Ileana,Goessmann,chemistry_lab,UMass Amherst,energy,107.0
2016-01-05 12:00:00,3,Mouse_health_Ileana,Goessmann,chemistry_lab,UMass Amherst,energy,108.0
2016-01-05 13:00:00,3,Mouse_health_Ileana,Goessmann,chemistry_lab,UMass Amherst,energy,109.0
2016-01-05 14:00:00,3,Mouse_health_Ileana,Goessmann,chemistry_lab,UMass Amherst,energy,105.0
2016-01-05 15:00:00,3,Mouse_health_Ileana,Goessmann,chemistry_lab,UMass Amherst,energy,108.0
2016-01-05 16:00:00,3,Mouse_health_Ileana,Goessmann,chemistry_lab,UMass Amherst,energy,106.0
2016-01-05 17:00:00,3,Mouse_health_Ileana,Goessmann,chemistry_lab,UMass Amherst,energy,104.0
2016-01-05 18:00:00,3,Mouse_health_Ileana,Goessmann,chemistry_lab,UMass Amherst,energy,96.0
2016-01-05 19:00:00,3,Mouse_health_Ileana,Goessmann,chemistry_lab,UMass Amherst,energy,83.0
2016-01-05 20:00:00,3,Mouse_health_Ileana,Goessmann,chemistry_lab,UMass Amherst,energy,76.0
2016-01-05 21:00:00,3,Mouse_health_Ileana,Goessmann,chemistry_lab,UMass Amherst,energy,69.0
2016-01-05 22:00:00,3,Mouse_health_Ileana,Goessmann,chemistry_lab,UMass Amherst,energy,57.0
2016-01-05 23:00:00,3,Mouse_health_Ileana,Goessmann,chemistry_lab,UMass Amherst,energy,56.0
2016-01-06 00:00:00,3,Mouse_health_Ileana,Goessmann,chemistry_lab,UMass Amherst,energy,61.5127
2016-01-06 01:00:00,3,Mouse_health_Ileana,Goessmann,chemistry_lab,UMass Amherst,energy,71.0254
2016-01-06 02:00:00,3,Mouse_health_Ileana,Goessmann,chemistry_lab,UMass Amherst,energy,71.0254
2016-01-06 03:00:00,3,Mouse_health_Ileana,Goessmann,chemistry_lab,UMass Amherst,energy,71.0254
2016-01-06 04:00:00,3,Mouse_health_Ileana,Goessmann,chemistry_lab,UMass Amherst,energy,71.0254
2016-01-06 05:00:00,3,Mouse_health_Ileana,Goessmann,chemistry_lab,UMass Amherst,energy,71.0254
2016-01-06 06:00:00,3,Mouse_health_Ileana,Goessmann,chemistry_lab,UMass Amherst,energy,71.0254
2016-01-06 07:00:00,3,Mouse_health_Ileana,Goessmann,chemistry_lab,UMass Amherst,energy,71.0254
2016-01-06 08:00:00,3,Mouse_health_Ileana,Goessmann,chemistry_lab,UMass Amherst,energy,71.0254
2016-01-06 09:00:00,3,Mouse_health_Ileana,Goessmann,chemistry_lab,UMass Amherst,energy,71.0254
2016-01-06 10:00:00,3,Mouse_health_Ileana,Goessmann,chemistry_lab,UMass Amherst,energy,71.0254
2016-01-06 11:00:00,3,Mouse_health_Ileana,Goessmann,chemistry_lab,UMass Amherst,energy,71.0254
2016-01-06 12:00:00,3,Mouse_health_Ileana,Goessmann,chemistry_lab,UMass Amherst,energy,71.0254
2016-01-06 13:00:00,3,Mouse_health_Ileana,Goessmann,chemistry_lab,UMass Amherst,energy,71.0254
2016-01-06 14:00:00,3,Mouse_health_Ileana,Goessmann,chemistry_lab,UMass Amherst,energy,71.0254
2016-01-06 15:00:00,3,Mouse_health_Ileana,Goessmann,chemistry_lab,UMass Amherst,energy,71.0254
2016-01-06 16:00:00,3,Mouse_health_Ileana,Goessmann,chemistry_lab,UMass Amherst,energy,71.0254
2016-01-06 17:00:00,3,Mouse_health_Ileana,Goessmann,chemistry_lab,UMass Amherst,energy,71.0254
2016-01-06 18:00:00,3,Mouse_health_Ileana,Goessmann,chemistry_lab,UMass Amherst,energy,71.0254
2016-01-06 19:00:00,3,Mouse_health_Ileana,Goessmann,chemistry_lab,UMass Amherst,energy,71.0254
2016-01-06 20:00:00,3,Mouse_health_Ileana,Goessmann,chemistry_lab,UMass Amherst,energy,71.0254
2016-01-06 21:00:00,3,Mouse_health_Ileana,Goessmann,chemistry_lab,UMass Amherst,energy,71.0254
2016-01-06 22:00:00,3,Mouse_health_Ileana,Goessmann,chemistry_lab,UMass Amherst,energy,71.0254
2016-01-06 23:00:00,3,Mouse_health_Ileana,Goessmann,chemistry_lab,UMass Amherst,energy,71.0254
2016-01-07 00:00:00,3,Mouse_health_Ileana,Goessmann,chemistry_lab,UMass Amherst,energy,71.0254
2016-01-07 01:00:00,3,Mouse_health_Ileana,Goessmann,chemistry_lab,UMass Amherst,energy,71.0254
2016-01-07 02:00:00,3,Mouse_health_Ileana,Goessmann,chemistry_lab,UMass Amherst,energy,71.0254
2016-01-07 03:00:00,3,Mouse_health_Ileana,Goessmann,chemistry_lab,UMass Amherst,energy,71.0254
2016-01-07 04:00:00,3,Mouse_health_Ileana,Goessmann,chemistry_lab,UMass Amherst,energy,71.0254
2016-01-07 05:00:00,3,Mouse_health_Ileana,Goessmann,chemistry_lab,UMass Amherst,energy,71.0254
2016-01-07 06:00:00,3,Mouse_health_Ileana,Goessmann,chemistry_lab,UMass Amherst,energy,71.0254
2016-01-07 07:00:00,3,Mouse_health_Ileana,Goessmann,chemistry_lab,UMass Amherst,energy,71.0254
2016-01-07 08:00:00,3,Mouse_health_Ileana,Goessmann,chemistry_lab,UMass Amherst,energy,71.0254
2016-01-07 09:00:00,3,Mouse_health_Ileana,Goessmann,chemistry_lab,UMass Amherst,energy,71.0254
2016-01-07 10:00:00,3,Mouse_health_Ileana,Goessmann,chemistry_lab,UMass Amherst,energy,71.0254
2016-01-07 11:00:00,3,Mouse_health_Ileana,Goessmann,chemistry_lab,UMass Amherst,energy,71.0254
2016-01-07 12:00:00,3,Mouse_health_Ileana,Goessmann,chemistry_lab,UMass Amherst,energy,71.0254
2016-01-07 13:00:00,3,Mouse_health_Ileana,Goessmann,chemistry_lab,UMass Amherst,energy,71.0254
2016-01-07 14:00:00,3,Mouse_health_Ileana,Goessmann,chemistry_lab,UMass Amherst,energy,71.0254
2016-01-07 15:00:00,3,Mouse_health_Ileana,Goessmann,chemistry_lab,UMass Amherst,energy,71.0254
2016-01-07 16:00:00,3,Mouse_health_Ileana,Goessmann,chemistry_lab,UMass Amherst,energy,71.0254
2016-01-07 17:00:00,3,Mouse_health_Ileana,Goessmann,chemistry_lab,UMass Amherst,energy,71.0254
2016-01-07 18:00:00,3,Mouse_health_Ileana,Goessmann,chemistry_lab,UMass Amherst,energy,71.0254
2016-01-07 19:00:00,3,Mouse_health_Ileana,Goessmann,chemistry_lab,UMass Amherst,energy,71.0254
2016-01-07 20:00:00,3,Mouse_health_Ileana,Goessmann,chemistry_lab,UMass Amherst,energy,71.0254
2016-01-07 21:00:00,3,Mouse_health_Ileana,Goessmann,chemistry_lab,UMass Amherst,energy,71.0254
2016-01-07 22:00:00,3,Mouse_health_Ileana,Goessmann,chemistry_lab,UMass Amherst,energy,71.0254
2016-01-07 23:00:00,3,Mouse_health_Ileana,Goessmann,chemistry_lab,UMass Amherst,energy,71.0254
2016-01-08 00:00:00,3,Mouse_health_Ileana,Goessmann,chemistry_lab,UMass Amherst,energy,71.0254
2016-01-08 01:00:00,3,Mouse_health_Ileana,Goessmann,chemistry_lab,UMass Amherst,energy,71.0254
2016-01-08 02:00:00,3,Mouse_health_Ileana,Goessmann,chemistry_lab,UMass Amherst,energy,71.0254
2016-01-08 03:00:00,3,Mouse_health_Ileana,Goessmann,chemistry_lab,UMass Amherst,energy,71.0254
2016-01-08 04:00:00,3,Mouse_health_Ileana,Goessmann,chemistry_lab,UMass Amherst,energy,71.0254
2016-01-08 05:00:00,3,Mouse_health_Ileana,Goessmann,chemistry_lab,UMass Amherst,energy,71.0254
2016-01-08 06:00:00,3,Mouse_health_Ileana,Goessmann,chemistry_lab,UMass Amherst,energy,71.0254
2016-01-08 07:00:00,3,Mouse_health_Ileana,Goessmann,chemistry_lab,UMass Amherst,energy,71.0254
2016-01-08 08:00:00,3,Mouse_health_Ileana,Goessmann,chemistry_lab,UMass Amherst,energy,71.0254
2016-01-08 09:00:00,3,Mouse_health_Ileana,Goessmann,chemistry_lab,UMass Amherst,energy,71.0254
2016-01-08 10:00:00,3,Mouse_health_Ileana,Goessmann,chemistry_lab,UMass Amherst,energy,71.0254
2016-01-08 11:00:00,3,Mouse_health_Ileana,Goessmann,chemistry_lab,UMass Amherst,energy,71.0254
2016-01-08 12:00:00,3,Mouse_health_Ileana,Goessmann,chemistry_lab,UMass Amherst,energy,71.0254
2016-01-08 13:00:00,3,Mouse_health_Ileana,Goessmann,chemistry_lab,UMass Amherst,energy,71.0254
2016-01-08 14:00:00,3,Mouse_health_Ileana,Goessmann,chemistry_lab,UMass Amherst,energy,71.0254
2016-01-08 15:00:00,3,Mouse_health_Ileana,Goessmann,chemistry_lab,UMass Amherst,energy,71.0254
2016-01-08 16:00:00,3,Mouse_health_Ileana,Goessmann,chemistry_lab,UMass Amherst,energy,71.0254
2016-01-08 17:00:00,3,Mouse_health_Ileana,Goessmann,chemistry_lab,UMass Amherst,energy,71.0254
2016-01-08 18:00:00,3,Mouse_health_Ileana,Goessmann,chemistry_lab,UMass Amherst,energy,71.0254
2016-01-08 19:00:00,3,Mouse_health_Ileana,Goessmann,chemistry_lab,UMass Amherst,energy,71.0254
2016-01-08 20:00:00,3,Mouse_health_Ileana,Goessmann,chemistry_lab,UMass Amherst,energy,71.0254
2016-01-08 21:00:00,3,Mouse_health_Ileana,Goessmann,chemistry_lab,UMass Amherst,energy,71.0254
2016-01-08 22:00:00,3,Mouse_health_Ileana,Goessmann,chemistry_lab,UMass Amherst,energy,71.0254
2016-01-08 23:00:00,3,Mouse_health_Ileana,Goessmann,chemistry_lab,UMass Amherst,energy,71.0254
2016-01-09 00:00:00,3,Mouse_health_Ileana,Goessmann,chemistry_lab,UMass Amherst,energy,71.0254
2016-01-09 01:00:00,3,Mouse_health_Ileana,Goessmann,chemistry_lab,UMass Amherst,energy,71.0254
2016-01-09 02:00:00,3,Mouse_health_Ileana,Goessmann,chemistry_lab,UMass Amherst,energy,71.0254
2016-01-09 03:00:00,3,Mouse_health_Ileana,Goessmann,chemistry_lab,UMass Amherst,energy,71.0254
2016-01-09 04:00:00,3,Mouse_health_Ileana,Goessmann,chemistry_lab,UMass Amherst,energy,71.0254
2016-01-09 05:00:00,3,Mouse_health_Ileana,Goessmann,chemistry_lab,UMass Amherst,energy,71.0254
2016-01-09 06:00:00,3,Mouse_health_Ileana,Goessmann,chemistry_lab,UMass Amherst,energy,71.0254
2016-01-09 07:00:00,3,Mouse_health_Ileana,Goessmann,chemistry_lab,UMass Amherst,energy,71.0254
2016-01-09 08:00:00,3,Mouse_health_Ileana,Goessmann,chemistry_lab,UMass Amherst,energy,71.0254
2016-01-09 09:00:00,3,Mouse_health_Ileana,Goessmann,chemistry_lab,UMass Amherst,energy,71.0254
2016-01-09 10:00:00,3,Mouse_health_Ileana,Goessmann,chemistry_lab,UMass Amherst,energy,71.0254
2016-01-09 11:00:00,3,Mouse_health_Ileana,Goessmann,chemistry_lab,UMass Amherst,energy,71.0254
2016-01-09 12:00:00,3,Mouse_health_Ileana,Goessmann,chemistry_lab,UMass Amherst,energy,71.0254
2016-01-09 13:00:00,3,Mouse_health_Ileana,Goessmann,chemistry_lab,UMass Amherst,energy,71.0254
2016-01-09 14:00:00,3,Mouse_health_Ileana,Goessmann,chemistry_lab,UMass Amherst,energy,71.0254
2016-01-09 15:00:00,3,Mouse_health_Ileana,Goessmann,chemistry_lab,UMass Amherst,energy,71.0254
2016-01-09 16:00:00,3,Mouse_health_Ileana,Goessmann,chemistry_lab,UMass Amherst,energy,71.0254
2016-01-09 17:00:00,3,Mouse_health_Ileana,Goessmann,chemistry_lab,UMass Amherst,energy,71.0254
2016-01-09 18:00:00,3,Mouse_health_Ileana,Goessmann,chemistry_lab,UMass Amherst,energy,71.0254
2016-01-09 19:00:00,3,Mouse_health_Ileana,Goessmann,chemistry_lab,UMass Amherst,energy,71.0254
2016-01-09 20:00:00,3,Mouse_health_Ileana,Goessmann,chemistry_lab,UMass Amherst,energy,71.0254
2016-01-09 21:00:00,3,Mouse_health_Ileana,Goessmann,chemistry_lab,UMass Amherst,energy,71.0254
2016-01-09 22:00:00,3,Mouse_health_Ileana,Goessmann,chemistry_lab,UMass Amherst,energy,71.0254
2016-01-09 23:00:00,3,Mouse_health_Ileana,Goessmann,chemistry_lab,UMass Amherst,energy,71.0254
2016-01-10 00:00:00,3,Mouse_health_Ileana,Goessmann,chemistry_lab,UMass Amherst,energy,71.0254
2016-01-10 01:00:00,3,Mouse_health_Ileana,Goessmann,chemistry_lab,UMass Amherst,energy,71.0254
2016-01-10 02:00:00,3,Mouse_health_Ileana,Goessmann,chemistry_lab,UMass Amherst,energy,71.0254
2016-01-10 03:00:00,3,Mouse_health_Ileana,Goessmann,chemistry_lab,UMass Amherst,energy,71.0254
2016-01-10 04:00:00,3,Mouse_health_Ileana,Goessmann,chemistry_lab,UMass Amherst,energy,71.0254
2016-01-10 05:00:00,3,Mouse_health_Ileana,Goessmann,chemistry_lab,UMass Amherst,energy,71.0254
2016-01-10 06:00:00,3,Mouse_health_Ileana,Goessmann,chemistry_lab,UMass Amherst,energy,71.0254
2016-01-10 07:00:00,3,Mouse_health_Ileana,Goessmann,chemistry_lab,UMass Amherst,energy,71.0254
2016-01-10 08:00:00,3,Mouse_health_Ileana,Goessmann,chemistry_lab,UMass Amherst,energy,71.0254
2016-01-10 09:00:00,3,Mouse_health_Ileana,Goessmann,chemistry_lab,UMass Amherst,energy,71.0254
2016-01-10 10:00:00,3,Mouse_health_Ileana,Goessmann,chemistry_lab,UMass Amherst,energy,71.0254
2016-01-10 11:00:00,3,Mouse_health_Ileana,Goessmann,chemistry_lab,UMass Amherst,energy,71.0254
2016-01-10 12:00:00,3,Mouse_health_Ileana,Goessmann,chemistry_lab,UMass Amherst,energy,71.0254
2016-01-10 13:00:00,3,Mouse_health_Ileana,Goessmann,chemistry_lab,UMass Amherst,energy,71.0254
2016-01-10 14:00:00,3,Mouse_health_Ileana,Goessmann,chemistry_lab,UMass Amherst,energy,71.0254
2016-01-10 15:00:00,3,Mouse_health_Ileana,Goessmann,chemistry_lab,UMass Amherst,energy,71.0254
2016-01-10 16:00:00,3,Mouse_health_Ileana,Goessmann,chemistry_lab,UMass Amherst,energy,71.0254
2016-01-10 17:00:00,3,Mouse_health_Ileana,Goessmann,chemistry_lab,UMass Amherst,energy,71.0254
2016-01-10 18:00:00,3,Mouse_health_Ileana,Goessmann,chemistry_lab,UMass Amherst,energy,71.0254
2016-01-10 19:00:00,3,Mouse_health_Ileana,Goessmann,chemistry_lab,UMass Amherst,energy,71.0254
2016-01-10 20:00:00,3,Mouse_health_Ileana,Goessmann,chemistry_lab,UMass Amherst,energy,71.0254
2016-01-10 21:00:00,3,Mouse_health_Ileana,Goessmann,chemistry_lab,UMass Amherst,energy,71.0254
2016-01-10 22:00:00,3,Mouse_health_Ileana,Goessmann,chemistry_lab,UMass Amherst,energy,71.0254
2016-01-10 23:00:00,3,Mouse_health_Ileana,Goessmann,chemistry_lab,UMass Amherst,energy,71.0254
2016-01-11 00:00:00,3,Mouse_health_Ileana,Goessmann,chemistry_lab,UMass Amherst,energy,71.0254
2016-01-11 01:00:00,3,Mouse_health_Ileana,Goessmann,chemistry_lab,UMass Amherst,energy,71.0254
2016-01-11 02:00:00,3,Mouse_health_Ileana,Goessmann,chemistry_lab,UMass Amherst,energy,71.0254
2016-01-11 03:00:00,3,Mouse_health_Ileana,Goessmann,chemistry_lab,UMass Amherst,energy,71.0254
2016-01-11 04:00:00,3,Mouse_health_Ileana,Goessmann,chemistry_lab,UMass Amherst,energy,71.0254
2016-01-11 05:00:00,3,Mouse_health_Ileana,Goessmann,chemistry_lab,UMass Amherst,energy,71.0254
2016-01-11 06:00:00,3,Mouse_health_Ileana,Goessmann,chemistry_lab,UMass Amherst,energy,71.0254
2016-01-11 07:00:00,3,Mouse_health_Ileana,Goessmann,chemistry_lab,UMass Amherst,energy,71.0254
2016-01-11 08:00:00,3,Mouse_health_Ileana,Goessmann,chemistry_lab,UMass Amherst,energy,71.0254
2016-01-11 09:00:00,3,Mouse_health_Ileana,Goessmann,chemistry_lab,UMass Amherst,energy,71.0254
2016-01-11 10:00:00,3,Mouse_health_Ileana,Goessmann,chemistry_lab,UMass Amherst,energy,71.0254
2016-01-11 11:00:00,3,Mouse_health_Ileana,Goessmann,chemistry_lab,UMass Amherst,energy,71.0254
2016-01-11 12:00:00,3,Mouse_health_Ileana,Goessmann,chemistry_lab,UMass Amherst,energy,71.0254
2016-01-11 13:00:00,3,Mouse_health_Ileana,Goessmann,chemistry_lab,UMass Amherst,energy,71.0254
2016-01-11 14:00:00,3,Mouse_health_Ileana,Goessmann,chemistry_lab,UMass Amherst,energy,71.0254
2016-01-11 15:00:00,3,Mouse_health_Ileana,Goessmann,chemistry_lab,UMass Amherst,energy,71.0254
2016-01-11 16:00:00,3,Mouse_health_Ileana,Goessmann,chemistry_lab,UMass Amherst,energy,71.0254
2016-01-11 17:00:00,3,Mouse_health_Ileana,Goessmann,chemistry_lab,UMass Amherst,energy,71.0254
2016-01-11 18:00:00,3,Mouse_health_Ileana,Goessmann,chemistry_lab,UMass Amherst,energy,71.0254
2016-01-11 19:00:00,3,Mouse_health_Ileana,Goessmann,chemistry_lab,UMass Amherst,energy,71.0254
2016-01-11 20:00:00,3,Mouse_health_Ileana,Goessmann,chemistry_lab,UMass Amherst,energy,71.0254
2016-01-11 21:00:00,3,Mouse_health_Ileana,Goessmann,chemistry_lab,UMass Amherst,energy,71.0254
2016-01-11 22:00:00,3,Mouse_health_Ileana,Goessmann,chemistry_lab,UMass Amherst,energy,71.0254
2016-01-11 23:00:00,3,Mouse_health_Ileana,Goessmann,chemistry_lab,UMass Amherst,energy,71.0254
2016-01-12 00:00:00,3,Mouse_health_Ileana,Goessmann,chemistry_lab,UMass Amherst,energy,71.0254
2016-01-12 01:00:00,3,Mouse_health_Ileana,Goessmann,chemistry_lab,UMass Amherst,energy,71.0254
2016-01-12 02:00:00,3,Mouse_health_Ileana,Goessmann,chemistry_lab,UMass Amherst,energy,71.0254
2016-01-12 03:00:00,3,Mouse_health_Ileana,Goessmann,chemistry_lab,UMass Amherst,energy,71.0254
2016-01-12 04:00:00,3,Mouse_health_Ileana,Goessmann,chemistry_lab,UMass Amherst,energy,71.0254
2016-01-12 05:00:00,3,Mouse_health_Ileana,Goessmann,chemistry_lab,UMass Amherst,energy,71.0254
2016-01-12 06:00:00,3,Mouse_health_Ileana,Goessmann,chemistry_lab,UMass Amherst,energy,71.0254
2016-01-12 07:00:00,3,Mouse_health_Ileana,Goessmann,chemistry_lab,UMass Amherst,energy,71.0254
2016-01-12 08:00:00,3,Mouse_health_Ileana,Goessmann,chemistry_lab,UMass Amherst,energy,71.0254
2016-01-12 09:00:00,3,Mouse_health_Ileana,Goessmann,chemistry_lab,UMass Amherst,energy,71.0254
2016-01-12 10:00:00,3,Mouse_health_Ileana,Goessmann,chemistry_lab,UMass Amherst,energy,71.0254
2016-01-12 11:00:00,3,Mouse_health_Ileana,Goessmann,chemistry_lab,UMass Amherst,energy,71.0254
2016-01-12 12:00:00,3,Mouse_health_Ileana,Goessmann,chemistry_lab,UMass Amherst,energy,71.0254
2016-01-12 13:00:00,3,Mouse_health_Ileana,Goessmann,chemistry_lab,UMass Amherst,energy,71.0254
2016-01-12 14:00:00,3,Mouse_health_Ileana,Goessmann,chemistry_lab,UMass Amherst,energy,71.0254
2016-01-12 15:00:00,3,Mouse_health_Ileana,Goessmann,chemistry_lab,UMass Amherst,energy,71.0254
2016-01-12 16:00:00,3,Mouse_health_Ileana,Goessmann,chemistry_lab,UMass Amherst,energy,71.0254
2016-01-12 17:00:00,3,Mouse_health_Ileana,Goessmann,chemistry_lab,UMass Amherst,energy,71.0254
2016-01-12 18:00:00,3,Mouse_health_Ileana,Goessmann,chemistry_lab,UMass Amherst,energy,71.0254
2016-01-12 19:00:00,3,Mouse_health_Ileana,Goessmann,chemistry_lab,UMass Amherst,energy,71.0254
2016-01-12 20:00:00,3,Mouse_health_Ileana,Goessmann,chemistry_lab,UMass Amherst,energy,71.0254
2016-01-12 21:00:00,3,Mouse_health_Ileana,Goessmann,chemistry_lab,UMass Amherst,energy,71.0254
2016-01-12 22:00:00,3,Mouse_health_Ileana,Goessmann,chemistry_lab,UMass Amherst,energy,71.0254
2016-01-12 23:00:00,3,Mouse_health_Ileana,Goessmann,chemistry_lab,UMass Amherst,energy,71.0254
2016-01-13 00:00:00,3,Mouse_health_Ileana,Goessmann,chemistry_lab,UMass Amherst,energy,71.0254
2016-01-13 01:00:00,3,Mouse_health_Ileana,Goessmann,chemistry_lab,UMass Amherst,energy,71.0254
2016-01-13 02:00:00,3,Mouse_health_Ileana,Goessmann,chemistry_lab,UMass Amherst,energy,71.0254
2016-01-13 03:00:00,3,Mouse_health_Ileana,Goessmann,chemistry_lab,UMass Amherst,energy,71.0254
2016-01-13 04:00:00,3,Mouse_health_Ileana,Goessmann,chemistry_lab,UMass Amherst,energy,71.0254
2016-01-13 05:00:00,3,Mouse_health_Ileana,Goessmann,chemistry_lab,UMass Amherst,energy,71.0254
2016-01-13 06:00:00,3,Mouse_health_Ileana,Goessmann,chemistry_lab,UMass Amherst,energy,71.0254
2016-01-13 07:00:00,3,Mouse_health_Ileana,Goessmann,chemistry_lab,UMass Amherst,energy,71.0254
2016-01-13 08:00:00,3,Mouse_health_Ileana,Goessmann,chemistry_lab,UMass Amherst,energy,71.0254
2016-01-13 09:00:00,3,Mouse_health_Ileana,Goessmann,chemistry_lab,UMass Amherst,energy,71.0254
2016-01-13 10:00:00,3,Mouse_health_Ileana,Goessmann,chemistry_lab,UMass Amherst,energy,71.0254
2016-01-13 11:00:00,3,Mouse_health_Ileana,Goessmann,chemistry_lab,UMass Amherst,energy,71.0254
2016-01-13 12:00:00,3,Mouse_health_Ileana,Goessmann,chemistry_lab,UMass Amherst,energy,71.0254
2016-01-13 13:00:00,3,Mouse_health_Ileana,Goessmann,chemistry_lab,UMass Amherst,energy,71.0254
2016-01-13 14:00:00,3,Mouse_health_Ileana,Goessmann,chemistry_lab,UMass Amherst,energy,71.0254
2016-01-13 15:00:00,3,Mouse_health_Ileana,Goessmann,chemistry_lab,UMass Amherst,energy,71.0254
2016-01-13 16:00:00,3,Mouse_health_Ileana,Goessmann,chemistry_lab,UMass Amherst,energy,71.0254
2016-01-13 17:00:00,3,Mouse_health_Ileana,Goessmann,chemistry_lab,UMass Amherst,energy,71.0254
2016-01-13 18:00:00,3,Mouse_health_Ileana,Goessmann,chemistry_lab,UMass Amherst,energy,71.0254
2016-01-13 19:00:00,3,Mouse_health_Ileana,Goessmann,chemistry_lab,UMass Amherst,energy,71.0254
2016-01-13 20:00:00,3,Mouse_health_Ileana,Goessmann,chemistry_lab,UMass Amherst,energy,71.0254
2016-01-13 21:00:00,3,Mouse_health_Ileana,Goessmann,chemistry_lab,UMass Amherst,energy,71.0254
2016-01-13 22:00:00,3,Mouse_health_Ileana,Goessmann,chemistry_lab,UMass Amherst,energy,71.0254
2016-01-13 23:00:00,3,Mouse_health_Ileana,Goessmann,chemistry_lab,UMass Amherst,energy,71.0254
2016-01-14 00:00:00,3,Mouse_health_Ileana,Goessmann,chemistry_lab,UMass Amherst,energy,71.0254
2016-01-14 01:00:00,3,Mouse_health_Ileana,Goessmann,chemistry_lab,UMass Amherst,energy,71.0254
2016-01-14 02:00:00,3,Mouse_health_Ileana,Goessmann,chemistry_lab,UMass Amherst,energy,71.0254
2016-01-14 03:00:00,3,Mouse_health_Ileana,Goessmann,chemistry_lab,UMass Amherst,energy,71.0254
2016-01-14 04:00:00,3,Mouse_health_Ileana,Goessmann,chemistry_lab,UMass Amherst,energy,71.0254
2016-01-14 05:00:00,3,Mouse_health_Ileana,Goessmann,chemistry_lab,UMass Amherst,energy,71.0254
2016-01-14 06:00:00,3,Mouse_health_Ileana,Goessmann,chemistry_lab,UMass Amherst,energy,71.0254
2016-01-14 07:00:00,3,Mouse_health_Ileana,Goessmann,chemistry_lab,UMass Amherst,energy,71.0254
2016-01-14 08:00:00,3,Mouse_health_Ileana,Goessmann,chemistry_lab,UMass Amherst,energy,71.0254
2016-01-14 09:00:00,3,Mouse_health_Ileana,Goessmann,chemistry_lab,UMass Amherst,energy,71.0254
2016-01-14 10:00:00,3,Mouse_health_Ileana,Goessmann,chemistry_lab,UMass Amherst,energy,71.0254
2016-01-14 11:00:00,3,Mouse_health_Ileana,Goessmann,chemistry_lab,UMass Amherst,energy,71.0254
2016-01-14 12:00:00,3,Mouse_health_Ileana,Goessmann,chemistry_lab,UMass Amherst,energy,71.0254
2016-01-14 13:00:00,3,Mouse_health_Ileana,Goessmann,chemistry_lab,UMass Amherst,energy,71.0254
2016-01-14 14:00:00,3,Mouse_health_Ileana,Goessmann,chemistry_lab,UMass Amherst,energy,71.0254
2016-01-14 15:00:00,3,Mouse_health_Ileana,Goessmann,chemistry_lab,UMass Amherst,energy,71.0254
2016-01-14 16:00:00,3,Mouse_health_Ileana,Goessmann,chemistry_lab,UMass Amherst,energy,71.0254
2016-01-14 17:00:00,3,Mouse_health_Ileana,Goessmann,chemistry_lab,UMass Amherst,energy,71.0254
2016-01-14 18:00:00,3,Mouse_health_Ileana,Goessmann,chemistry_lab,UMass Amherst,energy,71.0254
2016-01-14 19:00:00,3,Mouse_health_Ileana,Goessmann,chemistry_lab,UMass Amherst,energy,71.0254
2016-01-14 20:00:00,3,Mouse_health_Ileana,Goessmann,chemistry_lab,UMass Amherst,energy,71.0254
2016-01-14 21:00:00,3,Mouse_health_Ileana,Goessmann,chemistry_lab,UMass Amherst,energy,71.0254
2016-01-14 22:00:00,3,Mouse_health_Ileana,Goessmann,chemistry_lab,UMass Amherst,energy,71.0254
2016-01-14 23:00:00,3,Mouse_health_Ileana,Goessmann,chemistry_lab,UMass Amherst,energy,71.0254
2016-01-15 00:00:00,3,Mouse_health_Ileana,Goessmann,chemistry_lab,UMass Amherst,energy,58.5127
2016-01-15 01:00:00,3,Mouse_health_Ileana,Goessmann,chemistry_lab,UMass Amherst,energy,59.5127
2016-01-15 02:00:00,3,Mouse_health_Ileana,Goessmann,chemistry_lab,UMass Amherst,energy,50.0
2016-01-15 03:00:00,3,Mouse_health_Ileana,Goessmann,chemistry_lab,UMass Amherst,energy,49.0
2016-01-15 04:00:00,3,Mouse_health_Ileana,Goessmann,chemistry_lab,UMass Amherst,energy,49.0
2016-01-15 05:00:00,3,Mouse_health_Ileana,Goessmann,chemistry_lab,UMass Amherst,energy,51.0
2016-01-15 06:00:00,3,Mouse_health_Ileana,Goessmann,chemistry_lab,UMass Amherst,energy,50.0
2016-01-15 07:00:00,3,Mouse_health_Ileana,Goessmann,chemistry_lab,UMass Amherst,energy,49.0
2016-01-15 08:00:00,3,Mouse_health_Ileana,Goessmann,chemistry_lab,UMass Amherst,energy,63.0
2016-01-15 09:00:00,3,Mouse_health_Ileana,Goessmann,chemistry_lab,UMass Amherst,energy,92.0
2016-01-15 10:00:00,3,Mouse_health_Ileana,Goessmann,chemistry_lab,UMass Amherst,energy,109.0
2016-01-15 11:00:00,3,Mouse_health_Ileana,Goessmann,chemistry_lab,UMass Amherst,energy,112.0
2016-01-15 12:00:00,3,Mouse_health_Ileana,Goessmann,chemistry_lab,UMass Amherst,energy,112.0
2016-01-15 13:00:00,3,Mouse_health_Ileana,Goessmann,chemistry_lab,UMass Amherst,energy,112.0
2016-01-15 14:00:00,3,Mouse_health_Ileana,Goessmann,chemistry_lab,UMass Amherst,energy,110.0
2016-01-15 15:00:00,3,Mouse_health_Ileana,Goessmann,chemistry_lab,UMass Amherst,energy,111.0
2016-01-15 16:00:00,3,Mouse_health_Ileana,Goessmann,chemistry_lab,UMass Amherst,energy,110.0
2016-01-15 17:00:00,3,Mouse_health_Ileana,Goessmann,chemistry_lab,UMass Amherst,energy,107.0
2016-01-15 18:00:00,3,Mouse_health_Ileana,Goessmann,chemistry_lab,UMass Amherst,energy,95.0
2016-01-15 19:00:00,3,Mouse_health_Ileana,Goessmann,chemistry_lab,UMass Amherst,energy,82.0
2016-01-15 20:00:00,3,Mouse_health_Ileana,Goessmann,chemistry_lab,UMass Amherst,energy,74.0
2016-01-15 21:00:00,3,Mouse_health_Ileana,Goessmann,chemistry_lab,UMass Amherst,energy,68.0
2016-01-15 22:00:00,3,Mouse_health_Ileana,Goessmann,chemistry_lab,UMass Amherst,energy,54.0
2016-01-15 23:00:00,3,Mouse_health_Ileana,Goessmann,chemistry_lab,UMass Amherst,energy,49.0
2016-01-16 00:00:00,3,Mouse_health_Ileana,Goessmann,chemistry_lab,UMass Amherst,energy,47.0
2016-01-16 01:00:00,3,Mouse_health_Ileana,Goessmann,chemistry_lab,UMass Amherst,energy,46.0
2016-01-16 02:00:00,3,Mouse_health_Ileana,Goessmann,chemistry_lab,UMass Amherst,energy,46.0
2016-01-16 03:00:00,3,Mouse_health_Ileana,Goessmann,chemistry_lab,UMass Amherst,energy,45.0
2016-01-16 04:00:00,3,Mouse_health_Ileana,Goessmann,chemistry_lab,UMass Amherst,energy,45.0
2016-01-16 05:00:00,3,Mouse_health_Ileana,Goessmann,chemistry_lab,UMass Amherst,energy,47.0
2016-01-16 06:00:00,3,Mouse_health_Ileana,Goessmann,chemistry_lab,UMass Amherst,energy,46.0
2016-01-16 07:00:00,3,Mouse_health_Ileana,Goessmann,chemistry_lab,UMass Amherst,energy,46.0
2016-01-16 08:00:00,3,Mouse_health_Ileana,Goessmann,chemistry_lab,UMass Amherst,energy,47.0
2016-01-16 09:00:00,3,Mouse_health_Ileana,Goessmann,chemistry_lab,UMass Amherst,energy,49.0
2016-01-16 10:00:00,3,Mouse_health_Ileana,Goessmann,chemistry_lab,UMass Amherst,energy,50.0
2016-01-16 11:00:00,3,Mouse_health_Ileana,Goessmann,chemistry_lab,UMass Amherst,energy,50.0
2016-01-16 12:00:00,3,Mouse_health_Ileana,Goessmann,chemistry_lab,UMass Amherst,energy,49.0
2016-01-16 13:00:00,3,Mouse_health_Ileana,Goessmann,chemistry_lab,UMass Amherst,energy,51.0
2016-01-16 14:00:00,3,Mouse_health_Ileana,Goessmann,chemistry_lab,UMass Amherst,energy,52.0
2016-01-16 15:00:00,3,Mouse_health_Ileana,Goessmann,chemistry_lab,UMass Amherst,energy,50.0
2016-01-16 16:00:00,3,Mouse_health_Ileana,Goessmann,chemistry_lab,UMass Amherst,energy,51.0
2016-01-16 17:00:00,3,Mouse_health_Ileana,Goessmann,chemistry_lab,UMass Amherst,energy,50.0
2016-01-16 18:00:00,3,Mouse_health_Ileana,Goessmann,chemistry_lab,UMass Amherst,energy,50.0
2016-01-16 19:00:00,3,Mouse_health_Ileana,Goessmann,chemistry_lab,UMass Amherst,energy,49.0
2016-01-16 20:00:00,3,Mouse_health_Ileana,Goessmann,chemistry_lab,UMass Amherst,energy,50.0
2016-01-16 21:00:00,3,Mouse_health_Ileana,Goessmann,chemistry_lab,UMass Amherst,energy,49.0
2016-01-16 22:00:00,3,Mouse_health_Ileana,Goessmann,chemistry_lab,UMass Amherst,energy,49.0
2016-01-16 23:00:00,3,Mouse_health_Ileana,Goessmann,chemistry_lab,UMass Amherst,energy,48.0
2016-01-17 00:00:00,3,Mouse_health_Ileana,Goessmann,chemistry_lab,UMass Amherst,energy,48.0
2016-01-17 01:00:00,3,Mouse_health_Ileana,Goessmann,chemistry_lab,UMass Amherst,energy,48.0
2016-01-17 02:00:00,3,Mouse_health_Ileana,Goessmann,chemistry_lab,UMass Amherst,energy,47.0
2016-01-17 03:00:00,3,Mouse_health_Ileana,Goessmann,chemistry_lab,UMass Amherst,energy,47.0
2016-01-17 04:00:00,3,Mouse_health_Ileana,Goessmann,chemistry_lab,UMass Amherst,energy,48.0
2016-01-17 05:00:00,3,Mouse_health_Ileana,Goessmann,chemistry_lab,UMass Amherst,energy,48.0
2016-01-17 06:00:00,3,Mouse_health_Ileana,Goessmann,chemistry_lab,UMass Amherst,energy,49.0
2016-01-17 07:00:00,3,Mouse_health_Ileana,Goessmann,chemistry_lab,UMass Amherst,energy,47.0
2016-01-17 08:00:00,3,Mouse_health_Ileana,Goessmann,chemistry_lab,UMass Amherst,energy,49.0
2016-01-17 09:00:00,3,Mouse_health_Ileana,Goessmann,chemistry_lab,UMass Amherst,energy,49.0
2016-01-17 10:00:00,3,Mouse_health_Ileana,Goessmann,chemistry_lab,UMass Amherst,energy,52.0
2016-01-17 11:00:00,3,Mouse_health_Ileana,Goessmann,chemistry_lab,UMass Amherst,energy,51.0
2016-01-17 12:00:00,3,Mouse_health_Ileana,Goessmann,chemistry_lab,UMass Amherst,energy,49.0
2016-01-17 13:00:00,3,Mouse_health_Ileana,Goessmann,chemistry_lab,UMass Amherst,energy,52.0
2016-01-17 14:00:00,3,Mouse_health_Ileana,Goessmann,chemistry_lab,UMass Amherst,energy,49.0
2016-01-17 15:00:00,3,Mouse_health_Ileana,Goessmann,chemistry_lab,UMass Amherst,energy,50.0
2016-01-17 16:00:00,3,Mouse_health_Ileana,Goessmann,chemistry_lab,UMass Amherst,energy,50.0
2016-01-17 17:00:00,3,Mouse_health_Ileana,Goessmann,chemistry_lab,UMass Amherst,energy,49.0
2016-01-17 18:00:00,3,Mouse_health_Ileana,Goessmann,chemistry_lab,UMass Amherst,energy,50.0
2016-01-17 19:00:00,3,Mouse_health_Ileana,Goessmann,chemistry_lab,UMass Amherst,energy,50.0
2016-01-17 20:00:00,3,Mouse_health_Ileana,Goessmann,chemistry_lab,UMass Amherst,energy,50.0
2016-01-17 21:00:00,3,Mouse_health_Ileana,Goessmann,chemistry_lab,UMass Amherst,energy,48.0
2016-01-17 22:00:00,3,Mouse_health_Ileana,Goessmann,chemistry_lab,UMass Amherst,energy,48.0
2016-01-17 23:00:00,3,Mouse_health_Ileana,Goessmann,chemistry_lab,UMass Amherst,energy,47.0
2016-01-18 00:00:00,3,Mouse_health_Ileana,Goessmann,chemistry_lab,UMass Amherst,energy,51.0
2016-01-18 01:00:00,3,Mouse_health_Ileana,Goessmann,chemistry_lab,UMass Amherst,energy,46.0
2016-01-18 02:00:00,3,Mouse_health_Ileana,Goessmann,chemistry_lab,UMass Amherst,energy,47.0
2016-01-18 03:00:00,3,Mouse_health_Ileana,Goessmann,chemistry_lab,UMass Amherst,energy,45.0
2016-01-18 04:00:00,3,Mouse_health_Ileana,Goessmann,chemistry_lab,UMass Amherst,energy,46.0
2016-01-18 05:00:00,3,Mouse_health_Ileana,Goessmann,chemistry_lab,UMass Amherst,energy,47.0
2016-01-18 06:00:00,3,Mouse_health_Ileana,Goessmann,chemistry_lab,UMass Amherst,energy,46.0
2016-01-18 07:00:00,3,Mouse_health_Ileana,Goessmann,chemistry_lab,UMass Amherst,energy,47.0
2016-01-18 08:00:00,3,Mouse_health_Ileana,Goessmann,chemistry_lab,UMass Amherst,energy,60.0
2016-01-18 09:00:00,3,Mouse_health_Ileana,Goessmann,chemistry_lab,UMass Amherst,energy,91.0
2016-01-18 10:00:00,3,Mouse_health_Ileana,Goessmann,chemistry_lab,UMass Amherst,energy,107.0
2016-01-18 11:00:00,3,Mouse_health_Ileana,Goessmann,chemistry_lab,UMass Amherst,energy,109.0
2016-01-18 12:00:00,3,Mouse_health_Ileana,Goessmann,chemistry_lab,UMass Amherst,energy,108.0
2016-01-18 13:00:00,3,Mouse_health_Ileana,Goessmann,chemistry_lab,UMass Amherst,energy,108.0
2016-01-18 14:00:00,3,Mouse_health_Ileana,Goessmann,chemistry_lab,UMass Amherst,energy,113.0
2016-01-18 15:00:00,3,Mouse_health_Ileana,Goessmann,chemistry_lab,UMass Amherst,energy,112.0
2016-01-18 16:00:00,3,Mouse_health_Ileana,Goessmann,chemistry_lab,UMass Amherst,energy,114.0
2016-01-18 17:00:00,3,Mouse_health_Ileana,Goessmann,chemistry_lab,UMass Amherst,energy,107.0
2016-01-18 18:00:00,3,Mouse_health_Ileana,Goessmann,chemistry_lab,UMass Amherst,energy,102.0
2016-01-18 19:00:00,3,Mouse_health_Ileana,Goessmann,chemistry_lab,UMass Amherst,energy,85.0
2016-01-18 20:00:00,3,Mouse_health_Ileana,Goessmann,chemistry_lab,UMass Amherst,energy,74.0
2016-01-18 21:00:00,3,Mouse_health_Ileana,Goessmann,chemistry_lab,UMass Amherst,energy,69.0
2016-01-18 22:00:00,3,Mouse_health_Ileana,Goessmann,chemistry_lab,UMass Amherst,energy,60.0
2016-01-18 23:00:00,3,Mouse_health_Ileana,Goessmann,chemistry_lab,UMass Amherst,energy,55.0
2016-01-19 00:00:00,3,Mouse_health_Ileana,Goessmann,chemistry_lab,UMass Amherst,energy,54.0
2016-01-19 01:00:00,3,Mouse_health_Ileana,Goessmann,chemistry_lab,UMass Amherst,energy,54.0
2016-01-19 02:00:00,3,Mouse_health_Ileana,Goessmann,chemistry_lab,UMass Amherst,energy,53.0
2016-01-19 03:00:00,3,Mouse_health_Ileana,Goessmann,chemistry_lab,UMass Amherst,energy,54.0
2016-01-19 04:00:00,3,Mouse_health_Ileana,Goessmann,chemistry_lab,UMass Amherst,energy,53.0
2016-01-19 05:00:00,3,Mouse_health_Ileana,Goessmann,chemistry_lab,UMass Amherst,energy,53.0
2016-01-19 06:00:00,3,Mouse_health_Ileana,Goessmann,chemistry_lab,UMass Amherst,energy,54.0
2016-01-19 07:00:00,3,Mouse_health_Ileana,Goessmann,chemistry_lab,UMass Amherst,energy,55.0
2016-01-19 08:00:00,3,Mouse_health_Ileana,Goessmann,chemistry_lab,UMass Amherst,energy,69.0
2016-01-19 09:00:00,3,Mouse_health_Ileana,Goessmann,chemistry_lab,UMass Amherst,energy,92.0
2016-01-19 10:00:00,3,Mouse_health_Ileana,Goessmann,chemistry_lab,UMass Amherst,energy,112.0
2016-01-19 11:00:00,3,Mouse_health_Ileana,Goessmann,chemistry_lab,UMass Amherst,energy,123.0
2016-01-19 12:00:00,3,Mouse_health_Ileana,Goessmann,chemistry_lab,UMass Amherst,energy,126.0
2016-01-19 13:00:00,3,Mouse_health_Ileana,Goessmann,chemistry_lab,UMass Amherst,energy,123.0
2016-01-19 14:00:00,3,Mouse_health_Ileana,Goessmann,chemistry_lab,UMass Amherst,energy,123.0
2016-01-19 15:00:00,3,Mouse_health_Ileana,Goessmann,chemistry_lab,UMass Amherst,energy,120.0
2016-01-19 16:00:00,3,Mouse_health_Ileana,Goessmann,chemistry_lab,UMass Amherst,energy,118.0
2016-01-19 17:00:00,3,Mouse_health_Ileana,Goessmann,chemistry_lab,UMass Amherst,energy,113.0
2016-01-19 18:00:00,3,Mouse_health_Ileana,Goessmann,chemistry_lab,UMass Amherst,energy,107.0
2016-01-19 19:00:00,3,Mouse_health_Ileana,Goessmann,chemistry_lab,UMass Amherst,energy,83.0
2016-01-19 20:00:00,3,Mouse_health_Ileana,Goessmann,chemistry_lab,UMass Amherst,energy,74.0
2016-01-19 21:00:00,3,Mouse_health_Ileana,Goessmann,chemistry_lab,UMass Amherst,energy,69.0
2016-01-19 22:00:00,3,Mouse_health_Ileana,Goessmann,chemistry_lab,UMass Amherst,energy,54.0
2016-01-19 23:00:00,3,Mouse_health_Ileana,Goessmann,chemistry_lab,UMass Amherst,energy,55.0
2016-01-20 00:00:00,3,Mouse_health_Ileana,Goessmann,chemistry_lab,UMass Amherst,energy,53.0
2016-01-20 01:00:00,3,Mouse_health_Ileana,Goessmann,chemistry_lab,UMass Amherst,energy,51.0
2016-01-20 02:00:00,3,Mouse_health_Ileana,Goessmann,chemistry_lab,UMass Amherst,energy,50.0
2016-01-20 03:00:00,3,Mouse_health_Ileana,Goessmann,chemistry_lab,UMass Amherst,energy,51.0
2016-01-20 04:00:00,3,Mouse_health_Ileana,Goessmann,chemistry_lab,UMass Amherst,energy,51.0
2016-01-20 05:00:00,3,Mouse_health_Ileana,Goessmann,chemistry_lab,UMass Amherst,energy,52.0
2016-01-20 06:00:00,3,Mouse_health_Ileana,Goessmann,chemistry_lab,UMass Amherst,energy,51.0
2016-01-20 07:00:00,3,Mouse_health_Ileana,Goessmann,chemistry_lab,UMass Amherst,energy,51.0
2016-01-20 08:00:00,3,Mouse_health_Ileana,Goessmann,chemistry_lab,UMass Amherst,energy,74.0
2016-01-20 09:00:00,3,Mouse_health_Ileana,Goessmann,chemistry_lab,UMass Amherst,energy,99.0
2016-01-20 10:00:00,3,Mouse_health_Ileana,Goessmann,chemistry_lab,UMass Amherst,energy,120.0
2016-01-20 11:00:00,3,Mouse_health_Ileana,Goessmann,chemistry_lab,UMass Amherst,energy,120.0
2016-01-20 12:00:00,3,Mouse_health_Ileana,Goessmann,chemistry_lab,UMass Amherst,energy,123.0
2016-01-20 13:00:00,3,Mouse_health_Ileana,Goessmann,chemistry_lab,UMass Amherst,energy,120.0
2016-01-20 14:00:00,3,Mouse_health_Ileana,Goessmann,chemistry_lab,UMass Amherst,energy,119.0
2016-01-20 15:00:00,3,Mouse_health_Ileana,Goessmann,chemistry_lab,UMass Amherst,energy,117.0
2016-01-20 16:00:00,3,Mouse_health_Ileana,Goessmann,chemistry_lab,UMass Amherst,energy,121.0
2016-01-20 17:00:00,3,Mouse_health_Ileana,Goessmann,chemistry_lab,UMass Amherst,energy,110.0
2016-01-20 18:00:00,3,Mouse_health_Ileana,Goessmann,chemistry_lab,UMass Amherst,energy,106.0
2016-01-20 19:00:00,3,Mouse_health_Ileana,Goessmann,chemistry_lab,UMass Amherst,energy,85.0
2016-01-20 20:00:00,3,Mouse_health_Ileana,Goessmann,chemistry_lab,UMass Amherst,energy,70.0
2016-01-20 21:00:00,3,Mouse_health_Ileana,Goessmann,chemistry_lab,UMass Amherst,energy,66.0
2016-01-20 22:00:00,3,Mouse_health_Ileana,Goessmann,chemistry_lab,UMass Amherst,energy,56.0
2016-01-20 23:00:00,3,Mouse_health_Ileana,Goessmann,chemistry_lab,UMass Amherst,energy,53.0
2016-01-21 00:00:00,3,Mouse_health_Ileana,Goessmann,chemistry_lab,UMass Amherst,energy,52.0
2016-01-21 01:00:00,3,Mouse_health_Ileana,Goessmann,chemistry_lab,UMass Amherst,energy,50.0
2016-01-21 02:00:00,3,Mouse_health_Ileana,Goessmann,chemistry_lab,UMass Amherst,energy,50.0
2016-01-21 03:00:00,3,Mouse_health_Ileana,Goessmann,chemistry_lab,UMass Amherst,energy,50.0
2016-01-21 04:00:00,3,Mouse_health_Ileana,Goessmann,chemistry_lab,UMass Amherst,energy,51.0
2016-01-21 05:00:00,3,Mouse_health_Ileana,Goessmann,chemistry_lab,UMass Amherst,energy,51.0
2016-01-21 06:00:00,3,Mouse_health_Ileana,Goessmann,chemistry_lab,UMass Amherst,energy,51.0
2016-01-21 07:00:00,3,Mouse_health_Ileana,Goessmann,chemistry_lab,UMass Amherst,energy,51.0
2016-01-21 08:00:00,3,Mouse_health_Ileana,Goessmann,chemistry_lab,UMass Amherst,energy,75.0
2016-01-21 09:00:00,3,Mouse_health_Ileana,Goessmann,chemistry_lab,UMass Amherst,energy,98.0
2016-01-21 10:00:00,3,Mouse_health_Ileana,Goessmann,chemistry_lab,UMass Amherst,energy,116.0
2016-01-21 11:00:00,3,Mouse_health_Ileana,Goessmann,chemistry_lab,UMass Amherst,energy,116.0
2016-01-21 12:00:00,3,Mouse_health_Ileana,Goessmann,chemistry_lab,UMass Amherst,energy,116.0
2016-01-21 13:00:00,3,Mouse_health_Ileana,Goessmann,chemistry_lab,UMass Amherst,energy,112.0
2016-01-21 14:00:00,3,Mouse_health_Ileana,Goessmann,chemistry_lab,UMass Amherst,energy,113.0
2016-01-21 15:00:00,3,Mouse_health_Ileana,Goessmann,chemistry_lab,UMass Amherst,energy,110.0
2016-01-21 16:00:00,3,Mouse_health_Ileana,Goessmann,chemistry_lab,UMass Amherst,energy,115.0
2016-01-21 17:00:00,3,Mouse_health_Ileana,Goessmann,chemistry_lab,UMass Amherst,energy,109.0
2016-01-21 18:00:00,3,Mouse_health_Ileana,Goessmann,chemistry_lab,UMass Amherst,energy,100.0
2016-01-21 19:00:00,3,Mouse_health_Ileana,Goessmann,chemistry_lab,UMass Amherst,energy,77.0
2016-01-21 20:00:00,3,Mouse_health_Ileana,Goessmann,chemistry_lab,UMass Amherst,energy,67.0
2016-01-21 21:00:00,3,Mouse_health_Ileana,Goessmann,chemistry_lab,UMass Amherst,energy,64.0
2016-01-21 22:00:00,3,Mouse_health_Ileana,Goessmann,chemistry_lab,UMass Amherst,energy,55.0
2016-01-21 23:00:00,3,Mouse_health_Ileana,Goessmann,chemistry_lab,UMass Amherst,energy,52.0
2016-01-22 00:00:00,3,Mouse_health_Ileana,Goessmann,chemistry_lab,UMass Amherst,energy,48.0
2016-01-22 01:00:00,3,Mouse_health_Ileana,Goessmann,chemistry_lab,UMass Amherst,energy,48.0
2016-01-22 02:00:00,3,Mouse_health_Ileana,Goessmann,chemistry_lab,UMass Amherst,energy,48.0
2016-01-22 03:00:00,3,Mouse_health_Ileana,Goessmann,chemistry_lab,UMass Amherst,energy,48.0
2016-01-22 04:00:00,3,Mouse_health_Ileana,Goessmann,chemistry_lab,UMass Amherst,energy,48.0
2016-01-22 05:00:00,3,Mouse_health_Ileana,Goessmann,chemistry_lab,UMass Amherst,energy,48.0
2016-01-22 06:00:00,3,Mouse_health_Ileana,Goessmann,chemistry_lab,UMass Amherst,energy,47.0
2016-01-22 07:00:00,3,Mouse_health_Ileana,Goessmann,chemistry_lab,UMass Amherst,energy,47.0
2016-01-22 08:00:00,3,Mouse_health_Ileana,Goessmann,chemistry_lab,UMass Amherst,energy,66.0
2016-01-22 09:00:00,3,Mouse_health_Ileana,Goessmann,chemistry_lab,UMass Amherst,energy,92.0
2016-01-22 10:00:00,3,Mouse_health_Ileana,Goessmann,chemistry_lab,UMass Amherst,energy,113.0
2016-01-22 11:00:00,3,Mouse_health_Ileana,Goessmann,chemistry_lab,UMass Amherst,energy,114.0
2016-01-22 12:00:00,3,Mouse_health_Ileana,Goessmann,chemistry_lab,UMass Amherst,energy,115.0
2016-01-22 13:00:00,3,Mouse_health_Ileana,Goessmann,chemistry_lab,UMass Amherst,energy,111.0
2016-01-22 14:00:00,3,Mouse_health_Ileana,Goessmann,chemistry_lab,UMass Amherst,energy,112.0
2016-01-22 15:00:00,3,Mouse_health_Ileana,Goessmann,chemistry_lab,UMass Amherst,energy,107.0
2016-01-22 16:00:00,3,Mouse_health_Ileana,Goessmann,chemistry_lab,UMass Amherst,energy,105.0
2016-01-22 17:00:00,3,Mouse_health_Ileana,Goessmann,chemistry_lab,UMass Amherst,energy,99.0
2016-01-22 18:00:00,3,Mouse_health_Ileana,Goessmann,chemistry_lab,UMass Amherst,energy,92.0
2016-01-22 19:00:00,3,Mouse_health_Ileana,Goessmann,chemistry_lab,UMass Amherst,energy,79.0
2016-01-22 20:00:00,3,Mouse_health_Ileana,Goessmann,chemistry_lab,UMass Amherst,energy,69.0
2016-01-22 21:00:00,3,Mouse_health_Ileana,Goessmann,chemistry_lab,UMass Amherst,energy,62.0
2016-01-22 22:00:00,3,Mouse_health_Ileana,Goessmann,chemistry_lab,UMass Amherst,energy,52.0
2016-01-22 23:00:00,3,Mouse_health_Ileana,Goessmann,chemistry_lab,UMass Amherst,energy,48.0
2016-01-23 00:00:00,3,Mouse_health_Ileana,Goessmann,chemistry_lab,UMass Amherst,energy,46.0
2016-01-23 01:00:00,3,Mouse_health_Ileana,Goessmann,chemistry_lab,UMass Amherst,energy,46.0
2016-01-23 02:00:00,3,Mouse_health_Ileana,Goessmann,chemistry_lab,UMass Amherst,energy,47.0
2016-01-23 03:00:00,3,Mouse_health_Ileana,Goessmann,chemistry_lab,UMass Amherst,energy,45.0
2016-01-23 04:00:00,3,Mouse_health_Ileana,Goessmann,chemistry_lab,UMass Amherst,energy,45.0
2016-01-23 05:00:00,3,Mouse_health_Ileana,Goessmann,chemistry_lab,UMass Amherst,energy,45.0
2016-01-23 06:00:00,3,Mouse_health_Ileana,Goessmann,chemistry_lab,UMass Amherst,energy,45.0
2016-01-23 07:00:00,3,Mouse_health_Ileana,Goessmann,chemistry_lab,UMass Amherst,energy,45.0
2016-01-23 08:00:00,3,Mouse_health_Ileana,Goessmann,chemistry_lab,UMass Amherst,energy,46.0
2016-01-23 09:00:00,3,Mouse_health_Ileana,Goessmann,chemistry_lab,UMass Amherst,energy,47.0
2016-01-23 10:00:00,3,Mouse_health_Ileana,Goessmann,chemistry_lab,UMass Amherst,energy,51.0
2016-01-23 11:00:00,3,Mouse_health_Ileana,Goessmann,chemistry_lab,UMass Amherst,energy,49.0
2016-01-23 12:00:00,3,Mouse_health_Ileana,Goessmann,chemistry_lab,UMass Amherst,energy,49.0
2016-01-23 13:00:00,3,Mouse_health_Ileana,Goessmann,chemistry_lab,UMass Amherst,energy,51.0
2016-01-23 14:00:00,3,Mouse_health_Ileana,Goessmann,chemistry_lab,UMass Amherst,energy,49.0
2016-01-23 15:00:00,3,Mouse_health_Ileana,Goessmann,chemistry_lab,UMass Amherst,energy,48.0
2016-01-23 16:00:00,3,Mouse_health_Ileana,Goessmann,chemistry_lab,UMass Amherst,energy,48.0
2016-01-23 17:00:00,3,Mouse_health_Ileana,Goessmann,chemistry_lab,UMass Amherst,energy,49.0
2016-01-23 18:00:00,3,Mouse_health_Ileana,Goessmann,chemistry_lab,UMass Amherst,energy,48.0
2016-01-23 19:00:00,3,Mouse_health_Ileana,Goessmann,chemistry_lab,UMass Amherst,energy,47.0
2016-01-23 20:00:00,3,Mouse_health_Ileana,Goessmann,chemistry_lab,UMass Amherst,energy,49.0
2016-01-23 21:00:00,3,Mouse_health_Ileana,Goessmann,chemistry_lab,UMass Amherst,energy,48.0
2016-01-23 22:00:00,3,Mouse_health_Ileana,Goessmann,chemistry_lab,UMass Amherst,energy,47.0
2016-01-23 23:00:00,3,Mouse_health_Ileana,Goessmann,chemistry_lab,UMass Amherst,energy,46.0
2016-01-24 00:00:00,3,Mouse_health_Ileana,Goessmann,chemistry_lab,UMass Amherst,energy,45.0
2016-01-24 01:00:00,3,Mouse_health_Ileana,Goessmann,chemistry_lab,UMass Amherst,energy,44.0
2016-01-24 02:00:00,3,Mouse_health_Ileana,Goessmann,chemistry_lab,UMass Amherst,energy,45.0
2016-01-24 03:00:00,3,Mouse_health_Ileana,Goessmann,chemistry_lab,UMass Amherst,energy,44.0
2016-01-24 04:00:00,3,Mouse_health_Ileana,Goessmann,chemistry_lab,UMass Amherst,energy,45.0
2016-01-24 05:00:00,3,Mouse_health_Ileana,Goessmann,chemistry_lab,UMass Amherst,energy,45.0
2016-01-24 06:00:00,3,Mouse_health_Ileana,Goessmann,chemistry_lab,UMass Amherst,energy,44.0
2016-01-24 07:00:00,3,Mouse_health_Ileana,Goessmann,chemistry_lab,UMass Amherst,energy,44.0
2016-01-24 08:00:00,3,Mouse_health_Ileana,Goessmann,chemistry_lab,UMass Amherst,energy,45.0
2016-01-24 09:00:00,3,Mouse_health_Ileana,Goessmann,chemistry_lab,UMass Amherst,energy,44.0
2016-01-24 10:00:00,3,Mouse_health_Ileana,Goessmann,chemistry_lab,UMass Amherst,energy,47.0
2016-01-24 11:00:00,3,Mouse_health_Ileana,Goessmann,chemistry_lab,UMass Amherst,energy,46.0
2016-01-24 12:00:00,3,Mouse_health_Ileana,Goessmann,chemistry_lab,UMass Amherst,energy,46.0
2016-01-24 13:00:00,3,Mouse_health_Ileana,Goessmann,chemistry_lab,UMass Amherst,energy,45.0
2016-01-24 14:00:00,3,Mouse_health_Ileana,Goessmann,chemistry_lab,UMass Amherst,energy,47.0
2016-01-24 15:00:00,3,Mouse_health_Ileana,Goessmann,chemistry_lab,UMass Amherst,energy,46.0
2016-01-24 16:00:00,3,Mouse_health_Ileana,Goessmann,chemistry_lab,UMass Amherst,energy,47.0
2016-01-24 17:00:00,3,Mouse_health_Ileana,Goessmann,chemistry_lab,UMass Amherst,energy,46.0
2016-01-24 18:00:00,3,Mouse_health_Ileana,Goessmann,chemistry_lab,UMass Amherst,energy,48.0
2016-01-24 19:00:00,3,Mouse_health_Ileana,Goessmann,chemistry_lab,UMass Amherst,energy,46.0
2016-01-24 20:00:00,3,Mouse_health_Ileana,Goessmann,chemistry_lab,UMass Amherst,energy,47.0
2016-01-24 21:00:00,3,Mouse_health_Ileana,Goessmann,chemistry_lab,UMass Amherst,energy,46.0
2016-01-24 22:00:00,3,Mouse_health_Ileana,Goessmann,chemistry_lab,UMass Amherst,energy,46.0
2016-01-24 23:00:00,3,Mouse_health_Ileana,Goessmann,chemistry_lab,UMass Amherst,energy,46.0
2016-01-25 00:00:00,3,Mouse_health_Ileana,Goessmann,chemistry_lab,UMass Amherst,energy,50.0
2016-01-25 01:00:00,3,Mouse_health_Ileana,Goessmann,chemistry_lab,UMass Amherst,energy,43.0
2016-01-25 02:00:00,3,Mouse_health_Ileana,Goessmann,chemistry_lab,UMass Amherst,energy,44.0
2016-01-25 03:00:00,3,Mouse_health_Ileana,Goessmann,chemistry_lab,UMass Amherst,energy,44.0
2016-01-25 04:00:00,3,Mouse_health_Ileana,Goessmann,chemistry_lab,UMass Amherst,energy,45.0
2016-01-25 05:00:00,3,Mouse_health_Ileana,Goessmann,chemistry_lab,UMass Amherst,energy,46.0
2016-01-25 06:00:00,3,Mouse_health_Ileana,Goessmann,chemistry_lab,UMass Amherst,energy,45.0
2016-01-25 07:00:00,3,Mouse_health_Ileana,Goessmann,chemistry_lab,UMass Amherst,energy,45.0
2016-01-25 08:00:00,3,Mouse_health_Ileana,Goessmann,chemistry_lab,UMass Amherst,energy,63.0
2016-01-25 09:00:00,3,Mouse_health_Ileana,Goessmann,chemistry_lab,UMass Amherst,energy,83.0
2016-01-25 10:00:00,3,Mouse_health_Ileana,Goessmann,chemistry_lab,UMass Amherst,energy,99.0
2016-01-25 11:00:00,3,Mouse_health_Ileana,Goessmann,chemistry_lab,UMass Amherst,energy,99.0
2016-01-25 12:00:00,3,Mouse_health_Ileana,Goessmann,chemistry_lab,UMass Amherst,energy,103.0
2016-01-25 13:00:00,3,Mouse_health_Ileana,Goessmann,chemistry_lab,UMass Amherst,energy,103.0
2016-01-25 14:00:00,3,Mouse_health_Ileana,Goessmann,chemistry_lab,UMass Amherst,energy,106.0
2016-01-25 15:00:00,3,Mouse_health_Ileana,Goessmann,chemistry_lab,UMass Amherst,energy,107.0
2016-01-25 16:00:00,3,Mouse_health_Ileana,Goessmann,chemistry_lab,UMass Amherst,energy,110.0
2016-01-25 17:00:00,3,Mouse_health_Ileana,Goessmann,chemistry_lab,UMass Amherst,energy,105.0
2016-01-25 18:00:00,3,Mouse_health_Ileana,Goessmann,chemistry_lab,UMass Amherst,energy,97.0
2016-01-25 19:00:00,3,Mouse_health_Ileana,Goessmann,chemistry_lab,UMass Amherst,energy,78.0
2016-01-25 20:00:00,3,Mouse_health_Ileana,Goessmann,chemistry_lab,UMass Amherst,energy,70.0
2016-01-25 21:00:00,3,Mouse_health_Ileana,Goessmann,chemistry_lab,UMass Amherst,energy,69.0
2016-01-25 22:00:00,3,Mouse_health_Ileana,Goessmann,chemistry_lab,UMass Amherst,energy,59.0
2016-01-25 23:00:00,3,Mouse_health_Ileana,Goessmann,chemistry_lab,UMass Amherst,energy,54.0
2016-01-26 00:00:00,3,Mouse_health_Ileana,Goessmann,chemistry_lab,UMass Amherst,energy,51.0
2016-01-26 01:00:00,3,Mouse_health_Ileana,Goessmann,chemistry_lab,UMass Amherst,energy,52.0
2016-01-26 02:00:00,3,Mouse_health_Ileana,Goessmann,chemistry_lab,UMass Amherst,energy,51.0
2016-01-26 03:00:00,3,Mouse_health_Ileana,Goessmann,chemistry_lab,UMass Amherst,energy,52.0
2016-01-26 04:00:00,3,Mouse_health_Ileana,Goessmann,chemistry_lab,UMass Amherst,energy,52.0
2016-01-26 05:00:00,3,Mouse_health_Ileana,Goessmann,chemistry_lab,UMass Amherst,energy,52.0
2016-01-26 06:00:00,3,Mouse_health_Ileana,Goessmann,chemistry_lab,UMass Amherst,energy,51.0
2016-01-26 07:00:00,3,Mouse_health_Ileana,Goessmann,chemistry_lab,UMass Amherst,energy,53.0
2016-01-26 08:00:00,3,Mouse_health_Ileana,Goessmann,chemistry_lab,UMass Amherst,energy,66.0
2016-01-26 09:00:00,3,Mouse_health_Ileana,Goessmann,chemistry_lab,UMass Amherst,energy,82.0
2016-01-26 10:00:00,3,Mouse_health_Ileana,Goessmann,chemistry_lab,UMass Amherst,energy,105.0
2016-01-26 11:00:00,3,Mouse_health_Ileana,Goessmann,chemistry_lab,UMass Amherst,energy,106.0
2016-01-26 12:00:00,3,Mouse_health_Ileana,Goessmann,chemistry_lab,UMass Amherst,energy,107.0
2016-01-26 13:00:00,3,Mouse_health_Ileana,Goessmann,chemistry_lab,UMass Amherst,energy,105.0
2016-01-26 14:00:00,3,Mouse_health_Ileana,Goessmann,chemistry_lab,UMass Amherst,energy,108.0
2016-01-26 15:00:00,3,Mouse_health_Ileana,Goessmann,chemistry_lab,UMass Amherst,energy,109.0
2016-01-26 16:00:00,3,Mouse_health_Ileana,Goessmann,chemistry_lab,UMass Amherst,energy,107.0
2016-01-26 17:00:00,3,Mouse_health_Ileana,Goessmann,chemistry_lab,UMass Amherst,energy,102.0
2016-01-26 18:00:00,3,Mouse_health_Ileana,Goessmann,chemistry_lab,UMass Amherst,energy,95.0
2016-01-26 19:00:00,3,Mouse_health_Ileana,Goessmann,chemistry_lab,UMass Amherst,energy,82.0
2016-01-26 20:00:00,3,Mouse_health_Ileana,Goessmann,chemistry_lab,UMass Amherst,energy,74.0
2016-01-26 21:00:00,3,Mouse_health_Ileana,Goessmann,chemistry_lab,UMass Amherst,energy,64.0
2016-01-26 22:00:00,3,Mouse_health_Ileana,Goessmann,chemistry_lab,UMass Amherst,energy,55.0
2016-01-26 23:00:00,3,Mouse_health_Ileana,Goessmann,chemistry_lab,UMass Amherst,energy,50.0
2016-01-27 00:00:00,3,Mouse_health_Ileana,Goessmann,chemistry_lab,UMass Amherst,energy,49.0
2016-01-27 01:00:00,3,Mouse_health_Ileana,Goessmann,chemistry_lab,UMass Amherst,energy,48.0
2016-01-27 02:00:00,3,Mouse_health_Ileana,Goessmann,chemistry_lab,UMass Amherst,energy,48.0
2016-01-27 03:00:00,3,Mouse_health_Ileana,Goessmann,chemistry_lab,UMass Amherst,energy,48.0
2016-01-27 04:00:00,3,Mouse_health_Ileana,Goessmann,chemistry_lab,UMass Amherst,energy,47.0
2016-01-27 05:00:00,3,Mouse_health_Ileana,Goessmann,chemistry_lab,UMass Amherst,energy,48.0
2016-01-27 06:00:00,3,Mouse_health_Ileana,Goessmann,chemistry_lab,UMass Amherst,energy,47.0
2016-01-27 07:00:00,3,Mouse_health_Ileana,Goessmann,chemistry_lab,UMass Amherst,energy,48.0
2016-01-27 08:00:00,3,Mouse_health_Ileana,Goessmann,chemistry_lab,UMass Amherst,energy,58.0
2016-01-27 09:00:00,3,Mouse_health_Ileana,Goessmann,chemistry_lab,UMass Amherst,energy,84.0
2016-01-27 10:00:00,3,Mouse_health_Ileana,Goessmann,chemistry_lab,UMass Amherst,energy,106.0
2016-01-27 11:00:00,3,Mouse_health_Ileana,Goessmann,chemistry_lab,UMass Amherst,energy,111.0
2016-01-27 12:00:00,3,Mouse_health_Ileana,Goessmann,chemistry_lab,UMass Amherst,energy,110.0
2016-01-27 13:00:00,3,Mouse_health_Ileana,Goessmann,chemistry_lab,UMass Amherst,energy,111.0
2016-01-27 14:00:00,3,Mouse_health_Ileana,Goessmann,chemistry_lab,UMass Amherst,energy,110.0
2016-01-27 15:00:00,3,Mouse_health_Ileana,Goessmann,chemistry_lab,UMass Amherst,energy,111.0
2016-01-27 16:00:00,3,Mouse_health_Ileana,Goessmann,chemistry_lab,UMass Amherst,energy,109.0
2016-01-27 17:00:00,3,Mouse_health_Ileana,Goessmann,chemistry_lab,UMass Amherst,energy,105.0
2016-01-27 18:00:00,3,Mouse_health_Ileana,Goessmann,chemistry_lab,UMass Amherst,energy,94.0
2016-01-27 19:00:00,3,Mouse_health_Ileana,Goessmann,chemistry_lab,UMass Amherst,energy,78.0
2016-01-27 20:00:00,3,Mouse_health_Ileana,Goessmann,chemistry_lab,UMass Amherst,energy,72.0
2016-01-27 21:00:00,3,Mouse_health_Ileana,Goessmann,chemistry_lab,UMass Amherst,energy,67.0
2016-01-27 22:00:00,3,Mouse_health_Ileana,Goessmann,chemistry_lab,UMass Amherst,energy,56.0
2016-01-27 23:00:00,3,Mouse_health_Ileana,Goessmann,chemistry_lab,UMass Amherst,energy,49.0
2016-01-28 00:00:00,3,Mouse_health_Ileana,Goessmann,chemistry_lab,UMass Amherst,energy,51.0
2016-01-28 01:00:00,3,Mouse_health_Ileana,Goessmann,chemistry_lab,UMass Amherst,energy,47.0
2016-01-28 02:00:00,3,Mouse_health_Ileana,Goessmann,chemistry_lab,UMass Amherst,energy,48.0
2016-01-28 03:00:00,3,Mouse_health_Ileana,Goessmann,chemistry_lab,UMass Amherst,energy,47.0
2016-01-28 04:00:00,3,Mouse_health_Ileana,Goessmann,chemistry_lab,UMass Amherst,energy,48.0
2016-01-28 05:00:00,3,Mouse_health_Ileana,Goessmann,chemistry_lab,UMass Amherst,energy,48.0
2016-01-28 06:00:00,3,Mouse_health_Ileana,Goessmann,chemistry_lab,UMass Amherst,energy,49.0
2016-01-28 07:00:00,3,Mouse_health_Ileana,Goessmann,chemistry_lab,UMass Amherst,energy,50.0
2016-01-28 08:00:00,3,Mouse_health_Ileana,Goessmann,chemistry_lab,UMass Amherst,energy,71.0
2016-01-28 09:00:00,3,Mouse_health_Ileana,Goessmann,chemistry_lab,UMass Amherst,energy,96.0
2016-01-28 10:00:00,3,Mouse_health_Ileana,Goessmann,chemistry_lab,UMass Amherst,energy,110.0
2016-01-28 11:00:00,3,Mouse_health_Ileana,Goessmann,chemistry_lab,UMass Amherst,energy,113.0
2016-01-28 12:00:00,3,Mouse_health_Ileana,Goessmann,chemistry_lab,UMass Amherst,energy,111.0
2016-01-28 13:00:00,3,Mouse_health_Ileana,Goessmann,chemistry_lab,UMass Amherst,energy,112.0
2016-01-28 14:00:00,3,Mouse_health_Ileana,Goessmann,chemistry_lab,UMass Amherst,energy,112.0
2016-01-28 15:00:00,3,Mouse_health_Ileana,Goessmann,chemistry_lab,UMass Amherst,energy,111.0
2016-01-28 16:00:00,3,Mouse_health_Ileana,Goessmann,chemistry_lab,UMass Amherst,energy,110.0
2016-01-28 17:00:00,3,Mouse_health_Ileana,Goessmann,chemistry_lab,UMass Amherst,energy,105.0
2016-01-28 18:00:00,3,Mouse_health_Ileana,Goessmann,chemistry_lab,UMass Amherst,energy,97.0
2016-01-28 19:00:00,3,Mouse_health_Ileana,Goessmann,chemistry_lab,UMass Amherst,energy,81.0
2016-01-28 20:00:00,3,Mouse_health_Ileana,Goessmann,chemistry_lab,UMass Amherst,energy,73.0
2016-01-28 21:00:00,3,Mouse_health_Ileana,Goessmann,chemistry_lab,UMass Amherst,energy,67.0
2016-01-28 22:00:00,3,Mouse_health_Ileana,Goessmann,chemistry_lab,UMass Amherst,energy,56.0
2016-01-28 23:00:00,3,Mouse_health_Ileana,Goessmann,chemistry_lab,UMass Amherst,energy,53.0
2016-01-29 00:00:00,3,Mouse_health_Ileana,Goessmann,chemistry_lab,UMass Amherst,energy,50.0
2016-01-29 01:00:00,3,Mouse_health_Ileana,Goessmann,chemistry_lab,UMass Amherst,energy,48.0
2016-01-29 02:00:00,3,Mouse_health_Ileana,Goessmann,chemistry_lab,UMass Amherst,energy,48.0
2016-01-29 03:00:00,3,Mouse_health_Ileana,Goessmann,chemistry_lab,UMass Amherst,energy,49.0
2016-01-29 04:00:00,3,Mouse_health_Ileana,Goessmann,chemistry_lab,UMass Amherst,energy,49.0
2016-01-29 05:00:00,3,Mouse_health_Ileana,Goessmann,chemistry_lab,UMass Amherst,energy,49.0
2016-01-29 06:00:00,3,Mouse_health_Ileana,Goessmann,chemistry_lab,UMass Amherst,energy,48.0
2016-01-29 07:00:00,3,Mouse_health_Ileana,Goessmann,chemistry_lab,UMass Amherst,energy,50.0
2016-01-29 08:00:00,3,Mouse_health_Ileana,Goessmann,chemistry_lab,UMass Amherst,energy,60.0
2016-01-29 09:00:00,3,Mouse_health_Ileana,Goessmann,chemistry_lab,UMass Amherst,energy,85.0
2016-01-29 10:00:00,3,Mouse_health_Ileana,Goessmann,chemistry_lab,UMass Amherst,energy,101.0
2016-01-29 11:00:00,3,Mouse_health_Ileana,Goessmann,chemistry_lab,UMass Amherst,energy,103.0
2016-01-29 12:00:00,3,Mouse_health_Ileana,Goessmann,chemistry_lab,UMass Amherst,energy,107.0
2016-01-29 13:00:00,3,Mouse_health_Ileana,Goessmann,chemistry_lab,UMass Amherst,energy,101.0
2016-01-29 14:00:00,3,Mouse_health_Ileana,Goessmann,chemistry_lab,UMass Amherst,energy,105.0
2016-01-29 15:00:00,3,Mouse_health_Ileana,Goessmann,chemistry_lab,UMass Amherst,energy,104.0
2016-01-29 16:00:00,3,Mouse_health_Ileana,Goessmann,chemistry_lab,UMass Amherst,energy,102.0
2016-01-29 17:00:00,3,Mouse_health_Ileana,Goessmann,chemistry_lab,UMass Amherst,energy,99.0
2016-01-29 18:00:00,3,Mouse_health_Ileana,Goessmann,chemistry_lab,UMass Amherst,energy,92.0
2016-01-29 19:00:00,3,Mouse_health_Ileana,Goessmann,chemistry_lab,UMass Amherst,energy,79.0
2016-01-29 20:00:00,3,Mouse_health_Ileana,Goessmann,chemistry_lab,UMass Amherst,energy,74.0
2016-01-29 21:00:00,3,Mouse_health_Ileana,Goessmann,chemistry_lab,UMass Amherst,energy,64.0
2016-01-29 22:00:00,3,Mouse_health_Ileana,Goessmann,chemistry_lab,UMass Amherst,energy,55.0
2016-01-29 23:00:00,3,Mouse_health_Ileana,Goessmann,chemistry_lab,UMass Amherst,energy,51.0
2016-01-30 00:00:00,3,Mouse_health_Ileana,Goessmann,chemistry_lab,UMass Amherst,energy,48.0
2016-01-30 01:00:00,3,Mouse_health_Ileana,Goessmann,chemistry_lab,UMass Amherst,energy,48.0
2016-01-30 02:00:00,3,Mouse_health_Ileana,Goessmann,chemistry_lab,UMass Amherst,energy,47.0
2016-01-30 03:00:00,3,Mouse_health_Ileana,Goessmann,chemistry_lab,UMass Amherst,energy,48.0
2016-01-30 04:00:00,3,Mouse_health_Ileana,Goessmann,chemistry_lab,UMass Amherst,energy,48.0
2016-01-30 05:00:00,3,Mouse_health_Ileana,Goessmann,chemistry_lab,UMass Amherst,energy,47.0
2016-01-30 06:00:00,3,Mouse_health_Ileana,Goessmann,chemistry_lab,UMass Amherst,energy,47.0
2016-01-30 07:00:00,3,Mouse_health_Ileana,Goessmann,chemistry_lab,UMass Amherst,energy,47.0
2016-01-30 08:00:00,3,Mouse_health_Ileana,Goessmann,chemistry_lab,UMass Amherst,energy,48.0
2016-01-30 09:00:00,3,Mouse_health_Ileana,Goessmann,chemistry_lab,UMass Amherst,energy,52.0
2016-01-30 10:00:00,3,Mouse_health_Ileana,Goessmann,chemistry_lab,UMass Amherst,energy,53.0
2016-01-30 11:00:00,3,Mouse_health_Ileana,Goessmann,chemistry_lab,UMass Amherst,energy,56.0
2016-01-30 12:00:00,3,Mouse_health_Ileana,Goessmann,chemistry_lab,UMass Amherst,energy,54.0
2016-01-30 13:00:00,3,Mouse_health_Ileana,Goessmann,chemistry_lab,UMass Amherst,energy,54.0
2016-01-30 14:00:00,3,Mouse_health_Ileana,Goessmann,chemistry_lab,UMass Amherst,energy,55.0
2016-01-30 15:00:00,3,Mouse_health_Ileana,Goessmann,chemistry_lab,UMass Amherst,energy,55.0
2016-01-30 16:00:00,3,Mouse_health_Ileana,Goessmann,chemistry_lab,UMass Amherst,energy,52.0
2016-01-30 17:00:00,3,Mouse_health_Ileana,Goessmann,chemistry_lab,UMass Amherst,energy,51.0
2016-01-30 18:00:00,3,Mouse_health_Ileana,Goessmann,chemistry_lab,UMass Amherst,energy,51.0
2016-01-30 19:00:00,3,Mouse_health_Ileana,Goessmann,chemistry_lab,UMass Amherst,energy,49.0
2016-01-30 20:00:00,3,Mouse_health_Ileana,Goessmann,chemistry_lab,UMass Amherst,energy,49.0
2016-01-30 21:00:00,3,Mouse_health_Ileana,Goessmann,chemistry_lab,UMass Amherst,energy,49.0
2016-01-30 22:00:00,3,Mouse_health_Ileana,Goessmann,chemistry_lab,UMass Amherst,energy,48.0
2016-01-30 23:00:00,3,Mouse_health_Ileana,Goessmann,chemistry_lab,UMass Amherst,energy,48.0
2016-01-01 00:00:00,4,Mouse_health_Justin,Integrated Sciences,interdisciplinary_science,UMass Amherst,energy,282.9965
2016-01-01 01:00:00,4,Mouse_health_Justin,Integrated Sciences,interdisciplinary_science,UMass Amherst,energy,574.9265
2016-01-01 02:00:00,4,Mouse_health_Justin,Integrated Sciences,interdisciplinary_science,UMass Amherst,energy,570.278
2016-01-01 03:00:00,4,Mouse_health_Justin,Integrated Sciences,interdisciplinary_science,UMass Amherst,energy,561.1469999999998
2016-01-01 04:00:00,4,Mouse_health_Justin,Integrated Sciences,interdisciplinary_science,UMass Amherst,energy,564.3695
2016-01-01 05:00:00,4,Mouse_health_Justin,Integrated Sciences,interdisciplinary_science,UMass Amherst,energy,561.3225
2016-01-01 06:00:00,4,Mouse_health_Justin,Integrated Sciences,interdisciplinary_science,UMass Amherst,energy,556.044
2016-01-01 07:00:00,4,Mouse_health_Justin,Integrated Sciences,interdisciplinary_science,UMass Amherst,energy,596.2065
2016-01-01 08:00:00,4,Mouse_health_Justin,Integrated Sciences,interdisciplinary_science,UMass Amherst,energy,654.3635
2016-01-01 09:00:00,4,Mouse_health_Justin,Integrated Sciences,interdisciplinary_science,UMass Amherst,energy,670.8969999999998
2016-01-01 10:00:00,4,Mouse_health_Justin,Integrated Sciences,interdisciplinary_science,UMass Amherst,energy,686.0335
2016-01-01 11:00:00,4,Mouse_health_Justin,Integrated Sciences,interdisciplinary_science,UMass Amherst,energy,701.5365
2016-01-01 12:00:00,4,Mouse_health_Justin,Integrated Sciences,interdisciplinary_science,UMass Amherst,energy,696.8865
2016-01-01 13:00:00,4,Mouse_health_Justin,Integrated Sciences,interdisciplinary_science,UMass Amherst,energy,695.811
2016-01-01 14:00:00,4,Mouse_health_Justin,Integrated Sciences,interdisciplinary_science,UMass Amherst,energy,697.373
2016-01-01 15:00:00,4,Mouse_health_Justin,Integrated Sciences,interdisciplinary_science,UMass Amherst,energy,702.2495
2016-01-01 16:00:00,4,Mouse_health_Justin,Integrated Sciences,interdisciplinary_science,UMass Amherst,energy,689.7565
2016-01-01 17:00:00,4,Mouse_health_Justin,Integrated Sciences,interdisciplinary_science,UMass Amherst,energy,654.4835
2016-01-01 18:00:00,4,Mouse_health_Justin,Integrated Sciences,interdisciplinary_science,UMass Amherst,energy,629.5195
2016-01-01 19:00:00,4,Mouse_health_Justin,Integrated Sciences,interdisciplinary_science,UMass Amherst,energy,623.43
2016-01-01 20:00:00,4,Mouse_health_Justin,Integrated Sciences,interdisciplinary_science,UMass Amherst,energy,617.648
2016-01-01 21:00:00,4,Mouse_health_Justin,Integrated Sciences,interdisciplinary_science,UMass Amherst,energy,605.0515
2016-01-01 22:00:00,4,Mouse_health_Justin,Integrated Sciences,interdisciplinary_science,UMass Amherst,energy,580.0885
2016-01-01 23:00:00,4,Mouse_health_Justin,Integrated Sciences,interdisciplinary_science,UMass Amherst,energy,568.553
2016-01-02 00:00:00,4,Mouse_health_Justin,Integrated Sciences,interdisciplinary_science,UMass Amherst,energy,600.2
2016-01-02 01:00:00,4,Mouse_health_Justin,Integrated Sciences,interdisciplinary_science,UMass Amherst,energy,585.789
2016-01-02 02:00:00,4,Mouse_health_Justin,Integrated Sciences,interdisciplinary_science,UMass Amherst,energy,587.673
2016-01-02 03:00:00,4,Mouse_health_Justin,Integrated Sciences,interdisciplinary_science,UMass Amherst,energy,581.835
2016-01-02 04:00:00,4,Mouse_health_Justin,Integrated Sciences,interdisciplinary_science,UMass Amherst,energy,586.382
2016-01-02 05:00:00,4,Mouse_health_Justin,Integrated Sciences,interdisciplinary_science,UMass Amherst,energy,592.599
2016-01-02 06:00:00,4,Mouse_health_Justin,Integrated Sciences,interdisciplinary_science,UMass Amherst,energy,596.4580000000002
2016-01-02 07:00:00,4,Mouse_health_Justin,Integrated Sciences,interdisciplinary_science,UMass Amherst,energy,593.893
2016-01-02 08:00:00,4,Mouse_health_Justin,Integrated Sciences,interdisciplinary_science,UMass Amherst,energy,652.419
2016-01-02 09:00:00,4,Mouse_health_Justin,Integrated Sciences,interdisciplinary_science,UMass Amherst,energy,698.181
2016-01-02 10:00:00,4,Mouse_health_Justin,Integrated Sciences,interdisciplinary_science,UMass Amherst,energy,730.543
2016-01-02 11:00:00,4,Mouse_health_Justin,Integrated Sciences,interdisciplinary_science,UMass Amherst,energy,745.2310000000001
2016-01-02 12:00:00,4,Mouse_health_Justin,Integrated Sciences,interdisciplinary_science,UMass Amherst,energy,767.65
2016-01-02 13:00:00,4,Mouse_health_Justin,Integrated Sciences,interdisciplinary_science,UMass Amherst,energy,760.6519999999997
2016-01-02 14:00:00,4,Mouse_health_Justin,Integrated Sciences,interdisciplinary_science,UMass Amherst,energy,747.5260000000003
2016-01-02 15:00:00,4,Mouse_health_Justin,Integrated Sciences,interdisciplinary_science,UMass Amherst,energy,748.6360000000003
2016-01-02 16:00:00,4,Mouse_health_Justin,Integrated Sciences,interdisciplinary_science,UMass Amherst,energy,752.168
2016-01-02 17:00:00,4,Mouse_health_Justin,Integrated Sciences,interdisciplinary_science,UMass Amherst,energy,735.533
2016-01-02 18:00:00,4,Mouse_health_Justin,Integrated Sciences,interdisciplinary_science,UMass Amherst,energy,706.935
2016-01-02 19:00:00,4,Mouse_health_Justin,Integrated Sciences,interdisciplinary_science,UMass Amherst,energy,683.437
2016-01-02 20:00:00,4,Mouse_health_Justin,Integrated Sciences,interdisciplinary_science,UMass Amherst,energy,680.654
2016-01-02 21:00:00,4,Mouse_health_Justin,Integrated Sciences,interdisciplinary_science,UMass Amherst,energy,650.47
2016-01-02 22:00:00,4,Mouse_health_Justin,Integrated Sciences,interdisciplinary_science,UMass Amherst,energy,630.303
2016-01-02 23:00:00,4,Mouse_health_Justin,Integrated Sciences,interdisciplinary_science,UMass Amherst,energy,630.377
2016-01-03 00:00:00,4,Mouse_health_Justin,Integrated Sciences,interdisciplinary_science,UMass Amherst,energy,602.815
2016-01-03 01:00:00,4,Mouse_health_Justin,Integrated Sciences,interdisciplinary_science,UMass Amherst,energy,625.443
2016-01-03 02:00:00,4,Mouse_health_Justin,Integrated Sciences,interdisciplinary_science,UMass Amherst,energy,594.5419999999998
2016-01-03 03:00:00,4,Mouse_health_Justin,Integrated Sciences,interdisciplinary_science,UMass Amherst,energy,593.241
2016-01-03 04:00:00,4,Mouse_health_Justin,Integrated Sciences,interdisciplinary_science,UMass Amherst,energy,580.721
2016-01-03 05:00:00,4,Mouse_health_Justin,Integrated Sciences,interdisciplinary_science,UMass Amherst,energy,572.6519999999998
2016-01-03 06:00:00,4,Mouse_health_Justin,Integrated Sciences,interdisciplinary_science,UMass Amherst,energy,569.354
2016-01-03 07:00:00,4,Mouse_health_Justin,Integrated Sciences,interdisciplinary_science,UMass Amherst,energy,577.12
2016-01-03 08:00:00,4,Mouse_health_Justin,Integrated Sciences,interdisciplinary_science,UMass Amherst,energy,617.1619999999998
2016-01-03 09:00:00,4,Mouse_health_Justin,Integrated Sciences,interdisciplinary_science,UMass Amherst,energy,678.44
2016-01-03 10:00:00,4,Mouse_health_Justin,Integrated Sciences,interdisciplinary_science,UMass Amherst,energy,716.953
2016-01-03 11:00:00,4,Mouse_health_Justin,Integrated Sciences,interdisciplinary_science,UMass Amherst,energy,718.568
2016-01-03 12:00:00,4,Mouse_health_Justin,Integrated Sciences,interdisciplinary_science,UMass Amherst,energy,729.809
2016-01-03 13:00:00,4,Mouse_health_Justin,Integrated Sciences,interdisciplinary_science,UMass Amherst,energy,708.4680000000003
2016-01-03 14:00:00,4,Mouse_health_Justin,Integrated Sciences,interdisciplinary_science,UMass Amherst,energy,691.595
2016-01-03 15:00:00,4,Mouse_health_Justin,Integrated Sciences,interdisciplinary_science,UMass Amherst,energy,702.6060000000001
2016-01-03 16:00:00,4,Mouse_health_Justin,Integrated Sciences,interdisciplinary_science,UMass Amherst,energy,724.562
2016-01-03 17:00:00,4,Mouse_health_Justin,Integrated Sciences,interdisciplinary_science,UMass Amherst,energy,702.69
2016-01-03 18:00:00,4,Mouse_health_Justin,Integrated Sciences,interdisciplinary_science,UMass Amherst,energy,654.849
2016-01-03 19:00:00,4,Mouse_health_Justin,Integrated Sciences,interdisciplinary_science,UMass Amherst,energy,640.29
2016-01-03 20:00:00,4,Mouse_health_Justin,Integrated Sciences,interdisciplinary_science,UMass Amherst,energy,635.187
2016-01-03 21:00:00,4,Mouse_health_Justin,Integrated Sciences,interdisciplinary_science,UMass Amherst,energy,611.294
2016-01-03 22:00:00,4,Mouse_health_Justin,Integrated Sciences,interdisciplinary_science,UMass Amherst,energy,597.606
2016-01-03 23:00:00,4,Mouse_health_Justin,Integrated Sciences,interdisciplinary_science,UMass Amherst,energy,600.52
2016-01-04 00:00:00,4,Mouse_health_Justin,Integrated Sciences,interdisciplinary_science,UMass Amherst,energy,616.607
2016-01-04 01:00:00,4,Mouse_health_Justin,Integrated Sciences,interdisciplinary_science,UMass Amherst,energy,579.775
2016-01-04 02:00:00,4,Mouse_health_Justin,Integrated Sciences,interdisciplinary_science,UMass Amherst,energy,590.923
2016-01-04 03:00:00,4,Mouse_health_Justin,Integrated Sciences,interdisciplinary_science,UMass Amherst,energy,571.034
2016-01-04 04:00:00,4,Mouse_health_Justin,Integrated Sciences,interdisciplinary_science,UMass Amherst,energy,571.889
2016-01-04 05:00:00,4,Mouse_health_Justin,Integrated Sciences,interdisciplinary_science,UMass Amherst,energy,566.0790000000002
2016-01-04 06:00:00,4,Mouse_health_Justin,Integrated Sciences,interdisciplinary_science,UMass Amherst,energy,565.942
2016-01-04 07:00:00,4,Mouse_health_Justin,Integrated Sciences,interdisciplinary_science,UMass Amherst,energy,597.021
2016-01-04 08:00:00,4,Mouse_health_Justin,Integrated Sciences,interdisciplinary_science,UMass Amherst,energy,684.073
2016-01-04 09:00:00,4,Mouse_health_Justin,Integrated Sciences,interdisciplinary_science,UMass Amherst,energy,735.4639999999997
2016-01-04 10:00:00,4,Mouse_health_Justin,Integrated Sciences,interdisciplinary_science,UMass Amherst,energy,789.357
2016-01-04 11:00:00,4,Mouse_health_Justin,Integrated Sciences,interdisciplinary_science,UMass Amherst,energy,820.37
2016-01-04 12:00:00,4,Mouse_health_Justin,Integrated Sciences,interdisciplinary_science,UMass Amherst,energy,881.102
2016-01-04 13:00:00,4,Mouse_health_Justin,Integrated Sciences,interdisciplinary_science,UMass Amherst,energy,872.814
2016-01-04 14:00:00,4,Mouse_health_Justin,Integrated Sciences,interdisciplinary_science,UMass Amherst,energy,861.5
2016-01-04 15:00:00,4,Mouse_health_Justin,Integrated Sciences,interdisciplinary_science,UMass Amherst,energy,853.7339999999997
2016-01-04 16:00:00,4,Mouse_health_Justin,Integrated Sciences,interdisciplinary_science,UMass Amherst,energy,867.14
2016-01-04 17:00:00,4,Mouse_health_Justin,Integrated Sciences,interdisciplinary_science,UMass Amherst,energy,833.944
2016-01-04 18:00:00,4,Mouse_health_Justin,Integrated Sciences,interdisciplinary_science,UMass Amherst,energy,784.9839999999997
2016-01-04 19:00:00,4,Mouse_health_Justin,Integrated Sciences,interdisciplinary_science,UMass Amherst,energy,733.998
2016-01-04 20:00:00,4,Mouse_health_Justin,Integrated Sciences,interdisciplinary_science,UMass Amherst,energy,708.3810000000003
2016-01-04 21:00:00,4,Mouse_health_Justin,Integrated Sciences,interdisciplinary_science,UMass Amherst,energy,656.347
2016-01-04 22:00:00,4,Mouse_health_Justin,Integrated Sciences,interdisciplinary_science,UMass Amherst,energy,633.97
2016-01-04 23:00:00,4,Mouse_health_Justin,Integrated Sciences,interdisciplinary_science,UMass Amherst,energy,642.663
2016-01-05 00:00:00,4,Mouse_health_Justin,Integrated Sciences,interdisciplinary_science,UMass Amherst,energy,649.856
2016-01-05 01:00:00,4,Mouse_health_Justin,Integrated Sciences,interdisciplinary_science,UMass Amherst,energy,639.255
2016-01-05 02:00:00,4,Mouse_health_Justin,Integrated Sciences,interdisciplinary_science,UMass Amherst,energy,639.344
2016-01-05 03:00:00,4,Mouse_health_Justin,Integrated Sciences,interdisciplinary_science,UMass Amherst,energy,627.393
2016-01-05 04:00:00,4,Mouse_health_Justin,Integrated Sciences,interdisciplinary_science,UMass Amherst,energy,624.617
2016-01-05 05:00:00,4,Mouse_health_Justin,Integrated Sciences,interdisciplinary_science,UMass Amherst,energy,622.813
2016-01-05 06:00:00,4,Mouse_health_Justin,Integrated Sciences,interdisciplinary_science,UMass Amherst,energy,617.547
2016-01-05 07:00:00,4,Mouse_health_Justin,Integrated Sciences,interdisciplinary_science,UMass Amherst,energy,638.258
2016-01-05 08:00:00,4,Mouse_health_Justin,Integrated Sciences,interdisciplinary_science,UMass Amherst,energy,729.7710000000003
2016-01-05 09:00:00,4,Mouse_health_Justin,Integrated Sciences,interdisciplinary_science,UMass Amherst,energy,787.934
2016-01-05 10:00:00,4,Mouse_health_Justin,Integrated Sciences,interdisciplinary_science,UMass Amherst,energy,731.1010000000001
2016-01-05 11:00:00,4,Mouse_health_Justin,Integrated Sciences,interdisciplinary_science,UMass Amherst,energy,691.467
2016-01-05 12:00:00,4,Mouse_health_Justin,Integrated Sciences,interdisciplinary_science,UMass Amherst,energy,702.0269999999997
2016-01-05 13:00:00,4,Mouse_health_Justin,Integrated Sciences,interdisciplinary_science,UMass Amherst,energy,707.2239999999997
2016-01-05 14:00:00,4,Mouse_health_Justin,Integrated Sciences,interdisciplinary_science,UMass Amherst,energy,716.508
2016-01-05 15:00:00,4,Mouse_health_Justin,Integrated Sciences,interdisciplinary_science,UMass Amherst,energy,847.441
2016-01-05 16:00:00,4,Mouse_health_Justin,Integrated Sciences,interdisciplinary_science,UMass Amherst,energy,815.1010000000001
2016-01-05 17:00:00,4,Mouse_health_Justin,Integrated Sciences,interdisciplinary_science,UMass Amherst,energy,772.929
2016-01-05 18:00:00,4,Mouse_health_Justin,Integrated Sciences,interdisciplinary_science,UMass Amherst,energy,788.3689999999997
2016-01-05 19:00:00,4,Mouse_health_Justin,Integrated Sciences,interdisciplinary_science,UMass Amherst,energy,740.355
2016-01-05 20:00:00,4,Mouse_health_Justin,Integrated Sciences,interdisciplinary_science,UMass Amherst,energy,703.7
2016-01-05 21:00:00,4,Mouse_health_Justin,Integrated Sciences,interdisciplinary_science,UMass Amherst,energy,687.3510000000001
2016-01-05 22:00:00,4,Mouse_health_Justin,Integrated Sciences,interdisciplinary_science,UMass Amherst,energy,671.2230000000002
2016-01-05 23:00:00,4,Mouse_health_Justin,Integrated Sciences,interdisciplinary_science,UMass Amherst,energy,650.225
2016-01-06 00:00:00,4,Mouse_health_Justin,Integrated Sciences,interdisciplinary_science,UMass Amherst,energy,653.6618
2016-01-06 01:00:00,4,Mouse_health_Justin,Integrated Sciences,interdisciplinary_science,UMass Amherst,energy,663.3426
2016-01-06 02:00:00,4,Mouse_health_Justin,Integrated Sciences,interdisciplinary_science,UMass Amherst,energy,663.3426
2016-01-06 03:00:00,4,Mouse_health_Justin,Integrated Sciences,interdisciplinary_science,UMass Amherst,energy,663.3426
2016-01-06 04:00:00,4,Mouse_health_Justin,Integrated Sciences,interdisciplinary_science,UMass Amherst,energy,663.3426
2016-01-06 05:00:00,4,Mouse_health_Justin,Integrated Sciences,interdisciplinary_science,UMass Amherst,energy,663.3426
2016-01-06 06:00:00,4,Mouse_health_Justin,Integrated Sciences,interdisciplinary_science,UMass Amherst,energy,663.3426
2016-01-06 07:00:00,4,Mouse_health_Justin,Integrated Sciences,interdisciplinary_science,UMass Amherst,energy,663.3426
2016-01-06 08:00:00,4,Mouse_health_Justin,Integrated Sciences,interdisciplinary_science,UMass Amherst,energy,663.3426
2016-01-06 09:00:00,4,Mouse_health_Justin,Integrated Sciences,interdisciplinary_science,UMass Amherst,energy,663.3426
2016-01-06 10:00:00,4,Mouse_health_Justin,Integrated Sciences,interdisciplinary_science,UMass Amherst,energy,663.3426
2016-01-06 11:00:00,4,Mouse_health_Justin,Integrated Sciences,interdisciplinary_science,UMass Amherst,energy,663.3426
2016-01-06 12:00:00,4,Mouse_health_Justin,Integrated Sciences,interdisciplinary_science,UMass Amherst,energy,663.3426
2016-01-06 13:00:00,4,Mouse_health_Justin,Integrated Sciences,interdisciplinary_science,UMass Amherst,energy,663.3426
2016-01-06 14:00:00,4,Mouse_health_Justin,Integrated Sciences,interdisciplinary_science,UMass Amherst,energy,663.3426
2016-01-06 15:00:00,4,Mouse_health_Justin,Integrated Sciences,interdisciplinary_science,UMass Amherst,energy,663.3426
2016-01-06 16:00:00,4,Mouse_health_Justin,Integrated Sciences,interdisciplinary_science,UMass Amherst,energy,663.3426
2016-01-06 17:00:00,4,Mouse_health_Justin,Integrated Sciences,interdisciplinary_science,UMass Amherst,energy,663.3426
2016-01-06 18:00:00,4,Mouse_health_Justin,Integrated Sciences,interdisciplinary_science,UMass Amherst,energy,663.3426
2016-01-06 19:00:00,4,Mouse_health_Justin,Integrated Sciences,interdisciplinary_science,UMass Amherst,energy,663.3426
2016-01-06 20:00:00,4,Mouse_health_Justin,Integrated Sciences,interdisciplinary_science,UMass Amherst,energy,663.3426
2016-01-06 21:00:00,4,Mouse_health_Justin,Integrated Sciences,interdisciplinary_science,UMass Amherst,energy,663.3426
2016-01-06 22:00:00,4,Mouse_health_Justin,Integrated Sciences,interdisciplinary_science,UMass Amherst,energy,663.3426
2016-01-06 23:00:00,4,Mouse_health_Justin,Integrated Sciences,interdisciplinary_science,UMass Amherst,energy,663.3426
2016-01-07 00:00:00,4,Mouse_health_Justin,Integrated Sciences,interdisciplinary_science,UMass Amherst,energy,663.3426
2016-01-07 01:00:00,4,Mouse_health_Justin,Integrated Sciences,interdisciplinary_science,UMass Amherst,energy,663.3426
2016-01-07 02:00:00,4,Mouse_health_Justin,Integrated Sciences,interdisciplinary_science,UMass Amherst,energy,663.3426
2016-01-07 03:00:00,4,Mouse_health_Justin,Integrated Sciences,interdisciplinary_science,UMass Amherst,energy,663.3426
2016-01-07 04:00:00,4,Mouse_health_Justin,Integrated Sciences,interdisciplinary_science,UMass Amherst,energy,663.3426
2016-01-07 05:00:00,4,Mouse_health_Justin,Integrated Sciences,interdisciplinary_science,UMass Amherst,energy,663.3426
2016-01-07 06:00:00,4,Mouse_health_Justin,Integrated Sciences,interdisciplinary_science,UMass Amherst,energy,663.3426
2016-01-07 07:00:00,4,Mouse_health_Justin,Integrated Sciences,interdisciplinary_science,UMass Amherst,energy,663.3426
2016-01-07 08:00:00,4,Mouse_health_Justin,Integrated Sciences,interdisciplinary_science,UMass Amherst,energy,663.3426
2016-01-07 09:00:00,4,Mouse_health_Justin,Integrated Sciences,interdisciplinary_science,UMass Amherst,energy,663.3426
2016-01-07 10:00:00,4,Mouse_health_Justin,Integrated Sciences,interdisciplinary_science,UMass Amherst,energy,663.3426
2016-01-07 11:00:00,4,Mouse_health_Justin,Integrated Sciences,interdisciplinary_science,UMass Amherst,energy,663.3426
2016-01-07 12:00:00,4,Mouse_health_Justin,Integrated Sciences,interdisciplinary_science,UMass Amherst,energy,663.3426
2016-01-07 13:00:00,4,Mouse_health_Justin,Integrated Sciences,interdisciplinary_science,UMass Amherst,energy,663.3426
2016-01-07 14:00:00,4,Mouse_health_Justin,Integrated Sciences,interdisciplinary_science,UMass Amherst,energy,663.3426
2016-01-07 15:00:00,4,Mouse_health_Justin,Integrated Sciences,interdisciplinary_science,UMass Amherst,energy,663.3426
2016-01-07 16:00:00,4,Mouse_health_Justin,Integrated Sciences,interdisciplinary_science,UMass Amherst,energy,663.3426
2016-01-07 17:00:00,4,Mouse_health_Justin,Integrated Sciences,interdisciplinary_science,UMass Amherst,energy,663.3426
2016-01-07 18:00:00,4,Mouse_health_Justin,Integrated Sciences,interdisciplinary_science,UMass Amherst,energy,663.3426
2016-01-07 19:00:00,4,Mouse_health_Justin,Integrated Sciences,interdisciplinary_science,UMass Amherst,energy,663.3426
2016-01-07 20:00:00,4,Mouse_health_Justin,Integrated Sciences,interdisciplinary_science,UMass Amherst,energy,663.3426
2016-01-07 21:00:00,4,Mouse_health_Justin,Integrated Sciences,interdisciplinary_science,UMass Amherst,energy,663.3426
2016-01-07 22:00:00,4,Mouse_health_Justin,Integrated Sciences,interdisciplinary_science,UMass Amherst,energy,663.3426
2016-01-07 23:00:00,4,Mouse_health_Justin,Integrated Sciences,interdisciplinary_science,UMass Amherst,energy,663.3426
2016-01-08 00:00:00,4,Mouse_health_Justin,Integrated Sciences,interdisciplinary_science,UMass Amherst,energy,663.3426
2016-01-08 01:00:00,4,Mouse_health_Justin,Integrated Sciences,interdisciplinary_science,UMass Amherst,energy,663.3426
2016-01-08 02:00:00,4,Mouse_health_Justin,Integrated Sciences,interdisciplinary_science,UMass Amherst,energy,663.3426
2016-01-08 03:00:00,4,Mouse_health_Justin,Integrated Sciences,interdisciplinary_science,UMass Amherst,energy,663.3426
2016-01-08 04:00:00,4,Mouse_health_Justin,Integrated Sciences,interdisciplinary_science,UMass Amherst,energy,663.3426
2016-01-08 05:00:00,4,Mouse_health_Justin,Integrated Sciences,interdisciplinary_science,UMass Amherst,energy,663.3426
2016-01-08 06:00:00,4,Mouse_health_Justin,Integrated Sciences,interdisciplinary_science,UMass Amherst,energy,663.3426
2016-01-08 07:00:00,4,Mouse_health_Justin,Integrated Sciences,interdisciplinary_science,UMass Amherst,energy,663.3426
2016-01-08 08:00:00,4,Mouse_health_Justin,Integrated Sciences,interdisciplinary_science,UMass Amherst,energy,663.3426
2016-01-08 09:00:00,4,Mouse_health_Justin,Integrated Sciences,interdisciplinary_science,UMass Amherst,energy,663.3426
2016-01-08 10:00:00,4,Mouse_health_Justin,Integrated Sciences,interdisciplinary_science,UMass Amherst,energy,663.3426
2016-01-08 11:00:00,4,Mouse_health_Justin,Integrated Sciences,interdisciplinary_science,UMass Amherst,energy,663.3426
2016-01-08 12:00:00,4,Mouse_health_Justin,Integrated Sciences,interdisciplinary_science,UMass Amherst,energy,663.3426
2016-01-08 13:00:00,4,Mouse_health_Justin,Integrated Sciences,interdisciplinary_science,UMass Amherst,energy,663.3426
2016-01-08 14:00:00,4,Mouse_health_Justin,Integrated Sciences,interdisciplinary_science,UMass Amherst,energy,663.3426
2016-01-08 15:00:00,4,Mouse_health_Justin,Integrated Sciences,interdisciplinary_science,UMass Amherst,energy,663.3426
2016-01-08 16:00:00,4,Mouse_health_Justin,Integrated Sciences,interdisciplinary_science,UMass Amherst,energy,663.3426
2016-01-08 17:00:00,4,Mouse_health_Justin,Integrated Sciences,interdisciplinary_science,UMass Amherst,energy,663.3426
2016-01-08 18:00:00,4,Mouse_health_Justin,Integrated Sciences,interdisciplinary_science,UMass Amherst,energy,663.3426
2016-01-08 19:00:00,4,Mouse_health_Justin,Integrated Sciences,interdisciplinary_science,UMass Amherst,energy,663.3426
2016-01-08 20:00:00,4,Mouse_health_Justin,Integrated Sciences,interdisciplinary_science,UMass Amherst,energy,663.3426
2016-01-08 21:00:00,4,Mouse_health_Justin,Integrated Sciences,interdisciplinary_science,UMass Amherst,energy,663.3426
2016-01-08 22:00:00,4,Mouse_health_Justin,Integrated Sciences,interdisciplinary_science,UMass Amherst,energy,663.3426
2016-01-08 23:00:00,4,Mouse_health_Justin,Integrated Sciences,interdisciplinary_science,UMass Amherst,energy,663.3426
2016-01-09 00:00:00,4,Mouse_health_Justin,Integrated Sciences,interdisciplinary_science,UMass Amherst,energy,663.3426
2016-01-09 01:00:00,4,Mouse_health_Justin,Integrated Sciences,interdisciplinary_science,UMass Amherst,energy,663.3426
2016-01-09 02:00:00,4,Mouse_health_Justin,Integrated Sciences,interdisciplinary_science,UMass Amherst,energy,663.3426
2016-01-09 03:00:00,4,Mouse_health_Justin,Integrated Sciences,interdisciplinary_science,UMass Amherst,energy,663.3426
2016-01-09 04:00:00,4,Mouse_health_Justin,Integrated Sciences,interdisciplinary_science,UMass Amherst,energy,663.3426
2016-01-09 05:00:00,4,Mouse_health_Justin,Integrated Sciences,interdisciplinary_science,UMass Amherst,energy,663.3426
2016-01-09 06:00:00,4,Mouse_health_Justin,Integrated Sciences,interdisciplinary_science,UMass Amherst,energy,663.3426
2016-01-09 07:00:00,4,Mouse_health_Justin,Integrated Sciences,interdisciplinary_science,UMass Amherst,energy,663.3426
2016-01-09 08:00:00,4,Mouse_health_Justin,Integrated Sciences,interdisciplinary_science,UMass Amherst,energy,663.3426
2016-01-09 09:00:00,4,Mouse_health_Justin,Integrated Sciences,interdisciplinary_science,UMass Amherst,energy,663.3426
2016-01-09 10:00:00,4,Mouse_health_Justin,Integrated Sciences,interdisciplinary_science,UMass Amherst,energy,663.3426
2016-01-09 11:00:00,4,Mouse_health_Justin,Integrated Sciences,interdisciplinary_science,UMass Amherst,energy,663.3426
2016-01-09 12:00:00,4,Mouse_health_Justin,Integrated Sciences,interdisciplinary_science,UMass Amherst,energy,663.3426
2016-01-09 13:00:00,4,Mouse_health_Justin,Integrated Sciences,interdisciplinary_science,UMass Amherst,energy,663.3426
2016-01-09 14:00:00,4,Mouse_health_Justin,Integrated Sciences,interdisciplinary_science,UMass Amherst,energy,663.3426
2016-01-09 15:00:00,4,Mouse_health_Justin,Integrated Sciences,interdisciplinary_science,UMass Amherst,energy,663.3426
2016-01-09 16:00:00,4,Mouse_health_Justin,Integrated Sciences,interdisciplinary_science,UMass Amherst,energy,663.3426
2016-01-09 17:00:00,4,Mouse_health_Justin,Integrated Sciences,interdisciplinary_science,UMass Amherst,energy,663.3426
2016-01-09 18:00:00,4,Mouse_health_Justin,Integrated Sciences,interdisciplinary_science,UMass Amherst,energy,663.3426
2016-01-09 19:00:00,4,Mouse_health_Justin,Integrated Sciences,interdisciplinary_science,UMass Amherst,energy,663.3426
2016-01-09 20:00:00,4,Mouse_health_Justin,Integrated Sciences,interdisciplinary_science,UMass Amherst,energy,663.3426
2016-01-09 21:00:00,4,Mouse_health_Justin,Integrated Sciences,interdisciplinary_science,UMass Amherst,energy,663.3426
2016-01-09 22:00:00,4,Mouse_health_Justin,Integrated Sciences,interdisciplinary_science,UMass Amherst,energy,663.3426
2016-01-09 23:00:00,4,Mouse_health_Justin,Integrated Sciences,interdisciplinary_science,UMass Amherst,energy,663.3426
2016-01-10 00:00:00,4,Mouse_health_Justin,Integrated Sciences,interdisciplinary_science,UMass Amherst,energy,663.3426
2016-01-10 01:00:00,4,Mouse_health_Justin,Integrated Sciences,interdisciplinary_science,UMass Amherst,energy,663.3426
2016-01-10 02:00:00,4,Mouse_health_Justin,Integrated Sciences,interdisciplinary_science,UMass Amherst,energy,663.3426
2016-01-10 03:00:00,4,Mouse_health_Justin,Integrated Sciences,interdisciplinary_science,UMass Amherst,energy,663.3426
2016-01-10 04:00:00,4,Mouse_health_Justin,Integrated Sciences,interdisciplinary_science,UMass Amherst,energy,663.3426
2016-01-10 05:00:00,4,Mouse_health_Justin,Integrated Sciences,interdisciplinary_science,UMass Amherst,energy,663.3426
2016-01-10 06:00:00,4,Mouse_health_Justin,Integrated Sciences,interdisciplinary_science,UMass Amherst,energy,663.3426
2016-01-10 07:00:00,4,Mouse_health_Justin,Integrated Sciences,interdisciplinary_science,UMass Amherst,energy,663.3426
2016-01-10 08:00:00,4,Mouse_health_Justin,Integrated Sciences,interdisciplinary_science,UMass Amherst,energy,663.3426
2016-01-10 09:00:00,4,Mouse_health_Justin,Integrated Sciences,interdisciplinary_science,UMass Amherst,energy,663.3426
2016-01-10 10:00:00,4,Mouse_health_Justin,Integrated Sciences,interdisciplinary_science,UMass Amherst,energy,663.3426
2016-01-10 11:00:00,4,Mouse_health_Justin,Integrated Sciences,interdisciplinary_science,UMass Amherst,energy,663.3426
2016-01-10 12:00:00,4,Mouse_health_Justin,Integrated Sciences,interdisciplinary_science,UMass Amherst,energy,663.3426
2016-01-10 13:00:00,4,Mouse_health_Justin,Integrated Sciences,interdisciplinary_science,UMass Amherst,energy,663.3426
2016-01-10 14:00:00,4,Mouse_health_Justin,Integrated Sciences,interdisciplinary_science,UMass Amherst,energy,663.3426
2016-01-10 15:00:00,4,Mouse_health_Justin,Integrated Sciences,interdisciplinary_science,UMass Amherst,energy,663.3426
2016-01-10 16:00:00,4,Mouse_health_Justin,Integrated Sciences,interdisciplinary_science,UMass Amherst,energy,663.3426
2016-01-10 17:00:00,4,Mouse_health_Justin,Integrated Sciences,interdisciplinary_science,UMass Amherst,energy,663.3426
2016-01-10 18:00:00,4,Mouse_health_Justin,Integrated Sciences,interdisciplinary_science,UMass Amherst,energy,663.3426
2016-01-10 19:00:00,4,Mouse_health_Justin,Integrated Sciences,interdisciplinary_science,UMass Amherst,energy,663.3426
2016-01-10 20:00:00,4,Mouse_health_Justin,Integrated Sciences,interdisciplinary_science,UMass Amherst,energy,663.3426
2016-01-10 21:00:00,4,Mouse_health_Justin,Integrated Sciences,interdisciplinary_science,UMass Amherst,energy,663.3426
2016-01-10 22:00:00,4,Mouse_health_Justin,Integrated Sciences,interdisciplinary_science,UMass Amherst,energy,663.3426
2016-01-10 23:00:00,4,Mouse_health_Justin,Integrated Sciences,interdisciplinary_science,UMass Amherst,energy,663.3426
2016-01-11 00:00:00,4,Mouse_health_Justin,Integrated Sciences,interdisciplinary_science,UMass Amherst,energy,663.3426
2016-01-11 01:00:00,4,Mouse_health_Justin,Integrated Sciences,interdisciplinary_science,UMass Amherst,energy,663.3426
2016-01-11 02:00:00,4,Mouse_health_Justin,Integrated Sciences,interdisciplinary_science,UMass Amherst,energy,663.3426
2016-01-11 03:00:00,4,Mouse_health_Justin,Integrated Sciences,interdisciplinary_science,UMass Amherst,energy,663.3426
2016-01-11 04:00:00,4,Mouse_health_Justin,Integrated Sciences,interdisciplinary_science,UMass Amherst,energy,663.3426
2016-01-11 05:00:00,4,Mouse_health_Justin,Integrated Sciences,interdisciplinary_science,UMass Amherst,energy,663.3426
2016-01-11 06:00:00,4,Mouse_health_Justin,Integrated Sciences,interdisciplinary_science,UMass Amherst,energy,663.3426
2016-01-11 07:00:00,4,Mouse_health_Justin,Integrated Sciences,interdisciplinary_science,UMass Amherst,energy,663.3426
2016-01-11 08:00:00,4,Mouse_health_Justin,Integrated Sciences,interdisciplinary_science,UMass Amherst,energy,663.3426
2016-01-11 09:00:00,4,Mouse_health_Justin,Integrated Sciences,interdisciplinary_science,UMass Amherst,energy,663.3426
2016-01-11 10:00:00,4,Mouse_health_Justin,Integrated Sciences,interdisciplinary_science,UMass Amherst,energy,663.3426
2016-01-11 11:00:00,4,Mouse_health_Justin,Integrated Sciences,interdisciplinary_science,UMass Amherst,energy,663.3426
2016-01-11 12:00:00,4,Mouse_health_Justin,Integrated Sciences,interdisciplinary_science,UMass Amherst,energy,663.3426
2016-01-11 13:00:00,4,Mouse_health_Justin,Integrated Sciences,interdisciplinary_science,UMass Amherst,energy,663.3426
2016-01-11 14:00:00,4,Mouse_health_Justin,Integrated Sciences,interdisciplinary_science,UMass Amherst,energy,663.3426
2016-01-11 15:00:00,4,Mouse_health_Justin,Integrated Sciences,interdisciplinary_science,UMass Amherst,energy,663.3426
2016-01-11 16:00:00,4,Mouse_health_Justin,Integrated Sciences,interdisciplinary_science,UMass Amherst,energy,663.3426
2016-01-11 17:00:00,4,Mouse_health_Justin,Integrated Sciences,interdisciplinary_science,UMass Amherst,energy,663.3426
2016-01-11 18:00:00,4,Mouse_health_Justin,Integrated Sciences,interdisciplinary_science,UMass Amherst,energy,663.3426
2016-01-11 19:00:00,4,Mouse_health_Justin,Integrated Sciences,interdisciplinary_science,UMass Amherst,energy,663.3426
2016-01-11 20:00:00,4,Mouse_health_Justin,Integrated Sciences,interdisciplinary_science,UMass Amherst,energy,663.3426
2016-01-11 21:00:00,4,Mouse_health_Justin,Integrated Sciences,interdisciplinary_science,UMass Amherst,energy,663.3426
2016-01-11 22:00:00,4,Mouse_health_Justin,Integrated Sciences,interdisciplinary_science,UMass Amherst,energy,663.3426
2016-01-11 23:00:00,4,Mouse_health_Justin,Integrated Sciences,interdisciplinary_science,UMass Amherst,energy,663.3426
2016-01-12 00:00:00,4,Mouse_health_Justin,Integrated Sciences,interdisciplinary_science,UMass Amherst,energy,663.3426
2016-01-12 01:00:00,4,Mouse_health_Justin,Integrated Sciences,interdisciplinary_science,UMass Amherst,energy,663.3426
2016-01-12 02:00:00,4,Mouse_health_Justin,Integrated Sciences,interdisciplinary_science,UMass Amherst,energy,663.3426
2016-01-12 03:00:00,4,Mouse_health_Justin,Integrated Sciences,interdisciplinary_science,UMass Amherst,energy,663.3426
2016-01-12 04:00:00,4,Mouse_health_Justin,Integrated Sciences,interdisciplinary_science,UMass Amherst,energy,663.3426
2016-01-12 05:00:00,4,Mouse_health_Justin,Integrated Sciences,interdisciplinary_science,UMass Amherst,energy,663.3426
2016-01-12 06:00:00,4,Mouse_health_Justin,Integrated Sciences,interdisciplinary_science,UMass Amherst,energy,663.3426
2016-01-12 07:00:00,4,Mouse_health_Justin,Integrated Sciences,interdisciplinary_science,UMass Amherst,energy,663.3426
2016-01-12 08:00:00,4,Mouse_health_Justin,Integrated Sciences,interdisciplinary_science,UMass Amherst,energy,663.3426
2016-01-12 09:00:00,4,Mouse_health_Justin,Integrated Sciences,interdisciplinary_science,UMass Amherst,energy,663.3426
2016-01-12 10:00:00,4,Mouse_health_Justin,Integrated Sciences,interdisciplinary_science,UMass Amherst,energy,663.3426
2016-01-12 11:00:00,4,Mouse_health_Justin,Integrated Sciences,interdisciplinary_science,UMass Amherst,energy,663.3426
2016-01-12 12:00:00,4,Mouse_health_Justin,Integrated Sciences,interdisciplinary_science,UMass Amherst,energy,663.3426
2016-01-12 13:00:00,4,Mouse_health_Justin,Integrated Sciences,interdisciplinary_science,UMass Amherst,energy,663.3426
2016-01-12 14:00:00,4,Mouse_health_Justin,Integrated Sciences,interdisciplinary_science,UMass Amherst,energy,663.3426
2016-01-12 15:00:00,4,Mouse_health_Justin,Integrated Sciences,interdisciplinary_science,UMass Amherst,energy,663.3426
2016-01-12 16:00:00,4,Mouse_health_Justin,Integrated Sciences,interdisciplinary_science,UMass Amherst,energy,663.3426
2016-01-12 17:00:00,4,Mouse_health_Justin,Integrated Sciences,interdisciplinary_science,UMass Amherst,energy,663.3426
2016-01-12 18:00:00,4,Mouse_health_Justin,Integrated Sciences,interdisciplinary_science,UMass Amherst,energy,663.3426
2016-01-12 19:00:00,4,Mouse_health_Justin,Integrated Sciences,interdisciplinary_science,UMass Amherst,energy,663.3426
2016-01-12 20:00:00,4,Mouse_health_Justin,Integrated Sciences,interdisciplinary_science,UMass Amherst,energy,663.3426
2016-01-12 21:00:00,4,Mouse_health_Justin,Integrated Sciences,interdisciplinary_science,UMass Amherst,energy,663.3426
2016-01-12 22:00:00,4,Mouse_health_Justin,Integrated Sciences,interdisciplinary_science,UMass Amherst,energy,663.3426
2016-01-12 23:00:00,4,Mouse_health_Justin,Integrated Sciences,interdisciplinary_science,UMass Amherst,energy,663.3426
2016-01-13 00:00:00,4,Mouse_health_Justin,Integrated Sciences,interdisciplinary_science,UMass Amherst,energy,663.3426
2016-01-13 01:00:00,4,Mouse_health_Justin,Integrated Sciences,interdisciplinary_science,UMass Amherst,energy,663.3426
2016-01-13 02:00:00,4,Mouse_health_Justin,Integrated Sciences,interdisciplinary_science,UMass Amherst,energy,663.3426
2016-01-13 03:00:00,4,Mouse_health_Justin,Integrated Sciences,interdisciplinary_science,UMass Amherst,energy,663.3426
2016-01-13 04:00:00,4,Mouse_health_Justin,Integrated Sciences,interdisciplinary_science,UMass Amherst,energy,663.3426
2016-01-13 05:00:00,4,Mouse_health_Justin,Integrated Sciences,interdisciplinary_science,UMass Amherst,energy,663.3426
2016-01-13 06:00:00,4,Mouse_health_Justin,Integrated Sciences,interdisciplinary_science,UMass Amherst,energy,663.3426
2016-01-13 07:00:00,4,Mouse_health_Justin,Integrated Sciences,interdisciplinary_science,UMass Amherst,energy,663.3426
2016-01-13 08:00:00,4,Mouse_health_Justin,Integrated Sciences,interdisciplinary_science,UMass Amherst,energy,663.3426
2016-01-13 09:00:00,4,Mouse_health_Justin,Integrated Sciences,interdisciplinary_science,UMass Amherst,energy,663.3426
2016-01-13 10:00:00,4,Mouse_health_Justin,Integrated Sciences,interdisciplinary_science,UMass Amherst,energy,663.3426
2016-01-13 11:00:00,4,Mouse_health_Justin,Integrated Sciences,interdisciplinary_science,UMass Amherst,energy,663.3426
2016-01-13 12:00:00,4,Mouse_health_Justin,Integrated Sciences,interdisciplinary_science,UMass Amherst,energy,663.3426
2016-01-13 13:00:00,4,Mouse_health_Justin,Integrated Sciences,interdisciplinary_science,UMass Amherst,energy,663.3426
2016-01-13 14:00:00,4,Mouse_health_Justin,Integrated Sciences,interdisciplinary_science,UMass Amherst,energy,663.3426
2016-01-13 15:00:00,4,Mouse_health_Justin,Integrated Sciences,interdisciplinary_science,UMass Amherst,energy,663.3426
2016-01-13 16:00:00,4,Mouse_health_Justin,Integrated Sciences,interdisciplinary_science,UMass Amherst,energy,663.3426
2016-01-13 17:00:00,4,Mouse_health_Justin,Integrated Sciences,interdisciplinary_science,UMass Amherst,energy,663.3426
2016-01-13 18:00:00,4,Mouse_health_Justin,Integrated Sciences,interdisciplinary_science,UMass Amherst,energy,663.3426
2016-01-13 19:00:00,4,Mouse_health_Justin,Integrated Sciences,interdisciplinary_science,UMass Amherst,energy,663.3426
2016-01-13 20:00:00,4,Mouse_health_Justin,Integrated Sciences,interdisciplinary_science,UMass Amherst,energy,663.3426
2016-01-13 21:00:00,4,Mouse_health_Justin,Integrated Sciences,interdisciplinary_science,UMass Amherst,energy,663.3426
2016-01-13 22:00:00,4,Mouse_health_Justin,Integrated Sciences,interdisciplinary_science,UMass Amherst,energy,663.3426
2016-01-13 23:00:00,4,Mouse_health_Justin,Integrated Sciences,interdisciplinary_science,UMass Amherst,energy,663.3426
2016-01-14 00:00:00,4,Mouse_health_Justin,Integrated Sciences,interdisciplinary_science,UMass Amherst,energy,663.3426
2016-01-14 01:00:00,4,Mouse_health_Justin,Integrated Sciences,interdisciplinary_science,UMass Amherst,energy,663.3426
2016-01-14 02:00:00,4,Mouse_health_Justin,Integrated Sciences,interdisciplinary_science,UMass Amherst,energy,663.3426
2016-01-14 03:00:00,4,Mouse_health_Justin,Integrated Sciences,interdisciplinary_science,UMass Amherst,energy,663.3426
2016-01-14 04:00:00,4,Mouse_health_Justin,Integrated Sciences,interdisciplinary_science,UMass Amherst,energy,663.3426
2016-01-14 05:00:00,4,Mouse_health_Justin,Integrated Sciences,interdisciplinary_science,UMass Amherst,energy,663.3426
2016-01-14 06:00:00,4,Mouse_health_Justin,Integrated Sciences,interdisciplinary_science,UMass Amherst,energy,663.3426
2016-01-14 07:00:00,4,Mouse_health_Justin,Integrated Sciences,interdisciplinary_science,UMass Amherst,energy,663.3426
2016-01-14 08:00:00,4,Mouse_health_Justin,Integrated Sciences,interdisciplinary_science,UMass Amherst,energy,663.3426
2016-01-14 09:00:00,4,Mouse_health_Justin,Integrated Sciences,interdisciplinary_science,UMass Amherst,energy,663.3426
2016-01-14 10:00:00,4,Mouse_health_Justin,Integrated Sciences,interdisciplinary_science,UMass Amherst,energy,663.3426
2016-01-14 11:00:00,4,Mouse_health_Justin,Integrated Sciences,interdisciplinary_science,UMass Amherst,energy,663.3426
2016-01-14 12:00:00,4,Mouse_health_Justin,Integrated Sciences,interdisciplinary_science,UMass Amherst,energy,663.3426
2016-01-14 13:00:00,4,Mouse_health_Justin,Integrated Sciences,interdisciplinary_science,UMass Amherst,energy,663.3426
2016-01-14 14:00:00,4,Mouse_health_Justin,Integrated Sciences,interdisciplinary_science,UMass Amherst,energy,663.3426
2016-01-14 15:00:00,4,Mouse_health_Justin,Integrated Sciences,interdisciplinary_science,UMass Amherst,energy,663.3426
2016-01-14 16:00:00,4,Mouse_health_Justin,Integrated Sciences,interdisciplinary_science,UMass Amherst,energy,663.3426
2016-01-14 17:00:00,4,Mouse_health_Justin,Integrated Sciences,interdisciplinary_science,UMass Amherst,energy,663.3426
2016-01-14 18:00:00,4,Mouse_health_Justin,Integrated Sciences,interdisciplinary_science,UMass Amherst,energy,663.3426
2016-01-14 19:00:00,4,Mouse_health_Justin,Integrated Sciences,interdisciplinary_science,UMass Amherst,energy,663.3426
2016-01-14 20:00:00,4,Mouse_health_Justin,Integrated Sciences,interdisciplinary_science,UMass Amherst,energy,663.3426
2016-01-14 21:00:00,4,Mouse_health_Justin,Integrated Sciences,interdisciplinary_science,UMass Amherst,energy,663.3426
2016-01-14 22:00:00,4,Mouse_health_Justin,Integrated Sciences,interdisciplinary_science,UMass Amherst,energy,663.3426
2016-01-14 23:00:00,4,Mouse_health_Justin,Integrated Sciences,interdisciplinary_science,UMass Amherst,energy,663.3426
2016-01-15 00:00:00,4,Mouse_health_Justin,Integrated Sciences,interdisciplinary_science,UMass Amherst,energy,592.3528
2016-01-15 01:00:00,4,Mouse_health_Justin,Integrated Sciences,interdisciplinary_science,UMass Amherst,energy,624.5851
2016-01-15 02:00:00,4,Mouse_health_Justin,Integrated Sciences,interdisciplinary_science,UMass Amherst,energy,538.16
2016-01-15 03:00:00,4,Mouse_health_Justin,Integrated Sciences,interdisciplinary_science,UMass Amherst,energy,534.687
2016-01-15 04:00:00,4,Mouse_health_Justin,Integrated Sciences,interdisciplinary_science,UMass Amherst,energy,524.999
2016-01-15 05:00:00,4,Mouse_health_Justin,Integrated Sciences,interdisciplinary_science,UMass Amherst,energy,533.028
2016-01-15 06:00:00,4,Mouse_health_Justin,Integrated Sciences,interdisciplinary_science,UMass Amherst,energy,523.6
2016-01-15 07:00:00,4,Mouse_health_Justin,Integrated Sciences,interdisciplinary_science,UMass Amherst,energy,544.778
2016-01-15 08:00:00,4,Mouse_health_Justin,Integrated Sciences,interdisciplinary_science,UMass Amherst,energy,621.808
2016-01-15 09:00:00,4,Mouse_health_Justin,Integrated Sciences,interdisciplinary_science,UMass Amherst,energy,679.429
2016-01-15 10:00:00,4,Mouse_health_Justin,Integrated Sciences,interdisciplinary_science,UMass Amherst,energy,702.299
2016-01-15 11:00:00,4,Mouse_health_Justin,Integrated Sciences,interdisciplinary_science,UMass Amherst,energy,724.3530000000003
2016-01-15 12:00:00,4,Mouse_health_Justin,Integrated Sciences,interdisciplinary_science,UMass Amherst,energy,753.446
2016-01-15 13:00:00,4,Mouse_health_Justin,Integrated Sciences,interdisciplinary_science,UMass Amherst,energy,751.815
2016-01-15 14:00:00,4,Mouse_health_Justin,Integrated Sciences,interdisciplinary_science,UMass Amherst,energy,753.548
2016-01-15 15:00:00,4,Mouse_health_Justin,Integrated Sciences,interdisciplinary_science,UMass Amherst,energy,728.658
2016-01-15 16:00:00,4,Mouse_health_Justin,Integrated Sciences,interdisciplinary_science,UMass Amherst,energy,720.322
2016-01-15 17:00:00,4,Mouse_health_Justin,Integrated Sciences,interdisciplinary_science,UMass Amherst,energy,713.7360000000001
2016-01-15 18:00:00,4,Mouse_health_Justin,Integrated Sciences,interdisciplinary_science,UMass Amherst,energy,666.834
2016-01-15 19:00:00,4,Mouse_health_Justin,Integrated Sciences,interdisciplinary_science,UMass Amherst,energy,617.795
2016-01-15 20:00:00,4,Mouse_health_Justin,Integrated Sciences,interdisciplinary_science,UMass Amherst,energy,586.305
2016-01-15 21:00:00,4,Mouse_health_Justin,Integrated Sciences,interdisciplinary_science,UMass Amherst,energy,546.511
2016-01-15 22:00:00,4,Mouse_health_Justin,Integrated Sciences,interdisciplinary_science,UMass Amherst,energy,518.884
2016-01-15 23:00:00,4,Mouse_health_Justin,Integrated Sciences,interdisciplinary_science,UMass Amherst,energy,530.336
2016-01-16 00:00:00,4,Mouse_health_Justin,Integrated Sciences,interdisciplinary_science,UMass Amherst,energy,528.0985
2016-01-16 01:00:00,4,Mouse_health_Justin,Integrated Sciences,interdisciplinary_science,UMass Amherst,energy,518.377
2016-01-16 02:00:00,4,Mouse_health_Justin,Integrated Sciences,interdisciplinary_science,UMass Amherst,energy,517.23
2016-01-16 03:00:00,4,Mouse_health_Justin,Integrated Sciences,interdisciplinary_science,UMass Amherst,energy,514.207
2016-01-16 04:00:00,4,Mouse_health_Justin,Integrated Sciences,interdisciplinary_science,UMass Amherst,energy,500.172
2016-01-16 05:00:00,4,Mouse_health_Justin,Integrated Sciences,interdisciplinary_science,UMass Amherst,energy,522.7959999999998
2016-01-16 06:00:00,4,Mouse_health_Justin,Integrated Sciences,interdisciplinary_science,UMass Amherst,energy,522.47
2016-01-16 07:00:00,4,Mouse_health_Justin,Integrated Sciences,interdisciplinary_science,UMass Amherst,energy,517.203
2016-01-16 08:00:00,4,Mouse_health_Justin,Integrated Sciences,interdisciplinary_science,UMass Amherst,energy,579.592
2016-01-16 09:00:00,4,Mouse_health_Justin,Integrated Sciences,interdisciplinary_science,UMass Amherst,energy,610.203
2016-01-16 10:00:00,4,Mouse_health_Justin,Integrated Sciences,interdisciplinary_science,UMass Amherst,energy,623.879
2016-01-16 11:00:00,4,Mouse_health_Justin,Integrated Sciences,interdisciplinary_science,UMass Amherst,energy,637.673
2016-01-16 12:00:00,4,Mouse_health_Justin,Integrated Sciences,interdisciplinary_science,UMass Amherst,energy,657.694
2016-01-16 13:00:00,4,Mouse_health_Justin,Integrated Sciences,interdisciplinary_science,UMass Amherst,energy,645.557
2016-01-16 14:00:00,4,Mouse_health_Justin,Integrated Sciences,interdisciplinary_science,UMass Amherst,energy,640.7180000000002
2016-01-16 15:00:00,4,Mouse_health_Justin,Integrated Sciences,interdisciplinary_science,UMass Amherst,energy,651.633
2016-01-16 16:00:00,4,Mouse_health_Justin,Integrated Sciences,interdisciplinary_science,UMass Amherst,energy,648.661
2016-01-16 17:00:00,4,Mouse_health_Justin,Integrated Sciences,interdisciplinary_science,UMass Amherst,energy,624.7080000000002
2016-01-16 18:00:00,4,Mouse_health_Justin,Integrated Sciences,interdisciplinary_science,UMass Amherst,energy,581.893
2016-01-16 19:00:00,4,Mouse_health_Justin,Integrated Sciences,interdisciplinary_science,UMass Amherst,energy,558.922
2016-01-16 20:00:00,4,Mouse_health_Justin,Integrated Sciences,interdisciplinary_science,UMass Amherst,energy,561.217
2016-01-16 21:00:00,4,Mouse_health_Justin,Integrated Sciences,interdisciplinary_science,UMass Amherst,energy,541.243
2016-01-16 22:00:00,4,Mouse_health_Justin,Integrated Sciences,interdisciplinary_science,UMass Amherst,energy,531.146
2016-01-16 23:00:00,4,Mouse_health_Justin,Integrated Sciences,interdisciplinary_science,UMass Amherst,energy,531.597
2016-01-17 00:00:00,4,Mouse_health_Justin,Integrated Sciences,interdisciplinary_science,UMass Amherst,energy,533.173
2016-01-17 01:00:00,4,Mouse_health_Justin,Integrated Sciences,interdisciplinary_science,UMass Amherst,energy,525.862
2016-01-17 02:00:00,4,Mouse_health_Justin,Integrated Sciences,interdisciplinary_science,UMass Amherst,energy,530.49
2016-01-17 03:00:00,4,Mouse_health_Justin,Integrated Sciences,interdisciplinary_science,UMass Amherst,energy,529.419
2016-01-17 04:00:00,4,Mouse_health_Justin,Integrated Sciences,interdisciplinary_science,UMass Amherst,energy,522.438
2016-01-17 05:00:00,4,Mouse_health_Justin,Integrated Sciences,interdisciplinary_science,UMass Amherst,energy,523.96
2016-01-17 06:00:00,4,Mouse_health_Justin,Integrated Sciences,interdisciplinary_science,UMass Amherst,energy,524.225
2016-01-17 07:00:00,4,Mouse_health_Justin,Integrated Sciences,interdisciplinary_science,UMass Amherst,energy,528.752
2016-01-17 08:00:00,4,Mouse_health_Justin,Integrated Sciences,interdisciplinary_science,UMass Amherst,energy,583.484
2016-01-17 09:00:00,4,Mouse_health_Justin,Integrated Sciences,interdisciplinary_science,UMass Amherst,energy,608.243
2016-01-17 10:00:00,4,Mouse_health_Justin,Integrated Sciences,interdisciplinary_science,UMass Amherst,energy,613.866
2016-01-17 11:00:00,4,Mouse_health_Justin,Integrated Sciences,interdisciplinary_science,UMass Amherst,energy,626.878
2016-01-17 12:00:00,4,Mouse_health_Justin,Integrated Sciences,interdisciplinary_science,UMass Amherst,energy,642.0830000000002
2016-01-17 13:00:00,4,Mouse_health_Justin,Integrated Sciences,interdisciplinary_science,UMass Amherst,energy,607.193
2016-01-17 14:00:00,4,Mouse_health_Justin,Integrated Sciences,interdisciplinary_science,UMass Amherst,energy,627.308
2016-01-17 15:00:00,4,Mouse_health_Justin,Integrated Sciences,interdisciplinary_science,UMass Amherst,energy,625.525
2016-01-17 16:00:00,4,Mouse_health_Justin,Integrated Sciences,interdisciplinary_science,UMass Amherst,energy,645.937
2016-01-17 17:00:00,4,Mouse_health_Justin,Integrated Sciences,interdisciplinary_science,UMass Amherst,energy,619.629
2016-01-17 18:00:00,4,Mouse_health_Justin,Integrated Sciences,interdisciplinary_science,UMass Amherst,energy,580.856
2016-01-17 19:00:00,4,Mouse_health_Justin,Integrated Sciences,interdisciplinary_science,UMass Amherst,energy,565.288
2016-01-17 20:00:00,4,Mouse_health_Justin,Integrated Sciences,interdisciplinary_science,UMass Amherst,energy,563.089
2016-01-17 21:00:00,4,Mouse_health_Justin,Integrated Sciences,interdisciplinary_science,UMass Amherst,energy,548.2
2016-01-17 22:00:00,4,Mouse_health_Justin,Integrated Sciences,interdisciplinary_science,UMass Amherst,energy,535.933
2016-01-17 23:00:00,4,Mouse_health_Justin,Integrated Sciences,interdisciplinary_science,UMass Amherst,energy,535.872
2016-01-18 00:00:00,4,Mouse_health_Justin,Integrated Sciences,interdisciplinary_science,UMass Amherst,energy,542.7335
2016-01-18 01:00:00,4,Mouse_health_Justin,Integrated Sciences,interdisciplinary_science,UMass Amherst,energy,527.7959999999998
2016-01-18 02:00:00,4,Mouse_health_Justin,Integrated Sciences,interdisciplinary_science,UMass Amherst,energy,520.993
2016-01-18 03:00:00,4,Mouse_health_Justin,Integrated Sciences,interdisciplinary_science,UMass Amherst,energy,520.169
2016-01-18 04:00:00,4,Mouse_health_Justin,Integrated Sciences,interdisciplinary_science,UMass Amherst,energy,514.697
2016-01-18 05:00:00,4,Mouse_health_Justin,Integrated Sciences,interdisciplinary_science,UMass Amherst,energy,520.601
2016-01-18 06:00:00,4,Mouse_health_Justin,Integrated Sciences,interdisciplinary_science,UMass Amherst,energy,522.135
2016-01-18 07:00:00,4,Mouse_health_Justin,Integrated Sciences,interdisciplinary_science,UMass Amherst,energy,547.235
2016-01-18 08:00:00,4,Mouse_health_Justin,Integrated Sciences,interdisciplinary_science,UMass Amherst,energy,634.201
2016-01-18 09:00:00,4,Mouse_health_Justin,Integrated Sciences,interdisciplinary_science,UMass Amherst,energy,676.7289999999998
2016-01-18 10:00:00,4,Mouse_health_Justin,Integrated Sciences,interdisciplinary_science,UMass Amherst,energy,724.355
2016-01-18 11:00:00,4,Mouse_health_Justin,Integrated Sciences,interdisciplinary_science,UMass Amherst,energy,747.797
2016-01-18 12:00:00,4,Mouse_health_Justin,Integrated Sciences,interdisciplinary_science,UMass Amherst,energy,771.395
2016-01-18 13:00:00,4,Mouse_health_Justin,Integrated Sciences,interdisciplinary_science,UMass Amherst,energy,758.3610000000001
2016-01-18 14:00:00,4,Mouse_health_Justin,Integrated Sciences,interdisciplinary_science,UMass Amherst,energy,751.9830000000003
2016-01-18 15:00:00,4,Mouse_health_Justin,Integrated Sciences,interdisciplinary_science,UMass Amherst,energy,760.405
2016-01-18 16:00:00,4,Mouse_health_Justin,Integrated Sciences,interdisciplinary_science,UMass Amherst,energy,755.915
2016-01-18 17:00:00,4,Mouse_health_Justin,Integrated Sciences,interdisciplinary_science,UMass Amherst,energy,735.5360000000003
2016-01-18 18:00:00,4,Mouse_health_Justin,Integrated Sciences,interdisciplinary_science,UMass Amherst,energy,680.7860000000003
2016-01-18 19:00:00,4,Mouse_health_Justin,Integrated Sciences,interdisciplinary_science,UMass Amherst,energy,630.7919999999998
2016-01-18 20:00:00,4,Mouse_health_Justin,Integrated Sciences,interdisciplinary_science,UMass Amherst,energy,616.94
2016-01-18 21:00:00,4,Mouse_health_Justin,Integrated Sciences,interdisciplinary_science,UMass Amherst,energy,576.59
2016-01-18 22:00:00,4,Mouse_health_Justin,Integrated Sciences,interdisciplinary_science,UMass Amherst,energy,542.519
2016-01-18 23:00:00,4,Mouse_health_Justin,Integrated Sciences,interdisciplinary_science,UMass Amherst,energy,554.794
2016-01-19 00:00:00,4,Mouse_health_Justin,Integrated Sciences,interdisciplinary_science,UMass Amherst,energy,547.655
2016-01-19 01:00:00,4,Mouse_health_Justin,Integrated Sciences,interdisciplinary_science,UMass Amherst,energy,546.399
2016-01-19 02:00:00,4,Mouse_health_Justin,Integrated Sciences,interdisciplinary_science,UMass Amherst,energy,542.999
2016-01-19 03:00:00,4,Mouse_health_Justin,Integrated Sciences,interdisciplinary_science,UMass Amherst,energy,535.436
2016-01-19 04:00:00,4,Mouse_health_Justin,Integrated Sciences,interdisciplinary_science,UMass Amherst,energy,530.0740000000002
2016-01-19 05:00:00,4,Mouse_health_Justin,Integrated Sciences,interdisciplinary_science,UMass Amherst,energy,527.841
2016-01-19 06:00:00,4,Mouse_health_Justin,Integrated Sciences,interdisciplinary_science,UMass Amherst,energy,522.384
2016-01-19 07:00:00,4,Mouse_health_Justin,Integrated Sciences,interdisciplinary_science,UMass Amherst,energy,555.073
2016-01-19 08:00:00,4,Mouse_health_Justin,Integrated Sciences,interdisciplinary_science,UMass Amherst,energy,633.224
2016-01-19 09:00:00,4,Mouse_health_Justin,Integrated Sciences,interdisciplinary_science,UMass Amherst,energy,681.6669999999998
2016-01-19 10:00:00,4,Mouse_health_Justin,Integrated Sciences,interdisciplinary_science,UMass Amherst,energy,723.2669999999997
2016-01-19 11:00:00,4,Mouse_health_Justin,Integrated Sciences,interdisciplinary_science,UMass Amherst,energy,744.8
2016-01-19 12:00:00,4,Mouse_health_Justin,Integrated Sciences,interdisciplinary_science,UMass Amherst,energy,757.6060000000001
2016-01-19 13:00:00,4,Mouse_health_Justin,Integrated Sciences,interdisciplinary_science,UMass Amherst,energy,761.3939999999999
2016-01-19 14:00:00,4,Mouse_health_Justin,Integrated Sciences,interdisciplinary_science,UMass Amherst,energy,761.418
2016-01-19 15:00:00,4,Mouse_health_Justin,Integrated Sciences,interdisciplinary_science,UMass Amherst,energy,757.222
2016-01-19 16:00:00,4,Mouse_health_Justin,Integrated Sciences,interdisciplinary_science,UMass Amherst,energy,767.7180000000003
2016-01-19 17:00:00,4,Mouse_health_Justin,Integrated Sciences,interdisciplinary_science,UMass Amherst,energy,721.148
2016-01-19 18:00:00,4,Mouse_health_Justin,Integrated Sciences,interdisciplinary_science,UMass Amherst,energy,677.3589999999998
2016-01-19 19:00:00,4,Mouse_health_Justin,Integrated Sciences,interdisciplinary_science,UMass Amherst,energy,637.205
2016-01-19 20:00:00,4,Mouse_health_Justin,Integrated Sciences,interdisciplinary_science,UMass Amherst,energy,613.964
2016-01-19 21:00:00,4,Mouse_health_Justin,Integrated Sciences,interdisciplinary_science,UMass Amherst,energy,569.261
2016-01-19 22:00:00,4,Mouse_health_Justin,Integrated Sciences,interdisciplinary_science,UMass Amherst,energy,555.7330000000002
2016-01-19 23:00:00,4,Mouse_health_Justin,Integrated Sciences,interdisciplinary_science,UMass Amherst,energy,547.61
2016-01-20 00:00:00,4,Mouse_health_Justin,Integrated Sciences,interdisciplinary_science,UMass Amherst,energy,549.3675
2016-01-20 01:00:00,4,Mouse_health_Justin,Integrated Sciences,interdisciplinary_science,UMass Amherst,energy,545.941
2016-01-20 02:00:00,4,Mouse_health_Justin,Integrated Sciences,interdisciplinary_science,UMass Amherst,energy,534.0269999999998
2016-01-20 03:00:00,4,Mouse_health_Justin,Integrated Sciences,interdisciplinary_science,UMass Amherst,energy,535.762
2016-01-20 04:00:00,4,Mouse_health_Justin,Integrated Sciences,interdisciplinary_science,UMass Amherst,energy,533.7669999999998
2016-01-20 05:00:00,4,Mouse_health_Justin,Integrated Sciences,interdisciplinary_science,UMass Amherst,energy,530.76
2016-01-20 06:00:00,4,Mouse_health_Justin,Integrated Sciences,interdisciplinary_science,UMass Amherst,energy,528.602
2016-01-20 07:00:00,4,Mouse_health_Justin,Integrated Sciences,interdisciplinary_science,UMass Amherst,energy,556.816
2016-01-20 08:00:00,4,Mouse_health_Justin,Integrated Sciences,interdisciplinary_science,UMass Amherst,energy,641.5459999999998
2016-01-20 09:00:00,4,Mouse_health_Justin,Integrated Sciences,interdisciplinary_science,UMass Amherst,energy,692.148
2016-01-20 10:00:00,4,Mouse_health_Justin,Integrated Sciences,interdisciplinary_science,UMass Amherst,energy,726.847
2016-01-20 11:00:00,4,Mouse_health_Justin,Integrated Sciences,interdisciplinary_science,UMass Amherst,energy,742.949
2016-01-20 12:00:00,4,Mouse_health_Justin,Integrated Sciences,interdisciplinary_science,UMass Amherst,energy,758.073
2016-01-20 13:00:00,4,Mouse_health_Justin,Integrated Sciences,interdisciplinary_science,UMass Amherst,energy,755.9960000000003
2016-01-20 14:00:00,4,Mouse_health_Justin,Integrated Sciences,interdisciplinary_science,UMass Amherst,energy,755.015
2016-01-20 15:00:00,4,Mouse_health_Justin,Integrated Sciences,interdisciplinary_science,UMass Amherst,energy,748.265
2016-01-20 16:00:00,4,Mouse_health_Justin,Integrated Sciences,interdisciplinary_science,UMass Amherst,energy,748.8739999999997
2016-01-20 17:00:00,4,Mouse_health_Justin,Integrated Sciences,interdisciplinary_science,UMass Amherst,energy,712.1010000000001
2016-01-20 18:00:00,4,Mouse_health_Justin,Integrated Sciences,interdisciplinary_science,UMass Amherst,energy,679.815
2016-01-20 19:00:00,4,Mouse_health_Justin,Integrated Sciences,interdisciplinary_science,UMass Amherst,energy,641.707
2016-01-20 20:00:00,4,Mouse_health_Justin,Integrated Sciences,interdisciplinary_science,UMass Amherst,energy,626.8380000000002
2016-01-20 21:00:00,4,Mouse_health_Justin,Integrated Sciences,interdisciplinary_science,UMass Amherst,energy,574.185
2016-01-20 22:00:00,4,Mouse_health_Justin,Integrated Sciences,interdisciplinary_science,UMass Amherst,energy,552.674
2016-01-20 23:00:00,4,Mouse_health_Justin,Integrated Sciences,interdisciplinary_science,UMass Amherst,energy,552.025
2016-01-21 00:00:00,4,Mouse_health_Justin,Integrated Sciences,interdisciplinary_science,UMass Amherst,energy,554.865
2016-01-21 01:00:00,4,Mouse_health_Justin,Integrated Sciences,interdisciplinary_science,UMass Amherst,energy,546.1709999999998
2016-01-21 02:00:00,4,Mouse_health_Justin,Integrated Sciences,interdisciplinary_science,UMass Amherst,energy,540.476
2016-01-21 03:00:00,4,Mouse_health_Justin,Integrated Sciences,interdisciplinary_science,UMass Amherst,energy,533.487
2016-01-21 04:00:00,4,Mouse_health_Justin,Integrated Sciences,interdisciplinary_science,UMass Amherst,energy,527.625
2016-01-21 05:00:00,4,Mouse_health_Justin,Integrated Sciences,interdisciplinary_science,UMass Amherst,energy,530.46
2016-01-21 06:00:00,4,Mouse_health_Justin,Integrated Sciences,interdisciplinary_science,UMass Amherst,energy,537.5169999999998
2016-01-21 07:00:00,4,Mouse_health_Justin,Integrated Sciences,interdisciplinary_science,UMass Amherst,energy,570.326
2016-01-21 08:00:00,4,Mouse_health_Justin,Integrated Sciences,interdisciplinary_science,UMass Amherst,energy,638.837
2016-01-21 09:00:00,4,Mouse_health_Justin,Integrated Sciences,interdisciplinary_science,UMass Amherst,energy,690.6030000000003
2016-01-21 10:00:00,4,Mouse_health_Justin,Integrated Sciences,interdisciplinary_science,UMass Amherst,energy,722.9910000000001
2016-01-21 11:00:00,4,Mouse_health_Justin,Integrated Sciences,interdisciplinary_science,UMass Amherst,energy,738.955
2016-01-21 12:00:00,4,Mouse_health_Justin,Integrated Sciences,interdisciplinary_science,UMass Amherst,energy,763.677
2016-01-21 13:00:00,4,Mouse_health_Justin,Integrated Sciences,interdisciplinary_science,UMass Amherst,energy,753.304
2016-01-21 14:00:00,4,Mouse_health_Justin,Integrated Sciences,interdisciplinary_science,UMass Amherst,energy,749.847
2016-01-21 15:00:00,4,Mouse_health_Justin,Integrated Sciences,interdisciplinary_science,UMass Amherst,energy,758.927
2016-01-21 16:00:00,4,Mouse_health_Justin,Integrated Sciences,interdisciplinary_science,UMass Amherst,energy,760.342
2016-01-21 17:00:00,4,Mouse_health_Justin,Integrated Sciences,interdisciplinary_science,UMass Amherst,energy,728.5110000000003
2016-01-21 18:00:00,4,Mouse_health_Justin,Integrated Sciences,interdisciplinary_science,UMass Amherst,energy,670.7460000000002
2016-01-21 19:00:00,4,Mouse_health_Justin,Integrated Sciences,interdisciplinary_science,UMass Amherst,energy,629.352
2016-01-21 20:00:00,4,Mouse_health_Justin,Integrated Sciences,interdisciplinary_science,UMass Amherst,energy,625.943
2016-01-21 21:00:00,4,Mouse_health_Justin,Integrated Sciences,interdisciplinary_science,UMass Amherst,energy,579.069
2016-01-21 22:00:00,4,Mouse_health_Justin,Integrated Sciences,interdisciplinary_science,UMass Amherst,energy,560.601
2016-01-21 23:00:00,4,Mouse_health_Justin,Integrated Sciences,interdisciplinary_science,UMass Amherst,energy,557.88
2016-01-22 00:00:00,4,Mouse_health_Justin,Integrated Sciences,interdisciplinary_science,UMass Amherst,energy,524.681
2016-01-22 01:00:00,4,Mouse_health_Justin,Integrated Sciences,interdisciplinary_science,UMass Amherst,energy,536.694
2016-01-22 02:00:00,4,Mouse_health_Justin,Integrated Sciences,interdisciplinary_science,UMass Amherst,energy,538.529
2016-01-22 03:00:00,4,Mouse_health_Justin,Integrated Sciences,interdisciplinary_science,UMass Amherst,energy,522.869
2016-01-22 04:00:00,4,Mouse_health_Justin,Integrated Sciences,interdisciplinary_science,UMass Amherst,energy,514.499
2016-01-22 05:00:00,4,Mouse_health_Justin,Integrated Sciences,interdisciplinary_science,UMass Amherst,energy,521.361
2016-01-22 06:00:00,4,Mouse_health_Justin,Integrated Sciences,interdisciplinary_science,UMass Amherst,energy,527.506
2016-01-22 07:00:00,4,Mouse_health_Justin,Integrated Sciences,interdisciplinary_science,UMass Amherst,energy,551.309
2016-01-22 08:00:00,4,Mouse_health_Justin,Integrated Sciences,interdisciplinary_science,UMass Amherst,energy,630.774
2016-01-22 09:00:00,4,Mouse_health_Justin,Integrated Sciences,interdisciplinary_science,UMass Amherst,energy,692.323
2016-01-22 10:00:00,4,Mouse_health_Justin,Integrated Sciences,interdisciplinary_science,UMass Amherst,energy,714.913
2016-01-22 11:00:00,4,Mouse_health_Justin,Integrated Sciences,interdisciplinary_science,UMass Amherst,energy,746.4169999999997
2016-01-22 12:00:00,4,Mouse_health_Justin,Integrated Sciences,interdisciplinary_science,UMass Amherst,energy,765.25
2016-01-22 13:00:00,4,Mouse_health_Justin,Integrated Sciences,interdisciplinary_science,UMass Amherst,energy,763.058
2016-01-22 14:00:00,4,Mouse_health_Justin,Integrated Sciences,interdisciplinary_science,UMass Amherst,energy,766.612
2016-01-22 15:00:00,4,Mouse_health_Justin,Integrated Sciences,interdisciplinary_science,UMass Amherst,energy,751.181
2016-01-22 16:00:00,4,Mouse_health_Justin,Integrated Sciences,interdisciplinary_science,UMass Amherst,energy,764.1460000000003
2016-01-22 17:00:00,4,Mouse_health_Justin,Integrated Sciences,interdisciplinary_science,UMass Amherst,energy,718.313
2016-01-22 18:00:00,4,Mouse_health_Justin,Integrated Sciences,interdisciplinary_science,UMass Amherst,energy,667.252
2016-01-22 19:00:00,4,Mouse_health_Justin,Integrated Sciences,interdisciplinary_science,UMass Amherst,energy,633.9159999999998
2016-01-22 20:00:00,4,Mouse_health_Justin,Integrated Sciences,interdisciplinary_science,UMass Amherst,energy,617.138
2016-01-22 21:00:00,4,Mouse_health_Justin,Integrated Sciences,interdisciplinary_science,UMass Amherst,energy,565.125
2016-01-22 22:00:00,4,Mouse_health_Justin,Integrated Sciences,interdisciplinary_science,UMass Amherst,energy,533.341
2016-01-22 23:00:00,4,Mouse_health_Justin,Integrated Sciences,interdisciplinary_science,UMass Amherst,energy,508.814
2016-01-23 00:00:00,4,Mouse_health_Justin,Integrated Sciences,interdisciplinary_science,UMass Amherst,energy,518.882
2016-01-23 01:00:00,4,Mouse_health_Justin,Integrated Sciences,interdisciplinary_science,UMass Amherst,energy,510.851
2016-01-23 02:00:00,4,Mouse_health_Justin,Integrated Sciences,interdisciplinary_science,UMass Amherst,energy,509.751
2016-01-23 03:00:00,4,Mouse_health_Justin,Integrated Sciences,interdisciplinary_science,UMass Amherst,energy,500.341
2016-01-23 04:00:00,4,Mouse_health_Justin,Integrated Sciences,interdisciplinary_science,UMass Amherst,energy,493.697
2016-01-23 05:00:00,4,Mouse_health_Justin,Integrated Sciences,interdisciplinary_science,UMass Amherst,energy,493.671
2016-01-23 06:00:00,4,Mouse_health_Justin,Integrated Sciences,interdisciplinary_science,UMass Amherst,energy,493.029
2016-01-23 07:00:00,4,Mouse_health_Justin,Integrated Sciences,interdisciplinary_science,UMass Amherst,energy,496.549
2016-01-23 08:00:00,4,Mouse_health_Justin,Integrated Sciences,interdisciplinary_science,UMass Amherst,energy,561.144
2016-01-23 09:00:00,4,Mouse_health_Justin,Integrated Sciences,interdisciplinary_science,UMass Amherst,energy,604.529
2016-01-23 10:00:00,4,Mouse_health_Justin,Integrated Sciences,interdisciplinary_science,UMass Amherst,energy,618.471
2016-01-23 11:00:00,4,Mouse_health_Justin,Integrated Sciences,interdisciplinary_science,UMass Amherst,energy,639.177
2016-01-23 12:00:00,4,Mouse_health_Justin,Integrated Sciences,interdisciplinary_science,UMass Amherst,energy,660.498
2016-01-23 13:00:00,4,Mouse_health_Justin,Integrated Sciences,interdisciplinary_science,UMass Amherst,energy,653.5740000000002
2016-01-23 14:00:00,4,Mouse_health_Justin,Integrated Sciences,interdisciplinary_science,UMass Amherst,energy,637.563
2016-01-23 15:00:00,4,Mouse_health_Justin,Integrated Sciences,interdisciplinary_science,UMass Amherst,energy,647.759
2016-01-23 16:00:00,4,Mouse_health_Justin,Integrated Sciences,interdisciplinary_science,UMass Amherst,energy,640.464
2016-01-23 17:00:00,4,Mouse_health_Justin,Integrated Sciences,interdisciplinary_science,UMass Amherst,energy,596.509
2016-01-23 18:00:00,4,Mouse_health_Justin,Integrated Sciences,interdisciplinary_science,UMass Amherst,energy,576.148
2016-01-23 19:00:00,4,Mouse_health_Justin,Integrated Sciences,interdisciplinary_science,UMass Amherst,energy,565.653
2016-01-23 20:00:00,4,Mouse_health_Justin,Integrated Sciences,interdisciplinary_science,UMass Amherst,energy,577.058
2016-01-23 21:00:00,4,Mouse_health_Justin,Integrated Sciences,interdisciplinary_science,UMass Amherst,energy,542.734
2016-01-23 22:00:00,4,Mouse_health_Justin,Integrated Sciences,interdisciplinary_science,UMass Amherst,energy,534.778
2016-01-23 23:00:00,4,Mouse_health_Justin,Integrated Sciences,interdisciplinary_science,UMass Amherst,energy,534.651
2016-01-24 00:00:00,4,Mouse_health_Justin,Integrated Sciences,interdisciplinary_science,UMass Amherst,energy,544.2145
2016-01-24 01:00:00,4,Mouse_health_Justin,Integrated Sciences,interdisciplinary_science,UMass Amherst,energy,520.919
2016-01-24 02:00:00,4,Mouse_health_Justin,Integrated Sciences,interdisciplinary_science,UMass Amherst,energy,522.6669999999998
2016-01-24 03:00:00,4,Mouse_health_Justin,Integrated Sciences,interdisciplinary_science,UMass Amherst,energy,517.225
2016-01-24 04:00:00,4,Mouse_health_Justin,Integrated Sciences,interdisciplinary_science,UMass Amherst,energy,503.556
2016-01-24 05:00:00,4,Mouse_health_Justin,Integrated Sciences,interdisciplinary_science,UMass Amherst,energy,512.492
2016-01-24 06:00:00,4,Mouse_health_Justin,Integrated Sciences,interdisciplinary_science,UMass Amherst,energy,514.0
2016-01-24 07:00:00,4,Mouse_health_Justin,Integrated Sciences,interdisciplinary_science,UMass Amherst,energy,516.628
2016-01-24 08:00:00,4,Mouse_health_Justin,Integrated Sciences,interdisciplinary_science,UMass Amherst,energy,571.754
2016-01-24 09:00:00,4,Mouse_health_Justin,Integrated Sciences,interdisciplinary_science,UMass Amherst,energy,607.679
2016-01-24 10:00:00,4,Mouse_health_Justin,Integrated Sciences,interdisciplinary_science,UMass Amherst,energy,613.96
2016-01-24 11:00:00,4,Mouse_health_Justin,Integrated Sciences,interdisciplinary_science,UMass Amherst,energy,629.872
2016-01-24 12:00:00,4,Mouse_health_Justin,Integrated Sciences,interdisciplinary_science,UMass Amherst,energy,666.737
2016-01-24 13:00:00,4,Mouse_health_Justin,Integrated Sciences,interdisciplinary_science,UMass Amherst,energy,654.91
2016-01-24 14:00:00,4,Mouse_health_Justin,Integrated Sciences,interdisciplinary_science,UMass Amherst,energy,657.172
2016-01-24 15:00:00,4,Mouse_health_Justin,Integrated Sciences,interdisciplinary_science,UMass Amherst,energy,642.8340000000002
2016-01-24 16:00:00,4,Mouse_health_Justin,Integrated Sciences,interdisciplinary_science,UMass Amherst,energy,663.987
2016-01-24 17:00:00,4,Mouse_health_Justin,Integrated Sciences,interdisciplinary_science,UMass Amherst,energy,632.9630000000002
2016-01-24 18:00:00,4,Mouse_health_Justin,Integrated Sciences,interdisciplinary_science,UMass Amherst,energy,607.899
2016-01-24 19:00:00,4,Mouse_health_Justin,Integrated Sciences,interdisciplinary_science,UMass Amherst,energy,587.789
2016-01-24 20:00:00,4,Mouse_health_Justin,Integrated Sciences,interdisciplinary_science,UMass Amherst,energy,583.135
2016-01-24 21:00:00,4,Mouse_health_Justin,Integrated Sciences,interdisciplinary_science,UMass Amherst,energy,557.862
2016-01-24 22:00:00,4,Mouse_health_Justin,Integrated Sciences,interdisciplinary_science,UMass Amherst,energy,552.578
2016-01-24 23:00:00,4,Mouse_health_Justin,Integrated Sciences,interdisciplinary_science,UMass Amherst,energy,557.182
2016-01-25 00:00:00,4,Mouse_health_Justin,Integrated Sciences,interdisciplinary_science,UMass Amherst,energy,535.7975
2016-01-25 01:00:00,4,Mouse_health_Justin,Integrated Sciences,interdisciplinary_science,UMass Amherst,energy,530.7
2016-01-25 02:00:00,4,Mouse_health_Justin,Integrated Sciences,interdisciplinary_science,UMass Amherst,energy,527.793
2016-01-25 03:00:00,4,Mouse_health_Justin,Integrated Sciences,interdisciplinary_science,UMass Amherst,energy,530.493
2016-01-25 04:00:00,4,Mouse_health_Justin,Integrated Sciences,interdisciplinary_science,UMass Amherst,energy,532.075
2016-01-25 05:00:00,4,Mouse_health_Justin,Integrated Sciences,interdisciplinary_science,UMass Amherst,energy,527.4680000000002
2016-01-25 06:00:00,4,Mouse_health_Justin,Integrated Sciences,interdisciplinary_science,UMass Amherst,energy,523.827
2016-01-25 07:00:00,4,Mouse_health_Justin,Integrated Sciences,interdisciplinary_science,UMass Amherst,energy,549.754
2016-01-25 08:00:00,4,Mouse_health_Justin,Integrated Sciences,interdisciplinary_science,UMass Amherst,energy,634.575
2016-01-25 09:00:00,4,Mouse_health_Justin,Integrated Sciences,interdisciplinary_science,UMass Amherst,energy,680.567
2016-01-25 10:00:00,4,Mouse_health_Justin,Integrated Sciences,interdisciplinary_science,UMass Amherst,energy,713.47
2016-01-25 11:00:00,4,Mouse_health_Justin,Integrated Sciences,interdisciplinary_science,UMass Amherst,energy,729.448
2016-01-25 12:00:00,4,Mouse_health_Justin,Integrated Sciences,interdisciplinary_science,UMass Amherst,energy,752.184
2016-01-25 13:00:00,4,Mouse_health_Justin,Integrated Sciences,interdisciplinary_science,UMass Amherst,energy,761.8760000000003
2016-01-25 14:00:00,4,Mouse_health_Justin,Integrated Sciences,interdisciplinary_science,UMass Amherst,energy,766.834
2016-01-25 15:00:00,4,Mouse_health_Justin,Integrated Sciences,interdisciplinary_science,UMass Amherst,energy,754.735
2016-01-25 16:00:00,4,Mouse_health_Justin,Integrated Sciences,interdisciplinary_science,UMass Amherst,energy,765.16
2016-01-25 17:00:00,4,Mouse_health_Justin,Integrated Sciences,interdisciplinary_science,UMass Amherst,energy,737.291
2016-01-25 18:00:00,4,Mouse_health_Justin,Integrated Sciences,interdisciplinary_science,UMass Amherst,energy,679.84
2016-01-25 19:00:00,4,Mouse_health_Justin,Integrated Sciences,interdisciplinary_science,UMass Amherst,energy,651.566
2016-01-25 20:00:00,4,Mouse_health_Justin,Integrated Sciences,interdisciplinary_science,UMass Amherst,energy,622.805
2016-01-25 21:00:00,4,Mouse_health_Justin,Integrated Sciences,interdisciplinary_science,UMass Amherst,energy,572.534
2016-01-25 22:00:00,4,Mouse_health_Justin,Integrated Sciences,interdisciplinary_science,UMass Amherst,energy,525.146
2016-01-25 23:00:00,4,Mouse_health_Justin,Integrated Sciences,interdisciplinary_science,UMass Amherst,energy,528.756
2016-01-26 00:00:00,4,Mouse_health_Justin,Integrated Sciences,interdisciplinary_science,UMass Amherst,energy,535.876
2016-01-26 01:00:00,4,Mouse_health_Justin,Integrated Sciences,interdisciplinary_science,UMass Amherst,energy,518.928
2016-01-26 02:00:00,4,Mouse_health_Justin,Integrated Sciences,interdisciplinary_science,UMass Amherst,energy,523.597
2016-01-26 03:00:00,4,Mouse_health_Justin,Integrated Sciences,interdisciplinary_science,UMass Amherst,energy,514.509
2016-01-26 04:00:00,4,Mouse_health_Justin,Integrated Sciences,interdisciplinary_science,UMass Amherst,energy,502.98
2016-01-26 05:00:00,4,Mouse_health_Justin,Integrated Sciences,interdisciplinary_science,UMass Amherst,energy,506.397
2016-01-26 06:00:00,4,Mouse_health_Justin,Integrated Sciences,interdisciplinary_science,UMass Amherst,energy,500.199
2016-01-26 07:00:00,4,Mouse_health_Justin,Integrated Sciences,interdisciplinary_science,UMass Amherst,energy,522.2769999999998
2016-01-26 08:00:00,4,Mouse_health_Justin,Integrated Sciences,interdisciplinary_science,UMass Amherst,energy,631.018
2016-01-26 09:00:00,4,Mouse_health_Justin,Integrated Sciences,interdisciplinary_science,UMass Amherst,energy,678.6189999999998
2016-01-26 10:00:00,4,Mouse_health_Justin,Integrated Sciences,interdisciplinary_science,UMass Amherst,energy,733.4680000000003
2016-01-26 11:00:00,4,Mouse_health_Justin,Integrated Sciences,interdisciplinary_science,UMass Amherst,energy,735.15
2016-01-26 12:00:00,4,Mouse_health_Justin,Integrated Sciences,interdisciplinary_science,UMass Amherst,energy,755.628
2016-01-26 13:00:00,4,Mouse_health_Justin,Integrated Sciences,interdisciplinary_science,UMass Amherst,energy,757.04
2016-01-26 14:00:00,4,Mouse_health_Justin,Integrated Sciences,interdisciplinary_science,UMass Amherst,energy,756.015
2016-01-26 15:00:00,4,Mouse_health_Justin,Integrated Sciences,interdisciplinary_science,UMass Amherst,energy,752.8710000000003
2016-01-26 16:00:00,4,Mouse_health_Justin,Integrated Sciences,interdisciplinary_science,UMass Amherst,energy,763.41
2016-01-26 17:00:00,4,Mouse_health_Justin,Integrated Sciences,interdisciplinary_science,UMass Amherst,energy,726.288
2016-01-26 18:00:00,4,Mouse_health_Justin,Integrated Sciences,interdisciplinary_science,UMass Amherst,energy,687.663
2016-01-26 19:00:00,4,Mouse_health_Justin,Integrated Sciences,interdisciplinary_science,UMass Amherst,energy,644.739
2016-01-26 20:00:00,4,Mouse_health_Justin,Integrated Sciences,interdisciplinary_science,UMass Amherst,energy,632.295
2016-01-26 21:00:00,4,Mouse_health_Justin,Integrated Sciences,interdisciplinary_science,UMass Amherst,energy,589.163
2016-01-26 22:00:00,4,Mouse_health_Justin,Integrated Sciences,interdisciplinary_science,UMass Amherst,energy,555.969
2016-01-26 23:00:00,4,Mouse_health_Justin,Integrated Sciences,interdisciplinary_science,UMass Amherst,energy,548.88
2016-01-27 00:00:00,4,Mouse_health_Justin,Integrated Sciences,interdisciplinary_science,UMass Amherst,energy,540.3575
2016-01-27 01:00:00,4,Mouse_health_Justin,Integrated Sciences,interdisciplinary_science,UMass Amherst,energy,539.476
2016-01-27 02:00:00,4,Mouse_health_Justin,Integrated Sciences,interdisciplinary_science,UMass Amherst,energy,545.143
2016-01-27 03:00:00,4,Mouse_health_Justin,Integrated Sciences,interdisciplinary_science,UMass Amherst,energy,528.2230000000002
2016-01-27 04:00:00,4,Mouse_health_Justin,Integrated Sciences,interdisciplinary_science,UMass Amherst,energy,520.284
2016-01-27 05:00:00,4,Mouse_health_Justin,Integrated Sciences,interdisciplinary_science,UMass Amherst,energy,520.753
2016-01-27 06:00:00,4,Mouse_health_Justin,Integrated Sciences,interdisciplinary_science,UMass Amherst,energy,533.125
2016-01-27 07:00:00,4,Mouse_health_Justin,Integrated Sciences,interdisciplinary_science,UMass Amherst,energy,549.024
2016-01-27 08:00:00,4,Mouse_health_Justin,Integrated Sciences,interdisciplinary_science,UMass Amherst,energy,650.307
2016-01-27 09:00:00,4,Mouse_health_Justin,Integrated Sciences,interdisciplinary_science,UMass Amherst,energy,694.459
2016-01-27 10:00:00,4,Mouse_health_Justin,Integrated Sciences,interdisciplinary_science,UMass Amherst,energy,733.1560000000003
2016-01-27 11:00:00,4,Mouse_health_Justin,Integrated Sciences,interdisciplinary_science,UMass Amherst,energy,755.7719999999997
2016-01-27 12:00:00,4,Mouse_health_Justin,Integrated Sciences,interdisciplinary_science,UMass Amherst,energy,769.633
2016-01-27 13:00:00,4,Mouse_health_Justin,Integrated Sciences,interdisciplinary_science,UMass Amherst,energy,766.798
2016-01-27 14:00:00,4,Mouse_health_Justin,Integrated Sciences,interdisciplinary_science,UMass Amherst,energy,752.757
2016-01-27 15:00:00,4,Mouse_health_Justin,Integrated Sciences,interdisciplinary_science,UMass Amherst,energy,751.71
2016-01-27 16:00:00,4,Mouse_health_Justin,Integrated Sciences,interdisciplinary_science,UMass Amherst,energy,752.915
2016-01-27 17:00:00,4,Mouse_health_Justin,Integrated Sciences,interdisciplinary_science,UMass Amherst,energy,726.421
2016-01-27 18:00:00,4,Mouse_health_Justin,Integrated Sciences,interdisciplinary_science,UMass Amherst,energy,666.316
2016-01-27 19:00:00,4,Mouse_health_Justin,Integrated Sciences,interdisciplinary_science,UMass Amherst,energy,613.433
2016-01-27 20:00:00,4,Mouse_health_Justin,Integrated Sciences,interdisciplinary_science,UMass Amherst,energy,603.991
2016-01-27 21:00:00,4,Mouse_health_Justin,Integrated Sciences,interdisciplinary_science,UMass Amherst,energy,559.7040000000002
2016-01-27 22:00:00,4,Mouse_health_Justin,Integrated Sciences,interdisciplinary_science,UMass Amherst,energy,538.684
2016-01-27 23:00:00,4,Mouse_health_Justin,Integrated Sciences,interdisciplinary_science,UMass Amherst,energy,541.9209999999998
2016-01-28 00:00:00,4,Mouse_health_Justin,Integrated Sciences,interdisciplinary_science,UMass Amherst,energy,541.8155
2016-01-28 01:00:00,4,Mouse_health_Justin,Integrated Sciences,interdisciplinary_science,UMass Amherst,energy,535.531
2016-01-28 02:00:00,4,Mouse_health_Justin,Integrated Sciences,interdisciplinary_science,UMass Amherst,energy,530.435
2016-01-28 03:00:00,4,Mouse_health_Justin,Integrated Sciences,interdisciplinary_science,UMass Amherst,energy,519.111
2016-01-28 04:00:00,4,Mouse_health_Justin,Integrated Sciences,interdisciplinary_science,UMass Amherst,energy,508.461
2016-01-28 05:00:00,4,Mouse_health_Justin,Integrated Sciences,interdisciplinary_science,UMass Amherst,energy,508.06
2016-01-28 06:00:00,4,Mouse_health_Justin,Integrated Sciences,interdisciplinary_science,UMass Amherst,energy,520.319
2016-01-28 07:00:00,4,Mouse_health_Justin,Integrated Sciences,interdisciplinary_science,UMass Amherst,energy,562.039
2016-01-28 08:00:00,4,Mouse_health_Justin,Integrated Sciences,interdisciplinary_science,UMass Amherst,energy,641.768
2016-01-28 09:00:00,4,Mouse_health_Justin,Integrated Sciences,interdisciplinary_science,UMass Amherst,energy,688.71
2016-01-28 10:00:00,4,Mouse_health_Justin,Integrated Sciences,interdisciplinary_science,UMass Amherst,energy,725.5830000000003
2016-01-28 11:00:00,4,Mouse_health_Justin,Integrated Sciences,interdisciplinary_science,UMass Amherst,energy,743.23
2016-01-28 12:00:00,4,Mouse_health_Justin,Integrated Sciences,interdisciplinary_science,UMass Amherst,energy,769.078
2016-01-28 13:00:00,4,Mouse_health_Justin,Integrated Sciences,interdisciplinary_science,UMass Amherst,energy,759.03
2016-01-28 14:00:00,4,Mouse_health_Justin,Integrated Sciences,interdisciplinary_science,UMass Amherst,energy,752.954
2016-01-28 15:00:00,4,Mouse_health_Justin,Integrated Sciences,interdisciplinary_science,UMass Amherst,energy,742.293
2016-01-28 16:00:00,4,Mouse_health_Justin,Integrated Sciences,interdisciplinary_science,UMass Amherst,energy,744.822
2016-01-28 17:00:00,4,Mouse_health_Justin,Integrated Sciences,interdisciplinary_science,UMass Amherst,energy,716.8
2016-01-28 18:00:00,4,Mouse_health_Justin,Integrated Sciences,interdisciplinary_science,UMass Amherst,energy,672.451
2016-01-28 19:00:00,4,Mouse_health_Justin,Integrated Sciences,interdisciplinary_science,UMass Amherst,energy,637.31
2016-01-28 20:00:00,4,Mouse_health_Justin,Integrated Sciences,interdisciplinary_science,UMass Amherst,energy,620.056
2016-01-28 21:00:00,4,Mouse_health_Justin,Integrated Sciences,interdisciplinary_science,UMass Amherst,energy,573.3380000000002
2016-01-28 22:00:00,4,Mouse_health_Justin,Integrated Sciences,interdisciplinary_science,UMass Amherst,energy,560.368
2016-01-28 23:00:00,4,Mouse_health_Justin,Integrated Sciences,interdisciplinary_science,UMass Amherst,energy,555.557
2016-01-29 00:00:00,4,Mouse_health_Justin,Integrated Sciences,interdisciplinary_science,UMass Amherst,energy,535.1755
2016-01-29 01:00:00,4,Mouse_health_Justin,Integrated Sciences,interdisciplinary_science,UMass Amherst,energy,541.5740000000002
2016-01-29 02:00:00,4,Mouse_health_Justin,Integrated Sciences,interdisciplinary_science,UMass Amherst,energy,535.026
2016-01-29 03:00:00,4,Mouse_health_Justin,Integrated Sciences,interdisciplinary_science,UMass Amherst,energy,524.18
2016-01-29 04:00:00,4,Mouse_health_Justin,Integrated Sciences,interdisciplinary_science,UMass Amherst,energy,520.163
2016-01-29 05:00:00,4,Mouse_health_Justin,Integrated Sciences,interdisciplinary_science,UMass Amherst,energy,530.48
2016-01-29 06:00:00,4,Mouse_health_Justin,Integrated Sciences,interdisciplinary_science,UMass Amherst,energy,526.956
2016-01-29 07:00:00,4,Mouse_health_Justin,Integrated Sciences,interdisciplinary_science,UMass Amherst,energy,533.629
2016-01-29 08:00:00,4,Mouse_health_Justin,Integrated Sciences,interdisciplinary_science,UMass Amherst,energy,620.571
2016-01-29 09:00:00,4,Mouse_health_Justin,Integrated Sciences,interdisciplinary_science,UMass Amherst,energy,669.569
2016-01-29 10:00:00,4,Mouse_health_Justin,Integrated Sciences,interdisciplinary_science,UMass Amherst,energy,706.429
2016-01-29 11:00:00,4,Mouse_health_Justin,Integrated Sciences,interdisciplinary_science,UMass Amherst,energy,731.857
2016-01-29 12:00:00,4,Mouse_health_Justin,Integrated Sciences,interdisciplinary_science,UMass Amherst,energy,749.762
2016-01-29 13:00:00,4,Mouse_health_Justin,Integrated Sciences,interdisciplinary_science,UMass Amherst,energy,747.1
2016-01-29 14:00:00,4,Mouse_health_Justin,Integrated Sciences,interdisciplinary_science,UMass Amherst,energy,737.288
2016-01-29 15:00:00,4,Mouse_health_Justin,Integrated Sciences,interdisciplinary_science,UMass Amherst,energy,729.565
2016-01-29 16:00:00,4,Mouse_health_Justin,Integrated Sciences,interdisciplinary_science,UMass Amherst,energy,741.253
2016-01-29 17:00:00,4,Mouse_health_Justin,Integrated Sciences,interdisciplinary_science,UMass Amherst,energy,701.553
2016-01-29 18:00:00,4,Mouse_health_Justin,Integrated Sciences,interdisciplinary_science,UMass Amherst,energy,654.195
2016-01-29 19:00:00,4,Mouse_health_Justin,Integrated Sciences,interdisciplinary_science,UMass Amherst,energy,607.044
2016-01-29 20:00:00,4,Mouse_health_Justin,Integrated Sciences,interdisciplinary_science,UMass Amherst,energy,599.217
2016-01-29 21:00:00,4,Mouse_health_Justin,Integrated Sciences,interdisciplinary_science,UMass Amherst,energy,554.69
2016-01-29 22:00:00,4,Mouse_health_Justin,Integrated Sciences,interdisciplinary_science,UMass Amherst,energy,529.998
2016-01-29 23:00:00,4,Mouse_health_Justin,Integrated Sciences,interdisciplinary_science,UMass Amherst,energy,532.385
2016-01-30 00:00:00,4,Mouse_health_Justin,Integrated Sciences,interdisciplinary_science,UMass Amherst,energy,549.0935
2016-01-30 01:00:00,4,Mouse_health_Justin,Integrated Sciences,interdisciplinary_science,UMass Amherst,energy,533.586
2016-01-30 02:00:00,4,Mouse_health_Justin,Integrated Sciences,interdisciplinary_science,UMass Amherst,energy,538.391
2016-01-30 03:00:00,4,Mouse_health_Justin,Integrated Sciences,interdisciplinary_science,UMass Amherst,energy,519.2130000000002
2016-01-30 04:00:00,4,Mouse_health_Justin,Integrated Sciences,interdisciplinary_science,UMass Amherst,energy,521.795
2016-01-30 05:00:00,4,Mouse_health_Justin,Integrated Sciences,interdisciplinary_science,UMass Amherst,energy,525.8290000000002
2016-01-30 06:00:00,4,Mouse_health_Justin,Integrated Sciences,interdisciplinary_science,UMass Amherst,energy,521.561
2016-01-30 07:00:00,4,Mouse_health_Justin,Integrated Sciences,interdisciplinary_science,UMass Amherst,energy,518.605
2016-01-30 08:00:00,4,Mouse_health_Justin,Integrated Sciences,interdisciplinary_science,UMass Amherst,energy,585.616
2016-01-30 09:00:00,4,Mouse_health_Justin,Integrated Sciences,interdisciplinary_science,UMass Amherst,energy,610.873
2016-01-30 10:00:00,4,Mouse_health_Justin,Integrated Sciences,interdisciplinary_science,UMass Amherst,energy,623.5740000000002
2016-01-30 11:00:00,4,Mouse_health_Justin,Integrated Sciences,interdisciplinary_science,UMass Amherst,energy,635.222
2016-01-30 12:00:00,4,Mouse_health_Justin,Integrated Sciences,interdisciplinary_science,UMass Amherst,energy,654.316
2016-01-30 13:00:00,4,Mouse_health_Justin,Integrated Sciences,interdisciplinary_science,UMass Amherst,energy,642.008
2016-01-30 14:00:00,4,Mouse_health_Justin,Integrated Sciences,interdisciplinary_science,UMass Amherst,energy,663.3910000000002
2016-01-30 15:00:00,4,Mouse_health_Justin,Integrated Sciences,interdisciplinary_science,UMass Amherst,energy,666.193
2016-01-30 16:00:00,4,Mouse_health_Justin,Integrated Sciences,interdisciplinary_science,UMass Amherst,energy,679.225
2016-01-30 17:00:00,4,Mouse_health_Justin,Integrated Sciences,interdisciplinary_science,UMass Amherst,energy,646.809
2016-01-30 18:00:00,4,Mouse_health_Justin,Integrated Sciences,interdisciplinary_science,UMass Amherst,energy,621.7
2016-01-30 19:00:00,4,Mouse_health_Justin,Integrated Sciences,interdisciplinary_science,UMass Amherst,energy,597.841
2016-01-30 20:00:00,4,Mouse_health_Justin,Integrated Sciences,interdisciplinary_science,UMass Amherst,energy,600.224
2016-01-30 21:00:00,4,Mouse_health_Justin,Integrated Sciences,interdisciplinary_science,UMass Amherst,energy,569.729
2016-01-30 22:00:00,4,Mouse_health_Justin,Integrated Sciences,interdisciplinary_science,UMass Amherst,energy,556.215
2016-01-30 23:00:00,4,Mouse_health_Justin,Integrated Sciences,interdisciplinary_science,UMass Amherst,energy,566.315
2016-01-01 00:00:00,5,Mouse_lodging_Vicente,Recreation Center,recreation,UMass Amherst,energy,10.0
2016-01-01 01:00:00,5,Mouse_lodging_Vicente,Recreation Center,recreation,UMass Amherst,energy,30.0
2016-01-01 02:00:00,5,Mouse_lodging_Vicente,Recreation Center,recreation,UMass Amherst,energy,30.0
2016-01-01 03:00:00,5,Mouse_lodging_Vicente,Recreation Center,recreation,UMass Amherst,energy,20.0
2016-01-01 04:00:00,5,Mouse_lodging_Vicente,Recreation Center,recreation,UMass Amherst,energy,30.0
2016-01-01 05:00:00,5,Mouse_lodging_Vicente,Recreation Center,recreation,UMass Amherst,energy,30.0
2016-01-01 06:00:00,5,Mouse_lodging_Vicente,Recreation Center,recreation,UMass Amherst,energy,20.0
2016-01-01 07:00:00,5,Mouse_lodging_Vicente,Recreation Center,recreation,UMass Amherst,energy,40.0
2016-01-01 08:00:00,5,Mouse_lodging_Vicente,Recreation Center,recreation,UMass Amherst,energy,30.0
2016-01-01 09:00:00,5,Mouse_lodging_Vicente,Recreation Center,recreation,UMass Amherst,energy,40.0
2016-01-01 10:00:00,5,Mouse_lodging_Vicente,Recreation Center,recreation,UMass Amherst,energy,40.0
2016-01-01 11:00:00,5,Mouse_lodging_Vicente,Recreation Center,recreation,UMass Amherst,energy,30.0
2016-01-01 12:00:00,5,Mouse_lodging_Vicente,Recreation Center,recreation,UMass Amherst,energy,40.0
2016-01-01 13:00:00,5,Mouse_lodging_Vicente,Recreation Center,recreation,UMass Amherst,energy,40.0
2016-01-01 14:00:00,5,Mouse_lodging_Vicente,Recreation Center,recreation,UMass Amherst,energy,30.0
2016-01-01 15:00:00,5,Mouse_lodging_Vicente,Recreation Center,recreation,UMass Amherst,energy,40.0
2016-01-01 16:00:00,5,Mouse_lodging_Vicente,Recreation Center,recreation,UMass Amherst,energy,40.0
2016-01-01 17:00:00,5,Mouse_lodging_Vicente,Recreation Center,recreation,UMass Amherst,energy,30.0
2016-01-01 18:00:00,5,Mouse_lodging_Vicente,Recreation Center,recreation,UMass Amherst,energy,40.0
2016-01-01 19:00:00,5,Mouse_lodging_Vicente,Recreation Center,recreation,UMass Amherst,energy,40.0
2016-01-01 20:00:00,5,Mouse_lodging_Vicente,Recreation Center,recreation,UMass Amherst,energy,30.0
2016-01-01 21:00:00,5,Mouse_lodging_Vicente,Recreation Center,recreation,UMass Amherst,energy,40.0
2016-01-01 22:00:00,5,Mouse_lodging_Vicente,Recreation Center,recreation,UMass Amherst,energy,40.0
2016-01-01 23:00:00,5,Mouse_lodging_Vicente,Recreation Center,recreation,UMass Amherst,energy,30.0
2016-01-02 00:00:00,5,Mouse_lodging_Vicente,Recreation Center,recreation,UMass Amherst,energy,40.0
2016-01-02 01:00:00,5,Mouse_lodging_Vicente,Recreation Center,recreation,UMass Amherst,energy,20.0
2016-01-02 02:00:00,5,Mouse_lodging_Vicente,Recreation Center,recreation,UMass Amherst,energy,30.0
2016-01-02 03:00:00,5,Mouse_lodging_Vicente,Recreation Center,recreation,UMass Amherst,energy,30.0
2016-01-02 04:00:00,5,Mouse_lodging_Vicente,Recreation Center,recreation,UMass Amherst,energy,20.0
2016-01-02 05:00:00,5,Mouse_lodging_Vicente,Recreation Center,recreation,UMass Amherst,energy,30.0
2016-01-02 06:00:00,5,Mouse_lodging_Vicente,Recreation Center,recreation,UMass Amherst,energy,30.0
2016-01-02 07:00:00,5,Mouse_lodging_Vicente,Recreation Center,recreation,UMass Amherst,energy,30.0
2016-01-02 08:00:00,5,Mouse_lodging_Vicente,Recreation Center,recreation,UMass Amherst,energy,30.0
2016-01-02 09:00:00,5,Mouse_lodging_Vicente,Recreation Center,recreation,UMass Amherst,energy,40.0
2016-01-02 10:00:00,5,Mouse_lodging_Vicente,Recreation Center,recreation,UMass Amherst,energy,40.0
2016-01-02 11:00:00,5,Mouse_lodging_Vicente,Recreation Center,recreation,UMass Amherst,energy,30.0
2016-01-02 12:00:00,5,Mouse_lodging_Vicente,Recreation Center,recreation,UMass Amherst,energy,40.0
2016-01-02 13:00:00,5,Mouse_lodging_Vicente,Recreation Center,recreation,UMass Amherst,energy,40.0
2016-01-02 14:00:00,5,Mouse_lodging_Vicente,Recreation Center,recreation,UMass Amherst,energy,40.0
2016-01-02 15:00:00,5,Mouse_lodging_Vicente,Recreation Center,recreation,UMass Amherst,energy,30.0
2016-01-02 16:00:00,5,Mouse_lodging_Vicente,Recreation Center,recreation,UMass Amherst,energy,40.0
2016-01-02 17:00:00,5,Mouse_lodging_Vicente,Recreation Center,recreation,UMass Amherst,energy,40.0
2016-01-02 18:00:00,5,Mouse_lodging_Vicente,Recreation Center,recreation,UMass Amherst,energy,30.0
2016-01-02 19:00:00,5,Mouse_lodging_Vicente,Recreation Center,recreation,UMass Amherst,energy,40.0
2016-01-02 20:00:00,5,Mouse_lodging_Vicente,Recreation Center,recreation,UMass Amherst,energy,40.0
2016-01-02 21:00:00,5,Mouse_lodging_Vicente,Recreation Center,recreation,UMass Amherst,energy,30.0
2016-01-02 22:00:00,5,Mouse_lodging_Vicente,Recreation Center,recreation,UMass Amherst,energy,40.0
2016-01-02 23:00:00,5,Mouse_lodging_Vicente,Recreation Center,recreation,UMass Amherst,energy,30.0
2016-01-03 00:00:00,5,Mouse_lodging_Vicente,Recreation Center,recreation,UMass Amherst,energy,20.0
2016-01-03 01:00:00,5,Mouse_lodging_Vicente,Recreation Center,recreation,UMass Amherst,energy,30.0
2016-01-03 02:00:00,5,Mouse_lodging_Vicente,Recreation Center,recreation,UMass Amherst,energy,20.0
2016-01-03 03:00:00,5,Mouse_lodging_Vicente,Recreation Center,recreation,UMass Amherst,energy,30.0
2016-01-03 04:00:00,5,Mouse_lodging_Vicente,Recreation Center,recreation,UMass Amherst,energy,30.0
2016-01-03 05:00:00,5,Mouse_lodging_Vicente,Recreation Center,recreation,UMass Amherst,energy,20.0
2016-01-03 06:00:00,5,Mouse_lodging_Vicente,Recreation Center,recreation,UMass Amherst,energy,30.0
2016-01-03 07:00:00,5,Mouse_lodging_Vicente,Recreation Center,recreation,UMass Amherst,energy,30.0
2016-01-03 08:00:00,5,Mouse_lodging_Vicente,Recreation Center,recreation,UMass Amherst,energy,40.0
2016-01-03 09:00:00,5,Mouse_lodging_Vicente,Recreation Center,recreation,UMass Amherst,energy,30.0
2016-01-03 10:00:00,5,Mouse_lodging_Vicente,Recreation Center,recreation,UMass Amherst,energy,40.0
2016-01-03 11:00:00,5,Mouse_lodging_Vicente,Recreation Center,recreation,UMass Amherst,energy,40.0
2016-01-03 12:00:00,5,Mouse_lodging_Vicente,Recreation Center,recreation,UMass Amherst,energy,30.0
2016-01-03 13:00:00,5,Mouse_lodging_Vicente,Recreation Center,recreation,UMass Amherst,energy,40.0
2016-01-03 14:00:00,5,Mouse_lodging_Vicente,Recreation Center,recreation,UMass Amherst,energy,30.0
2016-01-03 15:00:00,5,Mouse_lodging_Vicente,Recreation Center,recreation,UMass Amherst,energy,40.0
2016-01-03 16:00:00,5,Mouse_lodging_Vicente,Recreation Center,recreation,UMass Amherst,energy,40.0
2016-01-03 17:00:00,5,Mouse_lodging_Vicente,Recreation Center,recreation,UMass Amherst,energy,40.0
2016-01-03 18:00:00,5,Mouse_lodging_Vicente,Recreation Center,recreation,UMass Amherst,energy,40.0
2016-01-03 19:00:00,5,Mouse_lodging_Vicente,Recreation Center,recreation,UMass Amherst,energy,40.0
2016-01-03 20:00:00,5,Mouse_lodging_Vicente,Recreation Center,recreation,UMass Amherst,energy,40.0
2016-01-03 21:00:00,5,Mouse_lodging_Vicente,Recreation Center,recreation,UMass Amherst,energy,40.0
2016-01-03 22:00:00,5,Mouse_lodging_Vicente,Recreation Center,recreation,UMass Amherst,energy,40.0
2016-01-03 23:00:00,5,Mouse_lodging_Vicente,Recreation Center,recreation,UMass Amherst,energy,40.0
2016-01-04 00:00:00,5,Mouse_lodging_Vicente,Recreation Center,recreation,UMass Amherst,energy,40.0
2016-01-04 01:00:00,5,Mouse_lodging_Vicente,Recreation Center,recreation,UMass Amherst,energy,30.0
2016-01-04 02:00:00,5,Mouse_lodging_Vicente,Recreation Center,recreation,UMass Amherst,energy,20.0
2016-01-04 03:00:00,5,Mouse_lodging_Vicente,Recreation Center,recreation,UMass Amherst,energy,30.0
2016-01-04 04:00:00,5,Mouse_lodging_Vicente,Recreation Center,recreation,UMass Amherst,energy,30.0
2016-01-04 05:00:00,5,Mouse_lodging_Vicente,Recreation Center,recreation,UMass Amherst,energy,30.0
2016-01-04 06:00:00,5,Mouse_lodging_Vicente,Recreation Center,recreation,UMass Amherst,energy,30.0
2016-01-04 07:00:00,5,Mouse_lodging_Vicente,Recreation Center,recreation,UMass Amherst,energy,30.0
2016-01-04 08:00:00,5,Mouse_lodging_Vicente,Recreation Center,recreation,UMass Amherst,energy,40.0
2016-01-04 09:00:00,5,Mouse_lodging_Vicente,Recreation Center,recreation,UMass Amherst,energy,40.0
2016-01-04 10:00:00,5,Mouse_lodging_Vicente,Recreation Center,recreation,UMass Amherst,energy,40.0
2016-01-04 11:00:00,5,Mouse_lodging_Vicente,Recreation Center,recreation,UMass Amherst,energy,40.0
2016-01-04 12:00:00,5,Mouse_lodging_Vicente,Recreation Center,recreation,UMass Amherst,energy,50.0
2016-01-04 13:00:00,5,Mouse_lodging_Vicente,Recreation Center,recreation,UMass Amherst,energy,50.0
2016-01-04 14:00:00,5,Mouse_lodging_Vicente,Recreation Center,recreation,UMass Amherst,energy,40.0
2016-01-04 15:00:00,5,Mouse_lodging_Vicente,Recreation Center,recreation,UMass Amherst,energy,40.0
2016-01-04 16:00:00,5,Mouse_lodging_Vicente,Recreation Center,recreation,UMass Amherst,energy,50.0
2016-01-04 17:00:00,5,Mouse_lodging_Vicente,Recreation Center,recreation,UMass Amherst,energy,40.0
2016-01-04 18:00:00,5,Mouse_lodging_Vicente,Recreation Center,recreation,UMass Amherst,energy,50.0
2016-01-04 19:00:00,5,Mouse_lodging_Vicente,Recreation Center,recreation,UMass Amherst,energy,40.0
2016-01-04 20:00:00,5,Mouse_lodging_Vicente,Recreation Center,recreation,UMass Amherst,energy,50.0
2016-01-04 21:00:00,5,Mouse_lodging_Vicente,Recreation Center,recreation,UMass Amherst,energy,40.0
2016-01-04 22:00:00,5,Mouse_lodging_Vicente,Recreation Center,recreation,UMass Amherst,energy,40.0
2016-01-04 23:00:00,5,Mouse_lodging_Vicente,Recreation Center,recreation,UMass Amherst,energy,40.0
2016-01-05 00:00:00,5,Mouse_lodging_Vicente,Recreation Center,recreation,UMass Amherst,energy,30.0
2016-01-05 01:00:00,5,Mouse_lodging_Vicente,Recreation Center,recreation,UMass Amherst,energy,20.0
2016-01-05 02:00:00,5,Mouse_lodging_Vicente,Recreation Center,recreation,UMass Amherst,energy,30.0
2016-01-05 03:00:00,5,Mouse_lodging_Vicente,Recreation Center,recreation,UMass Amherst,energy,30.0
2016-01-05 04:00:00,5,Mouse_lodging_Vicente,Recreation Center,recreation,UMass Amherst,energy,30.0
2016-01-05 05:00:00,5,Mouse_lodging_Vicente,Recreation Center,recreation,UMass Amherst,energy,30.0
2016-01-05 06:00:00,5,Mouse_lodging_Vicente,Recreation Center,recreation,UMass Amherst,energy,30.0
2016-01-05 07:00:00,5,Mouse_lodging_Vicente,Recreation Center,recreation,UMass Amherst,energy,30.0
2016-01-05 08:00:00,5,Mouse_lodging_Vicente,Recreation Center,recreation,UMass Amherst,energy,40.0
2016-01-05 09:00:00,5,Mouse_lodging_Vicente,Recreation Center,recreation,UMass Amherst,energy,50.0
2016-01-05 10:00:00,5,Mouse_lodging_Vicente,Recreation Center,recreation,UMass Amherst,energy,50.0
2016-01-05 11:00:00,5,Mouse_lodging_Vicente,Recreation Center,recreation,UMass Amherst,energy,50.0
2016-01-05 12:00:00,5,Mouse_lodging_Vicente,Recreation Center,recreation,UMass Amherst,energy,60.0
2016-01-05 13:00:00,5,Mouse_lodging_Vicente,Recreation Center,recreation,UMass Amherst,energy,50.0
2016-01-05 14:00:00,5,Mouse_lodging_Vicente,Recreation Center,recreation,UMass Amherst,energy,60.0
2016-01-05 15:00:00,5,Mouse_lodging_Vicente,Recreation Center,recreation,UMass Amherst,energy,50.0
2016-01-05 16:00:00,5,Mouse_lodging_Vicente,Recreation Center,recreation,UMass Amherst,energy,60.0
2016-01-05 17:00:00,5,Mouse_lodging_Vicente,Recreation Center,recreation,UMass Amherst,energy,50.0
2016-01-05 18:00:00,5,Mouse_lodging_Vicente,Recreation Center,recreation,UMass Amherst,energy,60.0
2016-01-05 19:00:00,5,Mouse_lodging_Vicente,Recreation Center,recreation,UMass Amherst,energy,50.0
2016-01-05 20:00:00,5,Mouse_lodging_Vicente,Recreation Center,recreation,UMass Amherst,energy,50.0
2016-01-05 21:00:00,5,Mouse_lodging_Vicente,Recreation Center,recreation,UMass Amherst,energy,40.0
2016-01-05 22:00:00,5,Mouse_lodging_Vicente,Recreation Center,recreation,UMass Amherst,energy,40.0
2016-01-05 23:00:00,5,Mouse_lodging_Vicente,Recreation Center,recreation,UMass Amherst,energy,40.0
2016-01-06 00:00:00,5,Mouse_lodging_Vicente,Recreation Center,recreation,UMass Amherst,energy,40.4619
2016-01-06 01:00:00,5,Mouse_lodging_Vicente,Recreation Center,recreation,UMass Amherst,energy,40.9238
2016-01-06 02:00:00,5,Mouse_lodging_Vicente,Recreation Center,recreation,UMass Amherst,energy,40.9238
2016-01-06 03:00:00,5,Mouse_lodging_Vicente,Recreation Center,recreation,UMass Amherst,energy,40.9238
2016-01-06 04:00:00,5,Mouse_lodging_Vicente,Recreation Center,recreation,UMass Amherst,energy,40.9238
2016-01-06 05:00:00,5,Mouse_lodging_Vicente,Recreation Center,recreation,UMass Amherst,energy,40.9238
2016-01-06 06:00:00,5,Mouse_lodging_Vicente,Recreation Center,recreation,UMass Amherst,energy,40.9238
2016-01-06 07:00:00,5,Mouse_lodging_Vicente,Recreation Center,recreation,UMass Amherst,energy,40.9238
2016-01-06 08:00:00,5,Mouse_lodging_Vicente,Recreation Center,recreation,UMass Amherst,energy,40.9238
2016-01-06 09:00:00,5,Mouse_lodging_Vicente,Recreation Center,recreation,UMass Amherst,energy,40.9238
2016-01-06 10:00:00,5,Mouse_lodging_Vicente,Recreation Center,recreation,UMass Amherst,energy,40.9238
2016-01-06 11:00:00,5,Mouse_lodging_Vicente,Recreation Center,recreation,UMass Amherst,energy,40.9238
2016-01-06 12:00:00,5,Mouse_lodging_Vicente,Recreation Center,recreation,UMass Amherst,energy,40.9238
2016-01-06 13:00:00,5,Mouse_lodging_Vicente,Recreation Center,recreation,UMass Amherst,energy,40.9238
2016-01-06 14:00:00,5,Mouse_lodging_Vicente,Recreation Center,recreation,UMass Amherst,energy,40.9238
2016-01-06 15:00:00,5,Mouse_lodging_Vicente,Recreation Center,recreation,UMass Amherst,energy,40.9238
2016-01-06 16:00:00,5,Mouse_lodging_Vicente,Recreation Center,recreation,UMass Amherst,energy,40.9238
2016-01-06 17:00:00,5,Mouse_lodging_Vicente,Recreation Center,recreation,UMass Amherst,energy,40.9238
2016-01-06 18:00:00,5,Mouse_lodging_Vicente,Recreation Center,recreation,UMass Amherst,energy,40.9238
2016-01-06 19:00:00,5,Mouse_lodging_Vicente,Recreation Center,recreation,UMass Amherst,energy,40.9238
2016-01-06 20:00:00,5,Mouse_lodging_Vicente,Recreation Center,recreation,UMass Amherst,energy,40.9238
2016-01-06 21:00:00,5,Mouse_lodging_Vicente,Recreation Center,recreation,UMass Amherst,energy,40.9238
2016-01-06 22:00:00,5,Mouse_lodging_Vicente,Recreation Center,recreation,UMass Amherst,energy,40.9238
2016-01-06 23:00:00,5,Mouse_lodging_Vicente,Recreation Center,recreation,UMass Amherst,energy,40.9238
2016-01-07 00:00:00,5,Mouse_lodging_Vicente,Recreation Center,recreation,UMass Amherst,energy,40.9238
2016-01-07 01:00:00,5,Mouse_lodging_Vicente,Recreation Center,recreation,UMass Amherst,energy,40.9238
2016-01-07 02:00:00,5,Mouse_lodging_Vicente,Recreation Center,recreation,UMass Amherst,energy,40.9238
2016-01-07 03:00:00,5,Mouse_lodging_Vicente,Recreation Center,recreation,UMass Amherst,energy,40.9238
2016-01-07 04:00:00,5,Mouse_lodging_Vicente,Recreation Center,recreation,UMass Amherst,energy,40.9238
2016-01-07 05:00:00,5,Mouse_lodging_Vicente,Recreation Center,recreation,UMass Amherst,energy,40.9238
2016-01-07 06:00:00,5,Mouse_lodging_Vicente,Recreation Center,recreation,UMass Amherst,energy,40.9238
2016-01-07 07:00:00,5,Mouse_lodging_Vicente,Recreation Center,recreation,UMass Amherst,energy,40.9238
2016-01-07 08:00:00,5,Mouse_lodging_Vicente,Recreation Center,recreation,UMass Amherst,energy,40.9238
2016-01-07 09:00:00,5,Mouse_lodging_Vicente,Recreation Center,recreation,UMass Amherst,energy,40.9238
2016-01-07 10:00:00,5,Mouse_lodging_Vicente,Recreation Center,recreation,UMass Amherst,energy,40.9238
2016-01-07 11:00:00,5,Mouse_lodging_Vicente,Recreation Center,recreation,UMass Amherst,energy,40.9238
2016-01-07 12:00:00,5,Mouse_lodging_Vicente,Recreation Center,recreation,UMass Amherst,energy,40.9238
2016-01-07 13:00:00,5,Mouse_lodging_Vicente,Recreation Center,recreation,UMass Amherst,energy,40.9238
2016-01-07 14:00:00,5,Mouse_lodging_Vicente,Recreation Center,recreation,UMass Amherst,energy,40.9238
2016-01-07 15:00:00,5,Mouse_lodging_Vicente,Recreation Center,recreation,UMass Amherst,energy,40.9238
2016-01-07 16:00:00,5,Mouse_lodging_Vicente,Recreation Center,recreation,UMass Amherst,energy,40.9238
2016-01-07 17:00:00,5,Mouse_lodging_Vicente,Recreation Center,recreation,UMass Amherst,energy,40.9238
2016-01-07 18:00:00,5,Mouse_lodging_Vicente,Recreation Center,recreation,UMass Amherst,energy,40.9238
2016-01-07 19:00:00,5,Mouse_lodging_Vicente,Recreation Center,recreation,UMass Amherst,energy,40.9238
2016-01-07 20:00:00,5,Mouse_lodging_Vicente,Recreation Center,recreation,UMass Amherst,energy,40.9238
2016-01-07 21:00:00,5,Mouse_lodging_Vicente,Recreation Center,recreation,UMass Amherst,energy,40.9238
2016-01-07 22:00:00,5,Mouse_lodging_Vicente,Recreation Center,recreation,UMass Amherst,energy,40.9238
2016-01-07 23:00:00,5,Mouse_lodging_Vicente,Recreation Center,recreation,UMass Amherst,energy,40.9238
2016-01-08 00:00:00,5,Mouse_lodging_Vicente,Recreation Center,recreation,UMass Amherst,energy,40.9238
2016-01-08 01:00:00,5,Mouse_lodging_Vicente,Recreation Center,recreation,UMass Amherst,energy,40.9238
2016-01-08 02:00:00,5,Mouse_lodging_Vicente,Recreation Center,recreation,UMass Amherst,energy,40.9238
2016-01-08 03:00:00,5,Mouse_lodging_Vicente,Recreation Center,recreation,UMass Amherst,energy,40.9238
2016-01-08 04:00:00,5,Mouse_lodging_Vicente,Recreation Center,recreation,UMass Amherst,energy,40.9238
2016-01-08 05:00:00,5,Mouse_lodging_Vicente,Recreation Center,recreation,UMass Amherst,energy,40.9238
2016-01-08 06:00:00,5,Mouse_lodging_Vicente,Recreation Center,recreation,UMass Amherst,energy,40.9238
2016-01-08 07:00:00,5,Mouse_lodging_Vicente,Recreation Center,recreation,UMass Amherst,energy,40.9238
2016-01-08 08:00:00,5,Mouse_lodging_Vicente,Recreation Center,recreation,UMass Amherst,energy,40.9238
2016-01-08 09:00:00,5,Mouse_lodging_Vicente,Recreation Center,recreation,UMass Amherst,energy,40.9238
2016-01-08 10:00:00,5,Mouse_lodging_Vicente,Recreation Center,recreation,UMass Amherst,energy,40.9238
2016-01-08 11:00:00,5,Mouse_lodging_Vicente,Recreation Center,recreation,UMass Amherst,energy,40.9238
2016-01-08 12:00:00,5,Mouse_lodging_Vicente,Recreation Center,recreation,UMass Amherst,energy,40.9238
2016-01-08 13:00:00,5,Mouse_lodging_Vicente,Recreation Center,recreation,UMass Amherst,energy,40.9238
2016-01-08 14:00:00,5,Mouse_lodging_Vicente,Recreation Center,recreation,UMass Amherst,energy,40.9238
2016-01-08 15:00:00,5,Mouse_lodging_Vicente,Recreation Center,recreation,UMass Amherst,energy,40.9238
2016-01-08 16:00:00,5,Mouse_lodging_Vicente,Recreation Center,recreation,UMass Amherst,energy,40.9238
2016-01-08 17:00:00,5,Mouse_lodging_Vicente,Recreation Center,recreation,UMass Amherst,energy,40.9238
2016-01-08 18:00:00,5,Mouse_lodging_Vicente,Recreation Center,recreation,UMass Amherst,energy,40.9238
2016-01-08 19:00:00,5,Mouse_lodging_Vicente,Recreation Center,recreation,UMass Amherst,energy,40.9238
2016-01-08 20:00:00,5,Mouse_lodging_Vicente,Recreation Center,recreation,UMass Amherst,energy,40.9238
2016-01-08 21:00:00,5,Mouse_lodging_Vicente,Recreation Center,recreation,UMass Amherst,energy,40.9238
2016-01-08 22:00:00,5,Mouse_lodging_Vicente,Recreation Center,recreation,UMass Amherst,energy,40.9238
2016-01-08 23:00:00,5,Mouse_lodging_Vicente,Recreation Center,recreation,UMass Amherst,energy,40.9238
2016-01-09 00:00:00,5,Mouse_lodging_Vicente,Recreation Center,recreation,UMass Amherst,energy,40.9238
2016-01-09 01:00:00,5,Mouse_lodging_Vicente,Recreation Center,recreation,UMass Amherst,energy,40.9238
2016-01-09 02:00:00,5,Mouse_lodging_Vicente,Recreation Center,recreation,UMass Amherst,energy,40.9238
2016-01-09 03:00:00,5,Mouse_lodging_Vicente,Recreation Center,recreation,UMass Amherst,energy,40.9238
2016-01-09 04:00:00,5,Mouse_lodging_Vicente,Recreation Center,recreation,UMass Amherst,energy,40.9238
2016-01-09 05:00:00,5,Mouse_lodging_Vicente,Recreation Center,recreation,UMass Amherst,energy,40.9238
2016-01-09 06:00:00,5,Mouse_lodging_Vicente,Recreation Center,recreation,UMass Amherst,energy,40.9238
2016-01-09 07:00:00,5,Mouse_lodging_Vicente,Recreation Center,recreation,UMass Amherst,energy,40.9238
2016-01-09 08:00:00,5,Mouse_lodging_Vicente,Recreation Center,recreation,UMass Amherst,energy,40.9238
2016-01-09 09:00:00,5,Mouse_lodging_Vicente,Recreation Center,recreation,UMass Amherst,energy,40.9238
2016-01-09 10:00:00,5,Mouse_lodging_Vicente,Recreation Center,recreation,UMass Amherst,energy,40.9238
2016-01-09 11:00:00,5,Mouse_lodging_Vicente,Recreation Center,recreation,UMass Amherst,energy,40.9238
2016-01-09 12:00:00,5,Mouse_lodging_Vicente,Recreation Center,recreation,UMass Amherst,energy,40.9238
2016-01-09 13:00:00,5,Mouse_lodging_Vicente,Recreation Center,recreation,UMass Amherst,energy,40.9238
2016-01-09 14:00:00,5,Mouse_lodging_Vicente,Recreation Center,recreation,UMass Amherst,energy,40.9238
2016-01-09 15:00:00,5,Mouse_lodging_Vicente,Recreation Center,recreation,UMass Amherst,energy,40.9238
2016-01-09 16:00:00,5,Mouse_lodging_Vicente,Recreation Center,recreation,UMass Amherst,energy,40.9238
2016-01-09 17:00:00,5,Mouse_lodging_Vicente,Recreation Center,recreation,UMass Amherst,energy,40.9238
2016-01-09 18:00:00,5,Mouse_lodging_Vicente,Recreation Center,recreation,UMass Amherst,energy,40.9238
2016-01-09 19:00:00,5,Mouse_lodging_Vicente,Recreation Center,recreation,UMass Amherst,energy,40.9238
2016-01-09 20:00:00,5,Mouse_lodging_Vicente,Recreation Center,recreation,UMass Amherst,energy,40.9238
2016-01-09 21:00:00,5,Mouse_lodging_Vicente,Recreation Center,recreation,UMass Amherst,energy,40.9238
2016-01-09 22:00:00,5,Mouse_lodging_Vicente,Recreation Center,recreation,UMass Amherst,energy,40.9238
2016-01-09 23:00:00,5,Mouse_lodging_Vicente,Recreation Center,recreation,UMass Amherst,energy,40.9238
2016-01-10 00:00:00,5,Mouse_lodging_Vicente,Recreation Center,recreation,UMass Amherst,energy,40.9238
2016-01-10 01:00:00,5,Mouse_lodging_Vicente,Recreation Center,recreation,UMass Amherst,energy,40.9238
2016-01-10 02:00:00,5,Mouse_lodging_Vicente,Recreation Center,recreation,UMass Amherst,energy,40.9238
2016-01-10 03:00:00,5,Mouse_lodging_Vicente,Recreation Center,recreation,UMass Amherst,energy,40.9238
2016-01-10 04:00:00,5,Mouse_lodging_Vicente,Recreation Center,recreation,UMass Amherst,energy,40.9238
2016-01-10 05:00:00,5,Mouse_lodging_Vicente,Recreation Center,recreation,UMass Amherst,energy,40.9238
2016-01-10 06:00:00,5,Mouse_lodging_Vicente,Recreation Center,recreation,UMass Amherst,energy,40.9238
2016-01-10 07:00:00,5,Mouse_lodging_Vicente,Recreation Center,recreation,UMass Amherst,energy,40.9238
2016-01-10 08:00:00,5,Mouse_lodging_Vicente,Recreation Center,recreation,UMass Amherst,energy,40.9238
2016-01-10 09:00:00,5,Mouse_lodging_Vicente,Recreation Center,recreation,UMass Amherst,energy,40.9238
2016-01-10 10:00:00,5,Mouse_lodging_Vicente,Recreation Center,recreation,UMass Amherst,energy,40.9238
2016-01-10 11:00:00,5,Mouse_lodging_Vicente,Recreation Center,recreation,UMass Amherst,energy,40.9238
2016-01-10 12:00:00,5,Mouse_lodging_Vicente,Recreation Center,recreation,UMass Amherst,energy,40.9238
2016-01-10 13:00:00,5,Mouse_lodging_Vicente,Recreation Center,recreation,UMass Amherst,energy,40.9238
2016-01-10 14:00:00,5,Mouse_lodging_Vicente,Recreation Center,recreation,UMass Amherst,energy,40.9238
2016-01-10 15:00:00,5,Mouse_lodging_Vicente,Recreation Center,recreation,UMass Amherst,energy,40.9238
2016-01-10 16:00:00,5,Mouse_lodging_Vicente,Recreation Center,recreation,UMass Amherst,energy,40.9238
2016-01-10 17:00:00,5,Mouse_lodging_Vicente,Recreation Center,recreation,UMass Amherst,energy,40.9238
2016-01-10 18:00:00,5,Mouse_lodging_Vicente,Recreation Center,recreation,UMass Amherst,energy,40.9238
2016-01-10 19:00:00,5,Mouse_lodging_Vicente,Recreation Center,recreation,UMass Amherst,energy,40.9238
2016-01-10 20:00:00,5,Mouse_lodging_Vicente,Recreation Center,recreation,UMass Amherst,energy,40.9238
2016-01-10 21:00:00,5,Mouse_lodging_Vicente,Recreation Center,recreation,UMass Amherst,energy,40.9238
2016-01-10 22:00:00,5,Mouse_lodging_Vicente,Recreation Center,recreation,UMass Amherst,energy,40.9238
2016-01-10 23:00:00,5,Mouse_lodging_Vicente,Recreation Center,recreation,UMass Amherst,energy,40.9238
2016-01-11 00:00:00,5,Mouse_lodging_Vicente,Recreation Center,recreation,UMass Amherst,energy,40.9238
2016-01-11 01:00:00,5,Mouse_lodging_Vicente,Recreation Center,recreation,UMass Amherst,energy,40.9238
2016-01-11 02:00:00,5,Mouse_lodging_Vicente,Recreation Center,recreation,UMass Amherst,energy,40.9238
2016-01-11 03:00:00,5,Mouse_lodging_Vicente,Recreation Center,recreation,UMass Amherst,energy,40.9238
2016-01-11 04:00:00,5,Mouse_lodging_Vicente,Recreation Center,recreation,UMass Amherst,energy,40.9238
2016-01-11 05:00:00,5,Mouse_lodging_Vicente,Recreation Center,recreation,UMass Amherst,energy,40.9238
2016-01-11 06:00:00,5,Mouse_lodging_Vicente,Recreation Center,recreation,UMass Amherst,energy,40.9238
2016-01-11 07:00:00,5,Mouse_lodging_Vicente,Recreation Center,recreation,UMass Amherst,energy,40.9238
2016-01-11 08:00:00,5,Mouse_lodging_Vicente,Recreation Center,recreation,UMass Amherst,energy,40.9238
2016-01-11 09:00:00,5,Mouse_lodging_Vicente,Recreation Center,recreation,UMass Amherst,energy,40.9238
2016-01-11 10:00:00,5,Mouse_lodging_Vicente,Recreation Center,recreation,UMass Amherst,energy,40.9238
2016-01-11 11:00:00,5,Mouse_lodging_Vicente,Recreation Center,recreation,UMass Amherst,energy,40.9238
2016-01-11 12:00:00,5,Mouse_lodging_Vicente,Recreation Center,recreation,UMass Amherst,energy,40.9238
2016-01-11 13:00:00,5,Mouse_lodging_Vicente,Recreation Center,recreation,UMass Amherst,energy,40.9238
2016-01-11 14:00:00,5,Mouse_lodging_Vicente,Recreation Center,recreation,UMass Amherst,energy,40.9238
2016-01-11 15:00:00,5,Mouse_lodging_Vicente,Recreation Center,recreation,UMass Amherst,energy,40.9238
2016-01-11 16:00:00,5,Mouse_lodging_Vicente,Recreation Center,recreation,UMass Amherst,energy,40.9238
2016-01-11 17:00:00,5,Mouse_lodging_Vicente,Recreation Center,recreation,UMass Amherst,energy,40.9238
2016-01-11 18:00:00,5,Mouse_lodging_Vicente,Recreation Center,recreation,UMass Amherst,energy,40.9238
2016-01-11 19:00:00,5,Mouse_lodging_Vicente,Recreation Center,recreation,UMass Amherst,energy,40.9238
2016-01-11 20:00:00,5,Mouse_lodging_Vicente,Recreation Center,recreation,UMass Amherst,energy,40.9238
2016-01-11 21:00:00,5,Mouse_lodging_Vicente,Recreation Center,recreation,UMass Amherst,energy,40.9238
2016-01-11 22:00:00,5,Mouse_lodging_Vicente,Recreation Center,recreation,UMass Amherst,energy,40.9238
2016-01-11 23:00:00,5,Mouse_lodging_Vicente,Recreation Center,recreation,UMass Amherst,energy,40.9238
2016-01-12 00:00:00,5,Mouse_lodging_Vicente,Recreation Center,recreation,UMass Amherst,energy,40.9238
2016-01-12 01:00:00,5,Mouse_lodging_Vicente,Recreation Center,recreation,UMass Amherst,energy,40.9238
2016-01-12 02:00:00,5,Mouse_lodging_Vicente,Recreation Center,recreation,UMass Amherst,energy,40.9238
2016-01-12 03:00:00,5,Mouse_lodging_Vicente,Recreation Center,recreation,UMass Amherst,energy,40.9238
2016-01-12 04:00:00,5,Mouse_lodging_Vicente,Recreation Center,recreation,UMass Amherst,energy,40.9238
2016-01-12 05:00:00,5,Mouse_lodging_Vicente,Recreation Center,recreation,UMass Amherst,energy,40.9238
2016-01-12 06:00:00,5,Mouse_lodging_Vicente,Recreation Center,recreation,UMass Amherst,energy,40.9238
2016-01-12 07:00:00,5,Mouse_lodging_Vicente,Recreation Center,recreation,UMass Amherst,energy,40.9238
2016-01-12 08:00:00,5,Mouse_lodging_Vicente,Recreation Center,recreation,UMass Amherst,energy,40.9238
2016-01-12 09:00:00,5,Mouse_lodging_Vicente,Recreation Center,recreation,UMass Amherst,energy,40.9238
2016-01-12 10:00:00,5,Mouse_lodging_Vicente,Recreation Center,recreation,UMass Amherst,energy,40.9238
2016-01-12 11:00:00,5,Mouse_lodging_Vicente,Recreation Center,recreation,UMass Amherst,energy,40.9238
2016-01-12 12:00:00,5,Mouse_lodging_Vicente,Recreation Center,recreation,UMass Amherst,energy,40.9238
2016-01-12 13:00:00,5,Mouse_lodging_Vicente,Recreation Center,recreation,UMass Amherst,energy,40.9238
2016-01-12 14:00:00,5,Mouse_lodging_Vicente,Recreation Center,recreation,UMass Amherst,energy,40.9238
2016-01-12 15:00:00,5,Mouse_lodging_Vicente,Recreation Center,recreation,UMass Amherst,energy,40.9238
2016-01-12 16:00:00,5,Mouse_lodging_Vicente,Recreation Center,recreation,UMass Amherst,energy,40.9238
2016-01-12 17:00:00,5,Mouse_lodging_Vicente,Recreation Center,recreation,UMass Amherst,energy,40.9238
2016-01-12 18:00:00,5,Mouse_lodging_Vicente,Recreation Center,recreation,UMass Amherst,energy,40.9238
2016-01-12 19:00:00,5,Mouse_lodging_Vicente,Recreation Center,recreation,UMass Amherst,energy,40.9238
2016-01-12 20:00:00,5,Mouse_lodging_Vicente,Recreation Center,recreation,UMass Amherst,energy,40.9238
2016-01-12 21:00:00,5,Mouse_lodging_Vicente,Recreation Center,recreation,UMass Amherst,energy,40.9238
2016-01-12 22:00:00,5,Mouse_lodging_Vicente,Recreation Center,recreation,UMass Amherst,energy,40.9238
2016-01-12 23:00:00,5,Mouse_lodging_Vicente,Recreation Center,recreation,UMass Amherst,energy,40.9238
2016-01-13 00:00:00,5,Mouse_lodging_Vicente,Recreation Center,recreation,UMass Amherst,energy,40.9238
2016-01-13 01:00:00,5,Mouse_lodging_Vicente,Recreation Center,recreation,UMass Amherst,energy,40.9238
2016-01-13 02:00:00,5,Mouse_lodging_Vicente,Recreation Center,recreation,UMass Amherst,energy,40.9238
2016-01-13 03:00:00,5,Mouse_lodging_Vicente,Recreation Center,recreation,UMass Amherst,energy,40.9238
2016-01-13 04:00:00,5,Mouse_lodging_Vicente,Recreation Center,recreation,UMass Amherst,energy,40.9238
2016-01-13 05:00:00,5,Mouse_lodging_Vicente,Recreation Center,recreation,UMass Amherst,energy,40.9238
2016-01-13 06:00:00,5,Mouse_lodging_Vicente,Recreation Center,recreation,UMass Amherst,energy,40.9238
2016-01-13 07:00:00,5,Mouse_lodging_Vicente,Recreation Center,recreation,UMass Amherst,energy,40.9238
2016-01-13 08:00:00,5,Mouse_lodging_Vicente,Recreation Center,recreation,UMass Amherst,energy,40.9238
2016-01-13 09:00:00,5,Mouse_lodging_Vicente,Recreation Center,recreation,UMass Amherst,energy,40.9238
2016-01-13 10:00:00,5,Mouse_lodging_Vicente,Recreation Center,recreation,UMass Amherst,energy,40.9238
2016-01-13 11:00:00,5,Mouse_lodging_Vicente,Recreation Center,recreation,UMass Amherst,energy,40.9238
2016-01-13 12:00:00,5,Mouse_lodging_Vicente,Recreation Center,recreation,UMass Amherst,energy,40.9238
2016-01-13 13:00:00,5,Mouse_lodging_Vicente,Recreation Center,recreation,UMass Amherst,energy,40.9238
2016-01-13 14:00:00,5,Mouse_lodging_Vicente,Recreation Center,recreation,UMass Amherst,energy,40.9238
2016-01-13 15:00:00,5,Mouse_lodging_Vicente,Recreation Center,recreation,UMass Amherst,energy,40.9238
2016-01-13 16:00:00,5,Mouse_lodging_Vicente,Recreation Center,recreation,UMass Amherst,energy,40.9238
2016-01-13 17:00:00,5,Mouse_lodging_Vicente,Recreation Center,recreation,UMass Amherst,energy,40.9238
2016-01-13 18:00:00,5,Mouse_lodging_Vicente,Recreation Center,recreation,UMass Amherst,energy,40.9238
2016-01-13 19:00:00,5,Mouse_lodging_Vicente,Recreation Center,recreation,UMass Amherst,energy,40.9238
2016-01-13 20:00:00,5,Mouse_lodging_Vicente,Recreation Center,recreation,UMass Amherst,energy,40.9238
2016-01-13 21:00:00,5,Mouse_lodging_Vicente,Recreation Center,recreation,UMass Amherst,energy,40.9238
2016-01-13 22:00:00,5,Mouse_lodging_Vicente,Recreation Center,recreation,UMass Amherst,energy,40.9238
2016-01-13 23:00:00,5,Mouse_lodging_Vicente,Recreation Center,recreation,UMass Amherst,energy,40.9238
2016-01-14 00:00:00,5,Mouse_lodging_Vicente,Recreation Center,recreation,UMass Amherst,energy,40.9238
2016-01-14 01:00:00,5,Mouse_lodging_Vicente,Recreation Center,recreation,UMass Amherst,energy,40.9238
2016-01-14 02:00:00,5,Mouse_lodging_Vicente,Recreation Center,recreation,UMass Amherst,energy,40.9238
2016-01-14 03:00:00,5,Mouse_lodging_Vicente,Recreation Center,recreation,UMass Amherst,energy,40.9238
2016-01-14 04:00:00,5,Mouse_lodging_Vicente,Recreation Center,recreation,UMass Amherst,energy,40.9238
2016-01-14 05:00:00,5,Mouse_lodging_Vicente,Recreation Center,recreation,UMass Amherst,energy,40.9238
2016-01-14 06:00:00,5,Mouse_lodging_Vicente,Recreation Center,recreation,UMass Amherst,energy,40.9238
2016-01-14 07:00:00,5,Mouse_lodging_Vicente,Recreation Center,recreation,UMass Amherst,energy,40.9238
2016-01-14 08:00:00,5,Mouse_lodging_Vicente,Recreation Center,recreation,UMass Amherst,energy,40.9238
2016-01-14 09:00:00,5,Mouse_lodging_Vicente,Recreation Center,recreation,UMass Amherst,energy,40.9238
2016-01-14 10:00:00,5,Mouse_lodging_Vicente,Recreation Center,recreation,UMass Amherst,energy,40.9238
2016-01-14 11:00:00,5,Mouse_lodging_Vicente,Recreation Center,recreation,UMass Amherst,energy,40.9238
2016-01-14 12:00:00,5,Mouse_lodging_Vicente,Recreation Center,recreation,UMass Amherst,energy,40.9238
2016-01-14 13:00:00,5,Mouse_lodging_Vicente,Recreation Center,recreation,UMass Amherst,energy,40.9238
2016-01-14 14:00:00,5,Mouse_lodging_Vicente,Recreation Center,recreation,UMass Amherst,energy,40.9238
2016-01-14 15:00:00,5,Mouse_lodging_Vicente,Recreation Center,recreation,UMass Amherst,energy,40.9238
2016-01-14 16:00:00,5,Mouse_lodging_Vicente,Recreation Center,recreation,UMass Amherst,energy,40.9238
2016-01-14 17:00:00,5,Mouse_lodging_Vicente,Recreation Center,recreation,UMass Amherst,energy,40.9238
2016-01-14 18:00:00,5,Mouse_lodging_Vicente,Recreation Center,recreation,UMass Amherst,energy,40.9238
2016-01-14 19:00:00,5,Mouse_lodging_Vicente,Recreation Center,recreation,UMass Amherst,energy,40.9238
2016-01-14 20:00:00,5,Mouse_lodging_Vicente,Recreation Center,recreation,UMass Amherst,energy,40.9238
2016-01-14 21:00:00,5,Mouse_lodging_Vicente,Recreation Center,recreation,UMass Amherst,energy,40.9238
2016-01-14 22:00:00,5,Mouse_lodging_Vicente,Recreation Center,recreation,UMass Amherst,energy,40.9238
2016-01-14 23:00:00,5,Mouse_lodging_Vicente,Recreation Center,recreation,UMass Amherst,energy,40.9238
2016-01-15 00:00:00,5,Mouse_lodging_Vicente,Recreation Center,recreation,UMass Amherst,energy,30.4619
2016-01-15 01:00:00,5,Mouse_lodging_Vicente,Recreation Center,recreation,UMass Amherst,energy,30.4619
2016-01-15 02:00:00,5,Mouse_lodging_Vicente,Recreation Center,recreation,UMass Amherst,energy,30.0
2016-01-15 03:00:00,5,Mouse_lodging_Vicente,Recreation Center,recreation,UMass Amherst,energy,30.0
2016-01-15 04:00:00,5,Mouse_lodging_Vicente,Recreation Center,recreation,UMass Amherst,energy,30.0
2016-01-15 05:00:00,5,Mouse_lodging_Vicente,Recreation Center,recreation,UMass Amherst,energy,30.0
2016-01-15 06:00:00,5,Mouse_lodging_Vicente,Recreation Center,recreation,UMass Amherst,energy,30.0
2016-01-15 07:00:00,5,Mouse_lodging_Vicente,Recreation Center,recreation,UMass Amherst,energy,40.0
2016-01-15 08:00:00,5,Mouse_lodging_Vicente,Recreation Center,recreation,UMass Amherst,energy,40.0
2016-01-15 09:00:00,5,Mouse_lodging_Vicente,Recreation Center,recreation,UMass Amherst,energy,50.0
2016-01-15 10:00:00,5,Mouse_lodging_Vicente,Recreation Center,recreation,UMass Amherst,energy,50.0
2016-01-15 11:00:00,5,Mouse_lodging_Vicente,Recreation Center,recreation,UMass Amherst,energy,50.0
2016-01-15 12:00:00,5,Mouse_lodging_Vicente,Recreation Center,recreation,UMass Amherst,energy,50.0
2016-01-15 13:00:00,5,Mouse_lodging_Vicente,Recreation Center,recreation,UMass Amherst,energy,50.0
2016-01-15 14:00:00,5,Mouse_lodging_Vicente,Recreation Center,recreation,UMass Amherst,energy,50.0
2016-01-15 15:00:00,5,Mouse_lodging_Vicente,Recreation Center,recreation,UMass Amherst,energy,50.0
2016-01-15 16:00:00,5,Mouse_lodging_Vicente,Recreation Center,recreation,UMass Amherst,energy,50.0
2016-01-15 17:00:00,5,Mouse_lodging_Vicente,Recreation Center,recreation,UMass Amherst,energy,50.0
2016-01-15 18:00:00,5,Mouse_lodging_Vicente,Recreation Center,recreation,UMass Amherst,energy,40.0
2016-01-15 19:00:00,5,Mouse_lodging_Vicente,Recreation Center,recreation,UMass Amherst,energy,40.0
2016-01-15 20:00:00,5,Mouse_lodging_Vicente,Recreation Center,recreation,UMass Amherst,energy,50.0
2016-01-15 21:00:00,5,Mouse_lodging_Vicente,Recreation Center,recreation,UMass Amherst,energy,40.0
2016-01-15 22:00:00,5,Mouse_lodging_Vicente,Recreation Center,recreation,UMass Amherst,energy,40.0
2016-01-15 23:00:00,5,Mouse_lodging_Vicente,Recreation Center,recreation,UMass Amherst,energy,40.0
2016-01-16 00:00:00,5,Mouse_lodging_Vicente,Recreation Center,recreation,UMass Amherst,energy,30.0
2016-01-16 01:00:00,5,Mouse_lodging_Vicente,Recreation Center,recreation,UMass Amherst,energy,30.0
2016-01-16 02:00:00,5,Mouse_lodging_Vicente,Recreation Center,recreation,UMass Amherst,energy,30.0
2016-01-16 03:00:00,5,Mouse_lodging_Vicente,Recreation Center,recreation,UMass Amherst,energy,40.0
2016-01-16 04:00:00,5,Mouse_lodging_Vicente,Recreation Center,recreation,UMass Amherst,energy,30.0
2016-01-16 05:00:00,5,Mouse_lodging_Vicente,Recreation Center,recreation,UMass Amherst,energy,30.0
2016-01-16 06:00:00,5,Mouse_lodging_Vicente,Recreation Center,recreation,UMass Amherst,energy,30.0
2016-01-16 07:00:00,5,Mouse_lodging_Vicente,Recreation Center,recreation,UMass Amherst,energy,40.0
2016-01-16 08:00:00,5,Mouse_lodging_Vicente,Recreation Center,recreation,UMass Amherst,energy,30.0
2016-01-16 09:00:00,5,Mouse_lodging_Vicente,Recreation Center,recreation,UMass Amherst,energy,40.0
2016-01-16 10:00:00,5,Mouse_lodging_Vicente,Recreation Center,recreation,UMass Amherst,energy,40.0
2016-01-16 11:00:00,5,Mouse_lodging_Vicente,Recreation Center,recreation,UMass Amherst,energy,50.0
2016-01-16 12:00:00,5,Mouse_lodging_Vicente,Recreation Center,recreation,UMass Amherst,energy,40.0
2016-01-16 13:00:00,5,Mouse_lodging_Vicente,Recreation Center,recreation,UMass Amherst,energy,40.0
2016-01-16 14:00:00,5,Mouse_lodging_Vicente,Recreation Center,recreation,UMass Amherst,energy,40.0
2016-01-16 15:00:00,5,Mouse_lodging_Vicente,Recreation Center,recreation,UMass Amherst,energy,40.0
2016-01-16 16:00:00,5,Mouse_lodging_Vicente,Recreation Center,recreation,UMass Amherst,energy,40.0
2016-01-16 17:00:00,5,Mouse_lodging_Vicente,Recreation Center,recreation,UMass Amherst,energy,40.0
2016-01-16 18:00:00,5,Mouse_lodging_Vicente,Recreation Center,recreation,UMass Amherst,energy,30.0
2016-01-16 19:00:00,5,Mouse_lodging_Vicente,Recreation Center,recreation,UMass Amherst,energy,40.0
2016-01-16 20:00:00,5,Mouse_lodging_Vicente,Recreation Center,recreation,UMass Amherst,energy,40.0
2016-01-16 21:00:00,5,Mouse_lodging_Vicente,Recreation Center,recreation,UMass Amherst,energy,40.0
2016-01-16 22:00:00,5,Mouse_lodging_Vicente,Recreation Center,recreation,UMass Amherst,energy,40.0
2016-01-16 23:00:00,5,Mouse_lodging_Vicente,Recreation Center,recreation,UMass Amherst,energy,40.0
2016-01-17 00:00:00,5,Mouse_lodging_Vicente,Recreation Center,recreation,UMass Amherst,energy,40.0
2016-01-17 01:00:00,5,Mouse_lodging_Vicente,Recreation Center,recreation,UMass Amherst,energy,30.0
2016-01-17 02:00:00,5,Mouse_lodging_Vicente,Recreation Center,recreation,UMass Amherst,energy,30.0
2016-01-17 03:00:00,5,Mouse_lodging_Vicente,Recreation Center,recreation,UMass Amherst,energy,30.0
2016-01-17 04:00:00,5,Mouse_lodging_Vicente,Recreation Center,recreation,UMass Amherst,energy,30.0
2016-01-17 05:00:00,5,Mouse_lodging_Vicente,Recreation Center,recreation,UMass Amherst,energy,30.0
2016-01-17 06:00:00,5,Mouse_lodging_Vicente,Recreation Center,recreation,UMass Amherst,energy,30.0
2016-01-17 07:00:00,5,Mouse_lodging_Vicente,Recreation Center,recreation,UMass Amherst,energy,30.0
2016-01-17 08:00:00,5,Mouse_lodging_Vicente,Recreation Center,recreation,UMass Amherst,energy,40.0
2016-01-17 09:00:00,5,Mouse_lodging_Vicente,Recreation Center,recreation,UMass Amherst,energy,40.0
2016-01-17 10:00:00,5,Mouse_lodging_Vicente,Recreation Center,recreation,UMass Amherst,energy,40.0
2016-01-17 11:00:00,5,Mouse_lodging_Vicente,Recreation Center,recreation,UMass Amherst,energy,40.0
2016-01-17 12:00:00,5,Mouse_lodging_Vicente,Recreation Center,recreation,UMass Amherst,energy,40.0
2016-01-17 13:00:00,5,Mouse_lodging_Vicente,Recreation Center,recreation,UMass Amherst,energy,40.0
2016-01-17 14:00:00,5,Mouse_lodging_Vicente,Recreation Center,recreation,UMass Amherst,energy,40.0
2016-01-17 15:00:00,5,Mouse_lodging_Vicente,Recreation Center,recreation,UMass Amherst,energy,40.0
2016-01-17 16:00:00,5,Mouse_lodging_Vicente,Recreation Center,recreation,UMass Amherst,energy,40.0
2016-01-17 17:00:00,5,Mouse_lodging_Vicente,Recreation Center,recreation,UMass Amherst,energy,50.0
2016-01-17 18:00:00,5,Mouse_lodging_Vicente,Recreation Center,recreation,UMass Amherst,energy,40.0
2016-01-17 19:00:00,5,Mouse_lodging_Vicente,Recreation Center,recreation,UMass Amherst,energy,50.0
2016-01-17 20:00:00,5,Mouse_lodging_Vicente,Recreation Center,recreation,UMass Amherst,energy,50.0
2016-01-17 21:00:00,5,Mouse_lodging_Vicente,Recreation Center,recreation,UMass Amherst,energy,40.0
2016-01-17 22:00:00,5,Mouse_lodging_Vicente,Recreation Center,recreation,UMass Amherst,energy,40.0
2016-01-17 23:00:00,5,Mouse_lodging_Vicente,Recreation Center,recreation,UMass Amherst,energy,40.0
2016-01-18 00:00:00,5,Mouse_lodging_Vicente,Recreation Center,recreation,UMass Amherst,energy,30.0
2016-01-18 01:00:00,5,Mouse_lodging_Vicente,Recreation Center,recreation,UMass Amherst,energy,40.0
2016-01-18 02:00:00,5,Mouse_lodging_Vicente,Recreation Center,recreation,UMass Amherst,energy,30.0
2016-01-18 03:00:00,5,Mouse_lodging_Vicente,Recreation Center,recreation,UMass Amherst,energy,30.0
2016-01-18 04:00:00,5,Mouse_lodging_Vicente,Recreation Center,recreation,UMass Amherst,energy,30.0
2016-01-18 05:00:00,5,Mouse_lodging_Vicente,Recreation Center,recreation,UMass Amherst,energy,30.0
2016-01-18 06:00:00,5,Mouse_lodging_Vicente,Recreation Center,recreation,UMass Amherst,energy,30.0
2016-01-18 07:00:00,5,Mouse_lodging_Vicente,Recreation Center,recreation,UMass Amherst,energy,40.0
2016-01-18 08:00:00,5,Mouse_lodging_Vicente,Recreation Center,recreation,UMass Amherst,energy,40.0
2016-01-18 09:00:00,5,Mouse_lodging_Vicente,Recreation Center,recreation,UMass Amherst,energy,50.0
2016-01-18 10:00:00,5,Mouse_lodging_Vicente,Recreation Center,recreation,UMass Amherst,energy,50.0
2016-01-18 11:00:00,5,Mouse_lodging_Vicente,Recreation Center,recreation,UMass Amherst,energy,50.0
2016-01-18 12:00:00,5,Mouse_lodging_Vicente,Recreation Center,recreation,UMass Amherst,energy,60.0
2016-01-18 13:00:00,5,Mouse_lodging_Vicente,Recreation Center,recreation,UMass Amherst,energy,60.0
2016-01-18 14:00:00,5,Mouse_lodging_Vicente,Recreation Center,recreation,UMass Amherst,energy,60.0
2016-01-18 15:00:00,5,Mouse_lodging_Vicente,Recreation Center,recreation,UMass Amherst,energy,60.0
2016-01-18 16:00:00,5,Mouse_lodging_Vicente,Recreation Center,recreation,UMass Amherst,energy,60.0
2016-01-18 17:00:00,5,Mouse_lodging_Vicente,Recreation Center,recreation,UMass Amherst,energy,50.0
2016-01-18 18:00:00,5,Mouse_lodging_Vicente,Recreation Center,recreation,UMass Amherst,energy,60.0
2016-01-18 19:00:00,5,Mouse_lodging_Vicente,Recreation Center,recreation,UMass Amherst,energy,60.0
2016-01-18 20:00:00,5,Mouse_lodging_Vicente,Recreation Center,recreation,UMass Amherst,energy,60.0
2016-01-18 21:00:00,5,Mouse_lodging_Vicente,Recreation Center,recreation,UMass Amherst,energy,50.0
2016-01-18 22:00:00,5,Mouse_lodging_Vicente,Recreation Center,recreation,UMass Amherst,energy,50.0
2016-01-18 23:00:00,5,Mouse_lodging_Vicente,Recreation Center,recreation,UMass Amherst,energy,50.0
2016-01-19 00:00:00,5,Mouse_lodging_Vicente,Recreation Center,recreation,UMass Amherst,energy,40.0
2016-01-19 01:00:00,5,Mouse_lodging_Vicente,Recreation Center,recreation,UMass Amherst,energy,50.0
2016-01-19 02:00:00,5,Mouse_lodging_Vicente,Recreation Center,recreation,UMass Amherst,energy,40.0
2016-01-19 03:00:00,5,Mouse_lodging_Vicente,Recreation Center,recreation,UMass Amherst,energy,40.0
2016-01-19 04:00:00,5,Mouse_lodging_Vicente,Recreation Center,recreation,UMass Amherst,energy,50.0
2016-01-19 05:00:00,5,Mouse_lodging_Vicente,Recreation Center,recreation,UMass Amherst,energy,40.0
2016-01-19 06:00:00,5,Mouse_lodging_Vicente,Recreation Center,recreation,UMass Amherst,energy,50.0
2016-01-19 07:00:00,5,Mouse_lodging_Vicente,Recreation Center,recreation,UMass Amherst,energy,50.0
2016-01-19 08:00:00,5,Mouse_lodging_Vicente,Recreation Center,recreation,UMass Amherst,energy,50.0
2016-01-19 09:00:00,5,Mouse_lodging_Vicente,Recreation Center,recreation,UMass Amherst,energy,60.0
2016-01-19 10:00:00,5,Mouse_lodging_Vicente,Recreation Center,recreation,UMass Amherst,energy,60.0
2016-01-19 11:00:00,5,Mouse_lodging_Vicente,Recreation Center,recreation,UMass Amherst,energy,60.0
2016-01-19 12:00:00,5,Mouse_lodging_Vicente,Recreation Center,recreation,UMass Amherst,energy,60.0
2016-01-19 13:00:00,5,Mouse_lodging_Vicente,Recreation Center,recreation,UMass Amherst,energy,60.0
2016-01-19 14:00:00,5,Mouse_lodging_Vicente,Recreation Center,recreation,UMass Amherst,energy,60.0
2016-01-19 15:00:00,5,Mouse_lodging_Vicente,Recreation Center,recreation,UMass Amherst,energy,60.0
2016-01-19 16:00:00,5,Mouse_lodging_Vicente,Recreation Center,recreation,UMass Amherst,energy,60.0
2016-01-19 17:00:00,5,Mouse_lodging_Vicente,Recreation Center,recreation,UMass Amherst,energy,60.0
2016-01-19 18:00:00,5,Mouse_lodging_Vicente,Recreation Center,recreation,UMass Amherst,energy,60.0
2016-01-19 19:00:00,5,Mouse_lodging_Vicente,Recreation Center,recreation,UMass Amherst,energy,60.0
2016-01-19 20:00:00,5,Mouse_lodging_Vicente,Recreation Center,recreation,UMass Amherst,energy,60.0
2016-01-19 21:00:00,5,Mouse_lodging_Vicente,Recreation Center,recreation,UMass Amherst,energy,60.0
2016-01-19 22:00:00,5,Mouse_lodging_Vicente,Recreation Center,recreation,UMass Amherst,energy,60.0
2016-01-19 23:00:00,5,Mouse_lodging_Vicente,Recreation Center,recreation,UMass Amherst,energy,50.0
2016-01-20 00:00:00,5,Mouse_lodging_Vicente,Recreation Center,recreation,UMass Amherst,energy,40.0
2016-01-20 01:00:00,5,Mouse_lodging_Vicente,Recreation Center,recreation,UMass Amherst,energy,50.0
2016-01-20 02:00:00,5,Mouse_lodging_Vicente,Recreation Center,recreation,UMass Amherst,energy,50.0
2016-01-20 03:00:00,5,Mouse_lodging_Vicente,Recreation Center,recreation,UMass Amherst,energy,40.0
2016-01-20 04:00:00,5,Mouse_lodging_Vicente,Recreation Center,recreation,UMass Amherst,energy,40.0
2016-01-20 05:00:00,5,Mouse_lodging_Vicente,Recreation Center,recreation,UMass Amherst,energy,50.0
2016-01-20 06:00:00,5,Mouse_lodging_Vicente,Recreation Center,recreation,UMass Amherst,energy,40.0
2016-01-20 07:00:00,5,Mouse_lodging_Vicente,Recreation Center,recreation,UMass Amherst,energy,60.0
2016-01-20 08:00:00,5,Mouse_lodging_Vicente,Recreation Center,recreation,UMass Amherst,energy,50.0
2016-01-20 09:00:00,5,Mouse_lodging_Vicente,Recreation Center,recreation,UMass Amherst,energy,70.0
2016-01-20 10:00:00,5,Mouse_lodging_Vicente,Recreation Center,recreation,UMass Amherst,energy,60.0
2016-01-20 11:00:00,5,Mouse_lodging_Vicente,Recreation Center,recreation,UMass Amherst,energy,70.0
2016-01-20 12:00:00,5,Mouse_lodging_Vicente,Recreation Center,recreation,UMass Amherst,energy,60.0
2016-01-20 13:00:00,5,Mouse_lodging_Vicente,Recreation Center,recreation,UMass Amherst,energy,50.0
2016-01-20 14:00:00,5,Mouse_lodging_Vicente,Recreation Center,recreation,UMass Amherst,energy,60.0
2016-01-20 15:00:00,5,Mouse_lodging_Vicente,Recreation Center,recreation,UMass Amherst,energy,60.0
2016-01-20 16:00:00,5,Mouse_lodging_Vicente,Recreation Center,recreation,UMass Amherst,energy,60.0
2016-01-20 17:00:00,5,Mouse_lodging_Vicente,Recreation Center,recreation,UMass Amherst,energy,60.0
2016-01-20 18:00:00,5,Mouse_lodging_Vicente,Recreation Center,recreation,UMass Amherst,energy,60.0
2016-01-20 19:00:00,5,Mouse_lodging_Vicente,Recreation Center,recreation,UMass Amherst,energy,60.0
2016-01-20 20:00:00,5,Mouse_lodging_Vicente,Recreation Center,recreation,UMass Amherst,energy,60.0
2016-01-20 21:00:00,5,Mouse_lodging_Vicente,Recreation Center,recreation,UMass Amherst,energy,60.0
2016-01-20 22:00:00,5,Mouse_lodging_Vicente,Recreation Center,recreation,UMass Amherst,energy,50.0
2016-01-20 23:00:00,5,Mouse_lodging_Vicente,Recreation Center,recreation,UMass Amherst,energy,50.0
2016-01-21 00:00:00,5,Mouse_lodging_Vicente,Recreation Center,recreation,UMass Amherst,energy,40.0
2016-01-21 01:00:00,5,Mouse_lodging_Vicente,Recreation Center,recreation,UMass Amherst,energy,40.0
2016-01-21 02:00:00,5,Mouse_lodging_Vicente,Recreation Center,recreation,UMass Amherst,energy,40.0
2016-01-21 03:00:00,5,Mouse_lodging_Vicente,Recreation Center,recreation,UMass Amherst,energy,40.0
2016-01-21 04:00:00,5,Mouse_lodging_Vicente,Recreation Center,recreation,UMass Amherst,energy,40.0
2016-01-21 05:00:00,5,Mouse_lodging_Vicente,Recreation Center,recreation,UMass Amherst,energy,40.0
2016-01-21 06:00:00,5,Mouse_lodging_Vicente,Recreation Center,recreation,UMass Amherst,energy,40.0
2016-01-21 07:00:00,5,Mouse_lodging_Vicente,Recreation Center,recreation,UMass Amherst,energy,50.0
2016-01-21 08:00:00,5,Mouse_lodging_Vicente,Recreation Center,recreation,UMass Amherst,energy,50.0
2016-01-21 09:00:00,5,Mouse_lodging_Vicente,Recreation Center,recreation,UMass Amherst,energy,60.0
2016-01-21 10:00:00,5,Mouse_lodging_Vicente,Recreation Center,recreation,UMass Amherst,energy,50.0
2016-01-21 11:00:00,5,Mouse_lodging_Vicente,Recreation Center,recreation,UMass Amherst,energy,60.0
2016-01-21 12:00:00,5,Mouse_lodging_Vicente,Recreation Center,recreation,UMass Amherst,energy,60.0
2016-01-21 13:00:00,5,Mouse_lodging_Vicente,Recreation Center,recreation,UMass Amherst,energy,60.0
2016-01-21 14:00:00,5,Mouse_lodging_Vicente,Recreation Center,recreation,UMass Amherst,energy,60.0
2016-01-21 15:00:00,5,Mouse_lodging_Vicente,Recreation Center,recreation,UMass Amherst,energy,60.0
2016-01-21 16:00:00,5,Mouse_lodging_Vicente,Recreation Center,recreation,UMass Amherst,energy,50.0
2016-01-21 17:00:00,5,Mouse_lodging_Vicente,Recreation Center,recreation,UMass Amherst,energy,60.0
2016-01-21 18:00:00,5,Mouse_lodging_Vicente,Recreation Center,recreation,UMass Amherst,energy,60.0
2016-01-21 19:00:00,5,Mouse_lodging_Vicente,Recreation Center,recreation,UMass Amherst,energy,60.0
2016-01-21 20:00:00,5,Mouse_lodging_Vicente,Recreation Center,recreation,UMass Amherst,energy,60.0
2016-01-21 21:00:00,5,Mouse_lodging_Vicente,Recreation Center,recreation,UMass Amherst,energy,60.0
2016-01-21 22:00:00,5,Mouse_lodging_Vicente,Recreation Center,recreation,UMass Amherst,energy,50.0
2016-01-21 23:00:00,5,Mouse_lodging_Vicente,Recreation Center,recreation,UMass Amherst,energy,50.0
2016-01-22 00:00:00,5,Mouse_lodging_Vicente,Recreation Center,recreation,UMass Amherst,energy,40.0
2016-01-22 01:00:00,5,Mouse_lodging_Vicente,Recreation Center,recreation,UMass Amherst,energy,40.0
2016-01-22 02:00:00,5,Mouse_lodging_Vicente,Recreation Center,recreation,UMass Amherst,energy,50.0
2016-01-22 03:00:00,5,Mouse_lodging_Vicente,Recreation Center,recreation,UMass Amherst,energy,40.0
2016-01-22 04:00:00,5,Mouse_lodging_Vicente,Recreation Center,recreation,UMass Amherst,energy,40.0
2016-01-22 05:00:00,5,Mouse_lodging_Vicente,Recreation Center,recreation,UMass Amherst,energy,40.0
2016-01-22 06:00:00,5,Mouse_lodging_Vicente,Recreation Center,recreation,UMass Amherst,energy,40.0
2016-01-22 07:00:00,5,Mouse_lodging_Vicente,Recreation Center,recreation,UMass Amherst,energy,50.0
2016-01-22 08:00:00,5,Mouse_lodging_Vicente,Recreation Center,recreation,UMass Amherst,energy,50.0
2016-01-22 09:00:00,5,Mouse_lodging_Vicente,Recreation Center,recreation,UMass Amherst,energy,60.0
2016-01-22 10:00:00,5,Mouse_lodging_Vicente,Recreation Center,recreation,UMass Amherst,energy,60.0
2016-01-22 11:00:00,5,Mouse_lodging_Vicente,Recreation Center,recreation,UMass Amherst,energy,60.0
2016-01-22 12:00:00,5,Mouse_lodging_Vicente,Recreation Center,recreation,UMass Amherst,energy,60.0
2016-01-22 13:00:00,5,Mouse_lodging_Vicente,Recreation Center,recreation,UMass Amherst,energy,60.0
2016-01-22 14:00:00,5,Mouse_lodging_Vicente,Recreation Center,recreation,UMass Amherst,energy,60.0
2016-01-22 15:00:00,5,Mouse_lodging_Vicente,Recreation Center,recreation,UMass Amherst,energy,60.0
2016-01-22 16:00:00,5,Mouse_lodging_Vicente,Recreation Center,recreation,UMass Amherst,energy,60.0
2016-01-22 17:00:00,5,Mouse_lodging_Vicente,Recreation Center,recreation,UMass Amherst,energy,60.0
2016-01-22 18:00:00,5,Mouse_lodging_Vicente,Recreation Center,recreation,UMass Amherst,energy,50.0
2016-01-22 19:00:00,5,Mouse_lodging_Vicente,Recreation Center,recreation,UMass Amherst,energy,60.0
2016-01-22 20:00:00,5,Mouse_lodging_Vicente,Recreation Center,recreation,UMass Amherst,energy,50.0
2016-01-22 21:00:00,5,Mouse_lodging_Vicente,Recreation Center,recreation,UMass Amherst,energy,50.0
2016-01-22 22:00:00,5,Mouse_lodging_Vicente,Recreation Center,recreation,UMass Amherst,energy,50.0
2016-01-22 23:00:00,5,Mouse_lodging_Vicente,Recreation Center,recreation,UMass Amherst,energy,50.0
2016-01-23 00:00:00,5,Mouse_lodging_Vicente,Recreation Center,recreation,UMass Amherst,energy,40.0
2016-01-23 01:00:00,5,Mouse_lodging_Vicente,Recreation Center,recreation,UMass Amherst,energy,50.0
2016-01-23 02:00:00,5,Mouse_lodging_Vicente,Recreation Center,recreation,UMass Amherst,energy,40.0
2016-01-23 03:00:00,5,Mouse_lodging_Vicente,Recreation Center,recreation,UMass Amherst,energy,40.0
2016-01-23 04:00:00,5,Mouse_lodging_Vicente,Recreation Center,recreation,UMass Amherst,energy,40.0
2016-01-23 05:00:00,5,Mouse_lodging_Vicente,Recreation Center,recreation,UMass Amherst,energy,40.0
2016-01-23 06:00:00,5,Mouse_lodging_Vicente,Recreation Center,recreation,UMass Amherst,energy,40.0
2016-01-23 07:00:00,5,Mouse_lodging_Vicente,Recreation Center,recreation,UMass Amherst,energy,50.0
2016-01-23 08:00:00,5,Mouse_lodging_Vicente,Recreation Center,recreation,UMass Amherst,energy,50.0
2016-01-23 09:00:00,5,Mouse_lodging_Vicente,Recreation Center,recreation,UMass Amherst,energy,50.0
2016-01-23 10:00:00,5,Mouse_lodging_Vicente,Recreation Center,recreation,UMass Amherst,energy,50.0
2016-01-23 11:00:00,5,Mouse_lodging_Vicente,Recreation Center,recreation,UMass Amherst,energy,50.0
2016-01-23 12:00:00,5,Mouse_lodging_Vicente,Recreation Center,recreation,UMass Amherst,energy,50.0
2016-01-23 13:00:00,5,Mouse_lodging_Vicente,Recreation Center,recreation,UMass Amherst,energy,60.0
2016-01-23 14:00:00,5,Mouse_lodging_Vicente,Recreation Center,recreation,UMass Amherst,energy,50.0
2016-01-23 15:00:00,5,Mouse_lodging_Vicente,Recreation Center,recreation,UMass Amherst,energy,50.0
2016-01-23 16:00:00,5,Mouse_lodging_Vicente,Recreation Center,recreation,UMass Amherst,energy,50.0
2016-01-23 17:00:00,5,Mouse_lodging_Vicente,Recreation Center,recreation,UMass Amherst,energy,50.0
2016-01-23 18:00:00,5,Mouse_lodging_Vicente,Recreation Center,recreation,UMass Amherst,energy,50.0
2016-01-23 19:00:00,5,Mouse_lodging_Vicente,Recreation Center,recreation,UMass Amherst,energy,60.0
2016-01-23 20:00:00,5,Mouse_lodging_Vicente,Recreation Center,recreation,UMass Amherst,energy,50.0
2016-01-23 21:00:00,5,Mouse_lodging_Vicente,Recreation Center,recreation,UMass Amherst,energy,50.0
2016-01-23 22:00:00,5,Mouse_lodging_Vicente,Recreation Center,recreation,UMass Amherst,energy,50.0
2016-01-23 23:00:00,5,Mouse_lodging_Vicente,Recreation Center,recreation,UMass Amherst,energy,50.0
2016-01-24 00:00:00,5,Mouse_lodging_Vicente,Recreation Center,recreation,UMass Amherst,energy,40.0
2016-01-24 01:00:00,5,Mouse_lodging_Vicente,Recreation Center,recreation,UMass Amherst,energy,40.0
2016-01-24 02:00:00,5,Mouse_lodging_Vicente,Recreation Center,recreation,UMass Amherst,energy,40.0
2016-01-24 03:00:00,5,Mouse_lodging_Vicente,Recreation Center,recreation,UMass Amherst,energy,40.0
2016-01-24 04:00:00,5,Mouse_lodging_Vicente,Recreation Center,recreation,UMass Amherst,energy,50.0
2016-01-24 05:00:00,5,Mouse_lodging_Vicente,Recreation Center,recreation,UMass Amherst,energy,40.0
2016-01-24 06:00:00,5,Mouse_lodging_Vicente,Recreation Center,recreation,UMass Amherst,energy,40.0
2016-01-24 07:00:00,5,Mouse_lodging_Vicente,Recreation Center,recreation,UMass Amherst,energy,50.0
2016-01-24 08:00:00,5,Mouse_lodging_Vicente,Recreation Center,recreation,UMass Amherst,energy,40.0
2016-01-24 09:00:00,5,Mouse_lodging_Vicente,Recreation Center,recreation,UMass Amherst,energy,50.0
2016-01-24 10:00:00,5,Mouse_lodging_Vicente,Recreation Center,recreation,UMass Amherst,energy,50.0
2016-01-24 11:00:00,5,Mouse_lodging_Vicente,Recreation Center,recreation,UMass Amherst,energy,60.0
2016-01-24 12:00:00,5,Mouse_lodging_Vicente,Recreation Center,recreation,UMass Amherst,energy,40.0
2016-01-24 13:00:00,5,Mouse_lodging_Vicente,Recreation Center,recreation,UMass Amherst,energy,50.0
2016-01-24 14:00:00,5,Mouse_lodging_Vicente,Recreation Center,recreation,UMass Amherst,energy,50.0
2016-01-24 15:00:00,5,Mouse_lodging_Vicente,Recreation Center,recreation,UMass Amherst,energy,60.0
2016-01-24 16:00:00,5,Mouse_lodging_Vicente,Recreation Center,recreation,UMass Amherst,energy,50.0
2016-01-24 17:00:00,5,Mouse_lodging_Vicente,Recreation Center,recreation,UMass Amherst,energy,50.0
2016-01-24 18:00:00,5,Mouse_lodging_Vicente,Recreation Center,recreation,UMass Amherst,energy,60.0
2016-01-24 19:00:00,5,Mouse_lodging_Vicente,Recreation Center,recreation,UMass Amherst,energy,50.0
2016-01-24 20:00:00,5,Mouse_lodging_Vicente,Recreation Center,recreation,UMass Amherst,energy,60.0
2016-01-24 21:00:00,5,Mouse_lodging_Vicente,Recreation Center,recreation,UMass Amherst,energy,50.0
2016-01-24 22:00:00,5,Mouse_lodging_Vicente,Recreation Center,recreation,UMass Amherst,energy,60.0
2016-01-24 23:00:00,5,Mouse_lodging_Vicente,Recreation Center,recreation,UMass Amherst,energy,50.0
2016-01-25 00:00:00,5,Mouse_lodging_Vicente,Recreation Center,recreation,UMass Amherst,energy,50.0
2016-01-25 01:00:00,5,Mouse_lodging_Vicente,Recreation Center,recreation,UMass Amherst,energy,40.0
2016-01-25 02:00:00,5,Mouse_lodging_Vicente,Recreation Center,recreation,UMass Amherst,energy,40.0
2016-01-25 03:00:00,5,Mouse_lodging_Vicente,Recreation Center,recreation,UMass Amherst,energy,40.0
2016-01-25 04:00:00,5,Mouse_lodging_Vicente,Recreation Center,recreation,UMass Amherst,energy,50.0
2016-01-25 05:00:00,5,Mouse_lodging_Vicente,Recreation Center,recreation,UMass Amherst,energy,40.0
2016-01-25 06:00:00,5,Mouse_lodging_Vicente,Recreation Center,recreation,UMass Amherst,energy,40.0
2016-01-25 07:00:00,5,Mouse_lodging_Vicente,Recreation Center,recreation,UMass Amherst,energy,50.0
2016-01-25 08:00:00,5,Mouse_lodging_Vicente,Recreation Center,recreation,UMass Amherst,energy,50.0
2016-01-25 09:00:00,5,Mouse_lodging_Vicente,Recreation Center,recreation,UMass Amherst,energy,60.0
2016-01-25 10:00:00,5,Mouse_lodging_Vicente,Recreation Center,recreation,UMass Amherst,energy,60.0
2016-01-25 11:00:00,5,Mouse_lodging_Vicente,Recreation Center,recreation,UMass Amherst,energy,50.0
2016-01-25 12:00:00,5,Mouse_lodging_Vicente,Recreation Center,recreation,UMass Amherst,energy,60.0
2016-01-25 13:00:00,5,Mouse_lodging_Vicente,Recreation Center,recreation,UMass Amherst,energy,60.0
2016-01-25 14:00:00,5,Mouse_lodging_Vicente,Recreation Center,recreation,UMass Amherst,energy,60.0
2016-01-25 15:00:00,5,Mouse_lodging_Vicente,Recreation Center,recreation,UMass Amherst,energy,50.0
2016-01-25 16:00:00,5,Mouse_lodging_Vicente,Recreation Center,recreation,UMass Amherst,energy,60.0
2016-01-25 17:00:00,5,Mouse_lodging_Vicente,Recreation Center,recreation,UMass Amherst,energy,60.0
2016-01-25 18:00:00,5,Mouse_lodging_Vicente,Recreation Center,recreation,UMass Amherst,energy,70.0
2016-01-25 19:00:00,5,Mouse_lodging_Vicente,Recreation Center,recreation,UMass Amherst,energy,60.0
2016-01-25 20:00:00,5,Mouse_lodging_Vicente,Recreation Center,recreation,UMass Amherst,energy,50.0
2016-01-25 21:00:00,5,Mouse_lodging_Vicente,Recreation Center,recreation,UMass Amherst,energy,60.0
2016-01-25 22:00:00,5,Mouse_lodging_Vicente,Recreation Center,recreation,UMass Amherst,energy,50.0
2016-01-25 23:00:00,5,Mouse_lodging_Vicente,Recreation Center,recreation,UMass Amherst,energy,50.0
2016-01-26 00:00:00,5,Mouse_lodging_Vicente,Recreation Center,recreation,UMass Amherst,energy,40.0
2016-01-26 01:00:00,5,Mouse_lodging_Vicente,Recreation Center,recreation,UMass Amherst,energy,40.0
2016-01-26 02:00:00,5,Mouse_lodging_Vicente,Recreation Center,recreation,UMass Amherst,energy,40.0
2016-01-26 03:00:00,5,Mouse_lodging_Vicente,Recreation Center,recreation,UMass Amherst,energy,40.0
2016-01-26 04:00:00,5,Mouse_lodging_Vicente,Recreation Center,recreation,UMass Amherst,energy,40.0
2016-01-26 05:00:00,5,Mouse_lodging_Vicente,Recreation Center,recreation,UMass Amherst,energy,30.0
2016-01-26 06:00:00,5,Mouse_lodging_Vicente,Recreation Center,recreation,UMass Amherst,energy,40.0
2016-01-26 07:00:00,5,Mouse_lodging_Vicente,Recreation Center,recreation,UMass Amherst,energy,50.0
2016-01-26 08:00:00,5,Mouse_lodging_Vicente,Recreation Center,recreation,UMass Amherst,energy,50.0
2016-01-26 09:00:00,5,Mouse_lodging_Vicente,Recreation Center,recreation,UMass Amherst,energy,50.0
2016-01-26 10:00:00,5,Mouse_lodging_Vicente,Recreation Center,recreation,UMass Amherst,energy,60.0
2016-01-26 11:00:00,5,Mouse_lodging_Vicente,Recreation Center,recreation,UMass Amherst,energy,70.0
2016-01-26 12:00:00,5,Mouse_lodging_Vicente,Recreation Center,recreation,UMass Amherst,energy,50.0
2016-01-26 13:00:00,5,Mouse_lodging_Vicente,Recreation Center,recreation,UMass Amherst,energy,60.0
2016-01-26 14:00:00,5,Mouse_lodging_Vicente,Recreation Center,recreation,UMass Amherst,energy,60.0
2016-01-26 15:00:00,5,Mouse_lodging_Vicente,Recreation Center,recreation,UMass Amherst,energy,60.0
2016-01-26 16:00:00,5,Mouse_lodging_Vicente,Recreation Center,recreation,UMass Amherst,energy,60.0
2016-01-26 17:00:00,5,Mouse_lodging_Vicente,Recreation Center,recreation,UMass Amherst,energy,60.0
2016-01-26 18:00:00,5,Mouse_lodging_Vicente,Recreation Center,recreation,UMass Amherst,energy,60.0
2016-01-26 19:00:00,5,Mouse_lodging_Vicente,Recreation Center,recreation,UMass Amherst,energy,70.0
2016-01-26 20:00:00,5,Mouse_lodging_Vicente,Recreation Center,recreation,UMass Amherst,energy,50.0
2016-01-26 21:00:00,5,Mouse_lodging_Vicente,Recreation Center,recreation,UMass Amherst,energy,60.0
2016-01-26 22:00:00,5,Mouse_lodging_Vicente,Recreation Center,recreation,UMass Amherst,energy,50.0
2016-01-26 23:00:00,5,Mouse_lodging_Vicente,Recreation Center,recreation,UMass Amherst,energy,50.0
2016-01-27 00:00:00,5,Mouse_lodging_Vicente,Recreation Center,recreation,UMass Amherst,energy,50.0
2016-01-27 01:00:00,5,Mouse_lodging_Vicente,Recreation Center,recreation,UMass Amherst,energy,40.0
2016-01-27 02:00:00,5,Mouse_lodging_Vicente,Recreation Center,recreation,UMass Amherst,energy,40.0
2016-01-27 03:00:00,5,Mouse_lodging_Vicente,Recreation Center,recreation,UMass Amherst,energy,40.0
2016-01-27 04:00:00,5,Mouse_lodging_Vicente,Recreation Center,recreation,UMass Amherst,energy,40.0
2016-01-27 05:00:00,5,Mouse_lodging_Vicente,Recreation Center,recreation,UMass Amherst,energy,40.0
2016-01-27 06:00:00,5,Mouse_lodging_Vicente,Recreation Center,recreation,UMass Amherst,energy,40.0
2016-01-27 07:00:00,5,Mouse_lodging_Vicente,Recreation Center,recreation,UMass Amherst,energy,40.0
2016-01-27 08:00:00,5,Mouse_lodging_Vicente,Recreation Center,recreation,UMass Amherst,energy,50.0
2016-01-27 09:00:00,5,Mouse_lodging_Vicente,Recreation Center,recreation,UMass Amherst,energy,60.0
2016-01-27 10:00:00,5,Mouse_lodging_Vicente,Recreation Center,recreation,UMass Amherst,energy,60.0
2016-01-27 11:00:00,5,Mouse_lodging_Vicente,Recreation Center,recreation,UMass Amherst,energy,60.0
2016-01-27 12:00:00,5,Mouse_lodging_Vicente,Recreation Center,recreation,UMass Amherst,energy,60.0
2016-01-27 13:00:00,5,Mouse_lodging_Vicente,Recreation Center,recreation,UMass Amherst,energy,60.0
2016-01-27 14:00:00,5,Mouse_lodging_Vicente,Recreation Center,recreation,UMass Amherst,energy,60.0
2016-01-27 15:00:00,5,Mouse_lodging_Vicente,Recreation Center,recreation,UMass Amherst,energy,60.0
2016-01-27 16:00:00,5,Mouse_lodging_Vicente,Recreation Center,recreation,UMass Amherst,energy,60.0
2016-01-27 17:00:00,5,Mouse_lodging_Vicente,Recreation Center,recreation,UMass Amherst,energy,60.0
2016-01-27 18:00:00,5,Mouse_lodging_Vicente,Recreation Center,recreation,UMass Amherst,energy,60.0
2016-01-27 19:00:00,5,Mouse_lodging_Vicente,Recreation Center,recreation,UMass Amherst,energy,60.0
2016-01-27 20:00:00,5,Mouse_lodging_Vicente,Recreation Center,recreation,UMass Amherst,energy,60.0
2016-01-27 21:00:00,5,Mouse_lodging_Vicente,Recreation Center,recreation,UMass Amherst,energy,60.0
2016-01-27 22:00:00,5,Mouse_lodging_Vicente,Recreation Center,recreation,UMass Amherst,energy,50.0
2016-01-27 23:00:00,5,Mouse_lodging_Vicente,Recreation Center,recreation,UMass Amherst,energy,50.0
2016-01-28 00:00:00,5,Mouse_lodging_Vicente,Recreation Center,recreation,UMass Amherst,energy,40.0
2016-01-28 01:00:00,5,Mouse_lodging_Vicente,Recreation Center,recreation,UMass Amherst,energy,40.0
2016-01-28 02:00:00,5,Mouse_lodging_Vicente,Recreation Center,recreation,UMass Amherst,energy,40.0
2016-01-28 03:00:00,5,Mouse_lodging_Vicente,Recreation Center,recreation,UMass Amherst,energy,30.0
2016-01-28 04:00:00,5,Mouse_lodging_Vicente,Recreation Center,recreation,UMass Amherst,energy,40.0
2016-01-28 05:00:00,5,Mouse_lodging_Vicente,Recreation Center,recreation,UMass Amherst,energy,40.0
2016-01-28 06:00:00,5,Mouse_lodging_Vicente,Recreation Center,recreation,UMass Amherst,energy,40.0
2016-01-28 07:00:00,5,Mouse_lodging_Vicente,Recreation Center,recreation,UMass Amherst,energy,40.0
2016-01-28 08:00:00,5,Mouse_lodging_Vicente,Recreation Center,recreation,UMass Amherst,energy,60.0
2016-01-28 09:00:00,5,Mouse_lodging_Vicente,Recreation Center,recreation,UMass Amherst,energy,50.0
2016-01-28 10:00:00,5,Mouse_lodging_Vicente,Recreation Center,recreation,UMass Amherst,energy,60.0
2016-01-28 11:00:00,5,Mouse_lodging_Vicente,Recreation Center,recreation,UMass Amherst,energy,60.0
2016-01-28 12:00:00,5,Mouse_lodging_Vicente,Recreation Center,recreation,UMass Amherst,energy,60.0
2016-01-28 13:00:00,5,Mouse_lodging_Vicente,Recreation Center,recreation,UMass Amherst,energy,60.0
2016-01-28 14:00:00,5,Mouse_lodging_Vicente,Recreation Center,recreation,UMass Amherst,energy,60.0
2016-01-28 15:00:00,5,Mouse_lodging_Vicente,Recreation Center,recreation,UMass Amherst,energy,60.0
2016-01-28 16:00:00,5,Mouse_lodging_Vicente,Recreation Center,recreation,UMass Amherst,energy,50.0
2016-01-28 17:00:00,5,Mouse_lodging_Vicente,Recreation Center,recreation,UMass Amherst,energy,60.0
2016-01-28 18:00:00,5,Mouse_lodging_Vicente,Recreation Center,recreation,UMass Amherst,energy,60.0
2016-01-28 19:00:00,5,Mouse_lodging_Vicente,Recreation Center,recreation,UMass Amherst,energy,60.0
2016-01-28 20:00:00,5,Mouse_lodging_Vicente,Recreation Center,recreation,UMass Amherst,energy,50.0
2016-01-28 21:00:00,5,Mouse_lodging_Vicente,Recreation Center,recreation,UMass Amherst,energy,60.0
2016-01-28 22:00:00,5,Mouse_lodging_Vicente,Recreation Center,recreation,UMass Amherst,energy,50.0
2016-01-28 23:00:00,5,Mouse_lodging_Vicente,Recreation Center,recreation,UMass Amherst,energy,50.0
2016-01-29 00:00:00,5,Mouse_lodging_Vicente,Recreation Center,recreation,UMass Amherst,energy,40.0
2016-01-29 01:00:00,5,Mouse_lodging_Vicente,Recreation Center,recreation,UMass Amherst,energy,40.0
2016-01-29 02:00:00,5,Mouse_lodging_Vicente,Recreation Center,recreation,UMass Amherst,energy,40.0
2016-01-29 03:00:00,5,Mouse_lodging_Vicente,Recreation Center,recreation,UMass Amherst,energy,40.0
2016-01-29 04:00:00,5,Mouse_lodging_Vicente,Recreation Center,recreation,UMass Amherst,energy,40.0
2016-01-29 05:00:00,5,Mouse_lodging_Vicente,Recreation Center,recreation,UMass Amherst,energy,40.0
2016-01-29 06:00:00,5,Mouse_lodging_Vicente,Recreation Center,recreation,UMass Amherst,energy,40.0
2016-01-29 07:00:00,5,Mouse_lodging_Vicente,Recreation Center,recreation,UMass Amherst,energy,40.0
2016-01-29 08:00:00,5,Mouse_lodging_Vicente,Recreation Center,recreation,UMass Amherst,energy,50.0
2016-01-29 09:00:00,5,Mouse_lodging_Vicente,Recreation Center,recreation,UMass Amherst,energy,60.0
2016-01-29 10:00:00,5,Mouse_lodging_Vicente,Recreation Center,recreation,UMass Amherst,energy,60.0
2016-01-29 11:00:00,5,Mouse_lodging_Vicente,Recreation Center,recreation,UMass Amherst,energy,60.0
2016-01-29 12:00:00,5,Mouse_lodging_Vicente,Recreation Center,recreation,UMass Amherst,energy,60.0
2016-01-29 13:00:00,5,Mouse_lodging_Vicente,Recreation Center,recreation,UMass Amherst,energy,60.0
2016-01-29 14:00:00,5,Mouse_lodging_Vicente,Recreation Center,recreation,UMass Amherst,energy,50.0
2016-01-29 15:00:00,5,Mouse_lodging_Vicente,Recreation Center,recreation,UMass Amherst,energy,60.0
2016-01-29 16:00:00,5,Mouse_lodging_Vicente,Recreation Center,recreation,UMass Amherst,energy,60.0
2016-01-29 17:00:00,5,Mouse_lodging_Vicente,Recreation Center,recreation,UMass Amherst,energy,50.0
2016-01-29 18:00:00,5,Mouse_lodging_Vicente,Recreation Center,recreation,UMass Amherst,energy,50.0
2016-01-29 19:00:00,5,Mouse_lodging_Vicente,Recreation Center,recreation,UMass Amherst,energy,60.0
2016-01-29 20:00:00,5,Mouse_lodging_Vicente,Recreation Center,recreation,UMass Amherst,energy,40.0
2016-01-29 21:00:00,5,Mouse_lodging_Vicente,Recreation Center,recreation,UMass Amherst,energy,50.0
2016-01-29 22:00:00,5,Mouse_lodging_Vicente,Recreation Center,recreation,UMass Amherst,energy,50.0
2016-01-29 23:00:00,5,Mouse_lodging_Vicente,Recreation Center,recreation,UMass Amherst,energy,50.0
2016-01-30 00:00:00,5,Mouse_lodging_Vicente,Recreation Center,recreation,UMass Amherst,energy,40.0
2016-01-30 01:00:00,5,Mouse_lodging_Vicente,Recreation Center,recreation,UMass Amherst,energy,40.0
2016-01-30 02:00:00,5,Mouse_lodging_Vicente,Recreation Center,recreation,UMass Amherst,energy,40.0
2016-01-30 03:00:00,5,Mouse_lodging_Vicente,Recreation Center,recreation,UMass Amherst,energy,40.0
2016-01-30 04:00:00,5,Mouse_lodging_Vicente,Recreation Center,recreation,UMass Amherst,energy,40.0
2016-01-30 05:00:00,5,Mouse_lodging_Vicente,Recreation Center,recreation,UMass Amherst,energy,40.0
2016-01-30 06:00:00,5,Mouse_lodging_Vicente,Recreation Center,recreation,UMass Amherst,energy,30.0
2016-01-30 07:00:00,5,Mouse_lodging_Vicente,Recreation Center,recreation,UMass Amherst,energy,50.0
2016-01-30 08:00:00,5,Mouse_lodging_Vicente,Recreation Center,recreation,UMass Amherst,energy,40.0
2016-01-30 09:00:00,5,Mouse_lodging_Vicente,Recreation Center,recreation,UMass Amherst,energy,50.0
2016-01-30 10:00:00,5,Mouse_lodging_Vicente,Recreation Center,recreation,UMass Amherst,energy,50.0
2016-01-30 11:00:00,5,Mouse_lodging_Vicente,Recreation Center,recreation,UMass Amherst,energy,50.0
2016-01-30 12:00:00,5,Mouse_lodging_Vicente,Recreation Center,recreation,UMass Amherst,energy,50.0
2016-01-30 13:00:00,5,Mouse_lodging_Vicente,Recreation Center,recreation,UMass Amherst,energy,50.0
2016-01-30 14:00:00,5,Mouse_lodging_Vicente,Recreation Center,recreation,UMass Amherst,energy,50.0
2016-01-30 15:00:00,5,Mouse_lodging_Vicente,Recreation Center,recreation,UMass Amherst,energy,50.0
2016-01-30 16:00:00,5,Mouse_lodging_Vicente,Recreation Center,recreation,UMass Amherst,energy,50.0
2016-01-30 17:00:00,5,Mouse_lodging_Vicente,Recreation Center,recreation,UMass Amherst,energy,50.0
2016-01-30 18:00:00,5,Mouse_lodging_Vicente,Recreation Center,recreation,UMass Amherst,energy,50.0
2016-01-30 19:00:00,5,Mouse_lodging_Vicente,Recreation Center,recreation,UMass Amherst,energy,50.0
2016-01-30 20:00:00,5,Mouse_lodging_Vicente,Recreation Center,recreation,UMass Amherst,energy,50.0
2016-01-30 21:00:00,5,Mouse_lodging_Vicente,Recreation Center,recreation,UMass Amherst,energy,50.0
2016-01-30 22:00:00,5,Mouse_lodging_Vicente,Recreation Center,recreation,UMass Amherst,energy,50.0
2016-01-30 23:00:00,5,Mouse_lodging_Vicente,Recreation Center,recreation,UMass Amherst,energy,40.0
