timestamp,building_id,bdg2_building_name,display_name,building_type,campus,resource_type,value
2016-01-01 00:00:00,1,Mouse_science_Micheal,Lederle,research,UMass Amherst,co2,0.06728972
2016-01-01 01:00:00,1,Mouse_science_Micheal,Lederle,research,UMass Amherst,co2,0.13457944
2016-01-01 02:00:00,1,Mouse_science_Micheal,Lederle,research,UMass Amherst,co2,0.13457944
2016-01-01 03:00:00,1,Mouse_science_Micheal,Lederle,research,UMass Amherst,co2,0.13457944
2016-01-01 04:00:00,1,Mouse_science_Micheal,Lederle,research,UMass Amherst,co2,0.13457944
2016-01-01 05:00:00,1,Mouse_science_Micheal,Lederle,research,UMass Amherst,co2,0.13457944
2016-01-01 06:00:00,1,Mouse_science_Micheal,Lederle,research,UMass Amherst,co2,0.13457944
2016-01-01 07:00:00,1,Mouse_science_Micheal,Lederle,research,UMass Amherst,co2,0.13457944
2016-01-01 08:00:00,1,Mouse_science_Micheal,Lederle,research,UMass Amherst,co2,0.13457944
2016-01-01 09:00:00,1,Mouse_science_Micheal,Lederle,research,UMass Amherst,co2,0.13457944
2016-01-01 10:00:00,1,Mouse_science_Micheal,Lederle,research,UMass Amherst,co2,0.13457944
2016-01-01 11:00:00,1,Mouse_science_Micheal,Lederle,research,UMass Amherst,co2,0.13457944
2016-01-01 12:00:00,1,Mouse_science_Micheal,Lederle,research,UMass Amherst,co2,0.13457944
2016-01-01 13:00:00,1,Mouse_science_Micheal,Lederle,research,UMass Amherst,co2,0.13457944
2016-01-01 14:00:00,1,Mouse_science_Micheal,Lederle,research,UMass Amherst,co2,0.13457944
2016-01-01 15:00:00,1,Mouse_science_Micheal,Lederle,research,UMass Amherst,co2,0.13457944
2016-01-01 16:00:00,1,Mouse_science_Micheal,Lederle,research,UMass Amherst,co2,0.13457944
2016-01-01 17:00:00,1,Mouse_science_Micheal,Lederle,research,UMass Amherst,co2,0.13457944
2016-01-01 18:00:00,1,Mouse_science_Micheal,Lederle,research,UMass Amherst,co2,0.13457944
2016-01-01 19:00:00,1,Mouse_science_Micheal,Lederle,research,UMass Amherst,co2,0.13457944
2016-01-01 20:00:00,1,Mouse_science_Micheal,Lederle,research,UMass Amherst,co2,0.13457944
2016-01-01 21:00:00,1,Mouse_science_Micheal,Lederle,research,UMass Amherst,co2,0.13457944
2016-01-01 22:00:00,1,Mouse_science_Micheal,Lederle,research,UMass Amherst,co2,0.13457944
2016-01-01 23:00:00,1,Mouse_science_Micheal,Lederle,research,UMass Amherst,co2,0.13457944
2016-01-02 00:00:00,1,Mouse_science_Micheal,Lederle,research,UMass Amherst,co2,0.13457944
2016-01-02 01:00:00,1,Mouse_science_Micheal,Lederle,research,UMass Amherst,co2,0.13457944
2016-01-02 02:00:00,1,Mouse_science_Micheal,Lederle,research,UMass Amherst,co2,0.13457944
2016-01-02 03:00:00,1,Mouse_science_Micheal,Lederle,research,UMass Amherst,co2,0.13457944
2016-01-02 04:00:00,1,Mouse_science_Micheal,Lederle,research,UMass Amherst,co2,0.13457944
2016-01-02 05:00:00,1,Mouse_science_Micheal,Lederle,research,UMass Amherst,co2,0.13457944
2016-01-02 06:00:00,1,Mouse_science_Micheal,Lederle,research,UMass Amherst,co2,0.13457944
2016-01-02 07:00:00,1,Mouse_science_Micheal,Lederle,research,UMass Amherst,co2,0.13457944
2016-01-02 08:00:00,1,Mouse_science_Micheal,Lederle,research,UMass Amherst,co2,0.13457944
2016-01-02 09:00:00,1,Mouse_science_Micheal,Lederle,research,UMass Amherst,co2,0.13457944
2016-01-02 10:00:00,1,Mouse_science_Micheal,Lederle,research,UMass Amherst,co2,0.13457944
2016-01-02 11:00:00,1,Mouse_science_Micheal,Lederle,research,UMass Amherst,co2,0.13457944
2016-01-02 12:00:00,1,Mouse_science_Micheal,Lederle,research,UMass Amherst,co2,0.13457944
2016-01-02 13:00:00,1,Mouse_science_Micheal,Lederle,research,UMass Amherst,co2,0.13457944
2016-01-02 14:00:00,1,Mouse_science_Micheal,Lederle,research,UMass Amherst,co2,0.13457944
2016-01-02 15:00:00,1,Mouse_science_Micheal,Lederle,research,UMass Amherst,co2,0.13457944
2016-01-02 16:00:00,1,Mouse_science_Micheal,Lederle,research,UMass Amherst,co2,0.13457944
2016-01-02 17:00:00,1,Mouse_science_Micheal,Lederle,research,UMass Amherst,co2,0.13457944
2016-01-02 18:00:00,1,Mouse_science_Micheal,Lederle,research,UMass Amherst,co2,0.13457944
2016-01-02 19:00:00,1,Mouse_science_Micheal,Lederle,research,UMass Amherst,co2,0.13457944
2016-01-02 20:00:00,1,Mouse_science_Micheal,Lederle,research,UMass Amherst,co2,0.13457944
2016-01-02 21:00:00,1,Mouse_science_Micheal,Lederle,research,UMass Amherst,co2,0.13457944
2016-01-02 22:00:00,1,Mouse_science_Micheal,Lederle,research,UMass Amherst,co2,0.13457944
2016-01-02 23:00:00,1,Mouse_science_Micheal,Lederle,research,UMass Amherst,co2,0.13457944
2016-01-03 00:00:00,1,Mouse_science_Micheal,Lederle,research,UMass Amherst,co2,0.13457944
2016-01-03 01:00:00,1,Mouse_science_Micheal,Lederle,research,UMass Amherst,co2,0.13457944
2016-01-03 02:00:00,1,Mouse_science_Micheal,Lederle,research,UMass Amherst,co2,0.13457944
2016-01-03 03:00:00,1,Mouse_science_Micheal,Lederle,research,UMass Amherst,co2,0.13457944
2016-01-03 04:00:00,1,Mouse_science_Micheal,Lederle,research,UMass Amherst,co2,0.13457944
2016-01-03 05:00:00,1,Mouse_science_Micheal,Lederle,research,UMass Amherst,co2,0.13457944
2016-01-03 06:00:00,1,Mouse_science_Micheal,Lederle,research,UMass Amherst,co2,0.13457944
2016-01-03 07:00:00,1,Mouse_science_Micheal,Lederle,research,UMass Amherst,co2,0.13457944
2016-01-03 08:00:00,1,Mouse_science_Micheal,Lederle,research,UMass Amherst,co2,0.13457944
2016-01-03 09:00:00,1,Mouse_science_Micheal,Lederle,research,UMass Amherst,co2,0.13457944
2016-01-03 10:00:00,1,Mouse_science_Micheal,Lederle,research,UMass Amherst,co2,0.13457944
2016-01-03 11:00:00,1,Mouse_science_Micheal,Lederle,research,UMass Amherst,co2,0.13457944
2016-01-03 12:00:00,1,Mouse_science_Micheal,Lederle,research,UMass Amherst,co2,0.13457944
2016-01-03 13:00:00,1,Mouse_science_Micheal,Lederle,research,UMass Amherst,co2,0.13457944
2016-01-03 14:00:00,1,Mouse_science_Micheal,Lederle,research,UMass Amherst,co2,0.13457944
2016-01-03 15:00:00,1,Mouse_science_Micheal,Lederle,research,UMass Amherst,co2,0.13457944
2016-01-03 16:00:00,1,Mouse_science_Micheal,Lederle,research,UMass Amherst,co2,0.13457944
2016-01-03 17:00:00,1,Mouse_science_Micheal,Lederle,research,UMass Amherst,co2,0.13457944
2016-01-03 18:00:00,1,Mouse_science_Micheal,Lederle,research,UMass Amherst,co2,0.13457944
2016-01-03 19:00:00,1,Mouse_science_Micheal,Lederle,research,UMass Amherst,co2,0.13457944
2016-01-03 20:00:00,1,Mouse_science_Micheal,Lederle,research,UMass Amherst,co2,0.13457944
2016-01-03 21:00:00,1,Mouse_science_Micheal,Lederle,research,UMass Amherst,co2,0.13457944
2016-01-03 22:00:00,1,Mouse_science_Micheal,Lederle,research,UMass Amherst,co2,0.13457944
2016-01-03 23:00:00,1,Mouse_science_Micheal,Lederle,research,UMass Amherst,co2,0.13457944
2016-01-04 00:00:00,1,Mouse_science_Micheal,Lederle,research,UMass Amherst,co2,0.13457944
2016-01-04 01:00:00,1,Mouse_science_Micheal,Lederle,research,UMass Amherst,co2,0.13457944
2016-01-04 02:00:00,1,Mouse_science_Micheal,Lederle,research,UMass Amherst,co2,0.13457944
2016-01-04 03:00:00,1,Mouse_science_Micheal,Lederle,research,UMass Amherst,co2,0.13457944
2016-01-04 04:00:00,1,Mouse_science_Micheal,Lederle,research,UMass Amherst,co2,0.13457944
2016-01-04 05:00:00,1,Mouse_science_Micheal,Lederle,research,UMass Amherst,co2,0.13457944
2016-01-04 06:00:00,1,Mouse_science_Micheal,Lederle,research,UMass Amherst,co2,0.13457944
2016-01-04 07:00:00,1,Mouse_science_Micheal,Lederle,research,UMass Amherst,co2,0.13457944
2016-01-04 08:00:00,1,Mouse_science_Micheal,Lederle,research,UMass Amherst,co2,0.13457944
2016-01-04 09:00:00,1,Mouse_science_Micheal,Lederle,research,UMass Amherst,co2,0.13457944
2016-01-04 10:00:00,1,Mouse_science_Micheal,Lederle,research,UMass Amherst,co2,0.13457944
2016-01-04 11:00:00,1,Mouse_science_Micheal,Lederle,research,UMass Amherst,co2,0.13457944
2016-01-04 12:00:00,1,Mouse_science_Micheal,Lederle,research,UMass Amherst,co2,0.13457944
2016-01-04 13:00:00,1,Mouse_science_Micheal,Lederle,research,UMass Amherst,co2,0.13457944
2016-01-04 14:00:00,1,Mouse_science_Micheal,Lederle,research,UMass Amherst,co2,0.13457944
2016-01-04 15:00:00,1,Mouse_science_Micheal,Lederle,research,UMass Amherst,co2,0.13457944
2016-01-04 16:00:00,1,Mouse_science_Micheal,Lederle,research,UMass Amherst,co2,0.13457944
2016-01-04 17:00:00,1,Mouse_science_Micheal,Lederle,research,UMass Amherst,co2,0.13457944
2016-01-04 18:00:00,1,Mouse_science_Micheal,Lederle,research,UMass Amherst,co2,0.13457944
2016-01-04 19:00:00,1,Mouse_science_Micheal,Lederle,research,UMass Amherst,co2,0.13457944
2016-01-04 20:00:00,1,Mouse_science_Micheal,Lederle,research,UMass Amherst,co2,0.13457944
2016-01-04 21:00:00,1,Mouse_science_Micheal,Lederle,research,UMass Amherst,co2,0.13457944
2016-01-04 22:00:00,1,Mouse_science_Micheal,Lederle,research,UMass Amherst,co2,0.13457944
2016-01-04 23:00:00,1,Mouse_science_Micheal,Lederle,research,UMass Amherst,co2,0.13457944
2016-01-05 00:00:00,1,Mouse_science_Micheal,Lederle,research,UMass Amherst,co2,0.13457944
2016-01-05 01:00:00,1,Mouse_science_Micheal,Lederle,research,UMass Amherst,co2,0.13457944
2016-01-05 02:00:00,1,Mouse_science_Micheal,Lederle,research,UMass Amherst,co2,0.13457944
2016-01-05 03:00:00,1,Mouse_science_Micheal,Lederle,research,UMass Amherst,co2,0.13457944
2016-01-05 04:00:00,1,Mouse_science_Micheal,Lederle,research,UMass Amherst,co2,0.13457944
2016-01-05 05:00:00,1,Mouse_science_Micheal,Lederle,research,UMass Amherst,co2,0.13457944
2016-01-05 06:00:00,1,Mouse_science_Micheal,Lederle,research,UMass Amherst,co2,0.13457944
2016-01-05 07:00:00,1,Mouse_science_Micheal,Lederle,research,UMass Amherst,co2,0.13457944
2016-01-05 08:00:00,1,Mouse_science_Micheal,Lederle,research,UMass Amherst,co2,0.13457944
2016-01-05 09:00:00,1,Mouse_science_Micheal,Lederle,research,UMass Amherst,co2,0.13457944
2016-01-05 10:00:00,1,Mouse_science_Micheal,Lederle,research,UMass Amherst,co2,0.13457944
2016-01-05 11:00:00,1,Mouse_science_Micheal,Lederle,research,UMass Amherst,co2,0.13457944
2016-01-05 12:00:00,1,Mouse_science_Micheal,Lederle,research,UMass Amherst,co2,0.13457944
2016-01-05 13:00:00,1,Mouse_science_Micheal,Lederle,research,UMass Amherst,co2,0.13457944
2016-01-05 14:00:00,1,Mouse_science_Micheal,Lederle,research,UMass Amherst,co2,0.13457944
2016-01-05 15:00:00,1,Mouse_science_Micheal,Lederle,research,UMass Amherst,co2,0.13457944
2016-01-05 16:00:00,1,Mouse_science_Micheal,Lederle,research,UMass Amherst,co2,0.13457944
2016-01-05 17:00:00,1,Mouse_science_Micheal,Lederle,research,UMass Amherst,co2,0.13457944
2016-01-05 18:00:00,1,Mouse_science_Micheal,Lederle,research,UMass Amherst,co2,0.13457944
2016-01-05 19:00:00,1,Mouse_science_Micheal,Lederle,research,UMass Amherst,co2,0.13457944
2016-01-05 20:00:00,1,Mouse_science_Micheal,Lederle,research,UMass Amherst,co2,0.13457944
2016-01-05 21:00:00,1,Mouse_science_Micheal,Lederle,research,UMass Amherst,co2,0.13457944
2016-01-05 22:00:00,1,Mouse_science_Micheal,Lederle,research,UMass Amherst,co2,0.13457944
2016-01-05 23:00:00,1,Mouse_science_Micheal,Lederle,research,UMass Amherst,co2,0.13457944
2016-01-06 00:00:00,1,Mouse_science_Micheal,Lederle,research,UMass Amherst,co2,0.13457944
2016-01-06 01:00:00,1,Mouse_science_Micheal,Lederle,research,UMass Amherst,co2,0.13457944
2016-01-06 02:00:00,1,Mouse_science_Micheal,Lederle,research,UMass Amherst,co2,0.13457944
2016-01-06 03:00:00,1,Mouse_science_Micheal,Lederle,research,UMass Amherst,co2,0.13457944
2016-01-06 04:00:00,1,Mouse_science_Micheal,Lederle,research,UMass Amherst,co2,0.13457944
2016-01-06 05:00:00,1,Mouse_science_Micheal,Lederle,research,UMass Amherst,co2,0.13457944
2016-01-06 06:00:00,1,Mouse_science_Micheal,Lederle,research,UMass Amherst,co2,0.13457944
2016-01-06 07:00:00,1,Mouse_science_Micheal,Lederle,research,UMass Amherst,co2,0.13457944
2016-01-06 08:00:00,1,Mouse_science_Micheal,Lederle,research,UMass Amherst,co2,0.13457944
2016-01-06 09:00:00,1,Mouse_science_Micheal,Lederle,research,UMass Amherst,co2,0.13457944
2016-01-06 10:00:00,1,Mouse_science_Micheal,Lederle,research,UMass Amherst,co2,0.13457944
2016-01-06 11:00:00,1,Mouse_science_Micheal,Lederle,research,UMass Amherst,co2,0.13457944
2016-01-06 12:00:00,1,Mouse_science_Micheal,Lederle,research,UMass Amherst,co2,0.13457944
2016-01-06 13:00:00,1,Mouse_science_Micheal,Lederle,research,UMass Amherst,co2,0.13457944
2016-01-06 14:00:00,1,Mouse_science_Micheal,Lederle,research,UMass Amherst,co2,0.13457944
2016-01-06 15:00:00,1,Mouse_science_Micheal,Lederle,research,UMass Amherst,co2,0.13457944
2016-01-06 16:00:00,1,Mouse_science_Micheal,Lederle,research,UMass Amherst,co2,0.13457944
2016-01-06 17:00:00,1,Mouse_science_Micheal,Lederle,research,UMass Amherst,co2,0.13457944
2016-01-06 18:00:00,1,Mouse_science_Micheal,Lederle,research,UMass Amherst,co2,0.13457944
2016-01-06 19:00:00,1,Mouse_science_Micheal,Lederle,research,UMass Amherst,co2,0.13457944
2016-01-06 20:00:00,1,Mouse_science_Micheal,Lederle,research,UMass Amherst,co2,0.13457944
2016-01-06 21:00:00,1,Mouse_science_Micheal,Lederle,research,UMass Amherst,co2,0.13457944
2016-01-06 22:00:00,1,Mouse_science_Micheal,Lederle,research,UMass Amherst,co2,0.13457944
2016-01-06 23:00:00,1,Mouse_science_Micheal,Lederle,research,UMass Amherst,co2,0.13457944
2016-01-07 00:00:00,1,Mouse_science_Micheal,Lederle,research,UMass Amherst,co2,0.13457944
2016-01-07 01:00:00,1,Mouse_science_Micheal,Lederle,research,UMass Amherst,co2,0.13457944
2016-01-07 02:00:00,1,Mouse_science_Micheal,Lederle,research,UMass Amherst,co2,0.13457944
2016-01-07 03:00:00,1,Mouse_science_Micheal,Lederle,research,UMass Amherst,co2,0.13457944
2016-01-07 04:00:00,1,Mouse_science_Micheal,Lederle,research,UMass Amherst,co2,0.13457944
2016-01-07 05:00:00,1,Mouse_science_Micheal,Lederle,research,UMass Amherst,co2,0.13457944
2016-01-07 06:00:00,1,Mouse_science_Micheal,Lederle,research,UMass Amherst,co2,0.13457944
2016-01-07 07:00:00,1,Mouse_science_Micheal,Lederle,research,UMass Amherst,co2,0.13457944
2016-01-07 08:00:00,1,Mouse_science_Micheal,Lederle,research,UMass Amherst,co2,0.13457944
2016-01-07 09:00:00,1,Mouse_science_Micheal,Lederle,research,UMass Amherst,co2,0.13457944
2016-01-07 10:00:00,1,Mouse_science_Micheal,Lederle,research,UMass Amherst,co2,0.13457944
2016-01-07 11:00:00,1,Mouse_science_Micheal,Lederle,research,UMass Amherst,co2,0.13457944
2016-01-07 12:00:00,1,Mouse_science_Micheal,Lederle,research,UMass Amherst,co2,0.13457944
2016-01-07 13:00:00,1,Mouse_science_Micheal,Lederle,research,UMass Amherst,co2,0.13457944
2016-01-07 14:00:00,1,Mouse_science_Micheal,Lederle,research,UMass Amherst,co2,0.13457944
2016-01-07 15:00:00,1,Mouse_science_Micheal,Lederle,research,UMass Amherst,co2,0.13457944
2016-01-07 16:00:00,1,Mouse_science_Micheal,Lederle,research,UMass Amherst,co2,0.13457944
2016-01-07 17:00:00,1,Mouse_science_Micheal,Lederle,research,UMass Amherst,co2,0.13457944
2016-01-07 18:00:00,1,Mouse_science_Micheal,Lederle,research,UMass Amherst,co2,0.13457944
2016-01-07 19:00:00,1,Mouse_science_Micheal,Lederle,research,UMass Amherst,co2,0.13457944
2016-01-07 20:00:00,1,Mouse_science_Micheal,Lederle,research,UMass Amherst,co2,0.13457944
2016-01-07 21:00:00,1,Mouse_science_Micheal,Lederle,research,UMass Amherst,co2,0.13457944
2016-01-07 22:00:00,1,Mouse_science_Micheal,Lederle,research,UMass Amherst,co2,0.13457944
2016-01-07 23:00:00,1,Mouse_science_Micheal,Lederle,research,UMass Amherst,co2,0.13457944
2016-01-08 00:00:00,1,Mouse_science_Micheal,Lederle,research,UMass Amherst,co2,0.13457944
2016-01-08 01:00:00,1,Mouse_science_Micheal,Lederle,research,UMass Amherst,co2,0.13457944
2016-01-08 02:00:00,1,Mouse_science_Micheal,Lederle,research,UMass Amherst,co2,0.13457944
2016-01-08 03:00:00,1,Mouse_science_Micheal,Lederle,research,UMass Amherst,co2,0.13457944
2016-01-08 04:00:00,1,Mouse_science_Micheal,Lederle,research,UMass Amherst,co2,0.13457944
2016-01-08 05:00:00,1,Mouse_science_Micheal,Lederle,research,UMass Amherst,co2,0.13457944
2016-01-08 06:00:00,1,Mouse_science_Micheal,Lederle,research,UMass Amherst,co2,0.13457944
2016-01-08 07:00:00,1,Mouse_science_Micheal,Lederle,research,UMass Amherst,co2,0.13457944
2016-01-08 08:00:00,1,Mouse_science_Micheal,Lederle,research,UMass Amherst,co2,0.13457944
2016-01-08 09:00:00,1,Mouse_science_Micheal,Lederle,research,UMass Amherst,co2,0.13457944
2016-01-08 10:00:00,1,Mouse_science_Micheal,Lederle,research,UMass Amherst,co2,0.13457944
2016-01-08 11:00:00,1,Mouse_science_Micheal,Lederle,research,UMass Amherst,co2,0.13457944
2016-01-08 12:00:00,1,Mouse_science_Micheal,Lederle,research,UMass Amherst,co2,0.13457944
2016-01-08 13:00:00,1,Mouse_science_Micheal,Lederle,research,UMass Amherst,co2,0.13457944
2016-01-08 14:00:00,1,Mouse_science_Micheal,Lederle,research,UMass Amherst,co2,0.13457944
2016-01-08 15:00:00,1,Mouse_science_Micheal,Lederle,research,UMass Amherst,co2,0.13457944
2016-01-08 16:00:00,1,Mouse_science_Micheal,Lederle,research,UMass Amherst,co2,0.13457944
2016-01-08 17:00:00,1,Mouse_science_Micheal,Lederle,research,UMass Amherst,co2,0.13457944
2016-01-08 18:00:00,1,Mouse_science_Micheal,Lederle,research,UMass Amherst,co2,0.13457944
2016-01-08 19:00:00,1,Mouse_science_Micheal,Lederle,research,UMass Amherst,co2,0.13457944
2016-01-08 20:00:00,1,Mouse_science_Micheal,Lederle,research,UMass Amherst,co2,0.13457944
2016-01-08 21:00:00,1,Mouse_science_Micheal,Lederle,research,UMass Amherst,co2,0.13457944
2016-01-08 22:00:00,1,Mouse_science_Micheal,Lederle,research,UMass Amherst,co2,0.13457944
2016-01-08 23:00:00,1,Mouse_science_Micheal,Lederle,research,UMass Amherst,co2,0.13457944
2016-01-09 00:00:00,1,Mouse_science_Micheal,Lederle,research,UMass Amherst,co2,0.13457944
2016-01-09 01:00:00,1,Mouse_science_Micheal,Lederle,research,UMass Amherst,co2,0.13457944
2016-01-09 02:00:00,1,Mouse_science_Micheal,Lederle,research,UMass Amherst,co2,0.13457944
2016-01-09 03:00:00,1,Mouse_science_Micheal,Lederle,research,UMass Amherst,co2,0.13457944
2016-01-09 04:00:00,1,Mouse_science_Micheal,Lederle,research,UMass Amherst,co2,0.13457944
2016-01-09 05:00:00,1,Mouse_science_Micheal,Lederle,research,UMass Amherst,co2,0.13457944
2016-01-09 06:00:00,1,Mouse_science_Micheal,Lederle,research,UMass Amherst,co2,0.13457944
2016-01-09 07:00:00,1,Mouse_science_Micheal,Lederle,research,UMass Amherst,co2,0.13457944
2016-01-09 08:00:00,1,Mouse_science_Micheal,Lederle,research,UMass Amherst,co2,0.13457944
2016-01-09 09:00:00,1,Mouse_science_Micheal,Lederle,research,UMass Amherst,co2,0.13457944
2016-01-09 10:00:00,1,Mouse_science_Micheal,Lederle,research,UMass Amherst,co2,0.13457944
2016-01-09 11:00:00,1,Mouse_science_Micheal,Lederle,research,UMass Amherst,co2,0.13457944
2016-01-09 12:00:00,1,Mouse_science_Micheal,Lederle,research,UMass Amherst,co2,0.13457944
2016-01-09 13:00:00,1,Mouse_science_Micheal,Lederle,research,UMass Amherst,co2,0.13457944
2016-01-09 14:00:00,1,Mouse_science_Micheal,Lederle,research,UMass Amherst,co2,0.13457944
2016-01-09 15:00:00,1,Mouse_science_Micheal,Lederle,research,UMass Amherst,co2,0.13457944
2016-01-09 16:00:00,1,Mouse_science_Micheal,Lederle,research,UMass Amherst,co2,0.13457944
2016-01-09 17:00:00,1,Mouse_science_Micheal,Lederle,research,UMass Amherst,co2,0.13457944
2016-01-09 18:00:00,1,Mouse_science_Micheal,Lederle,research,UMass Amherst,co2,0.13457944
2016-01-09 19:00:00,1,Mouse_science_Micheal,Lederle,research,UMass Amherst,co2,0.13457944
2016-01-09 20:00:00,1,Mouse_science_Micheal,Lederle,research,UMass Amherst,co2,0.13457944
2016-01-09 21:00:00,1,Mouse_science_Micheal,Lederle,research,UMass Amherst,co2,0.13457944
2016-01-09 22:00:00,1,Mouse_science_Micheal,Lederle,research,UMass Amherst,co2,0.13457944
2016-01-09 23:00:00,1,Mouse_science_Micheal,Lederle,research,UMass Amherst,co2,0.13457944
2016-01-10 00:00:00,1,Mouse_science_Micheal,Lederle,research,UMass Amherst,co2,0.13457944
2016-01-10 01:00:00,1,Mouse_science_Micheal,Lederle,research,UMass Amherst,co2,0.13457944
2016-01-10 02:00:00,1,Mouse_science_Micheal,Lederle,research,UMass Amherst,co2,0.13457944
2016-01-10 03:00:00,1,Mouse_science_Micheal,Lederle,research,UMass Amherst,co2,0.13457944
2016-01-10 04:00:00,1,Mouse_science_Micheal,Lederle,research,UMass Amherst,co2,0.13457944
2016-01-10 05:00:00,1,Mouse_science_Micheal,Lederle,research,UMass Amherst,co2,0.13457944
2016-01-10 06:00:00,1,Mouse_science_Micheal,Lederle,research,UMass Amherst,co2,0.13457944
2016-01-10 07:00:00,1,Mouse_science_Micheal,Lederle,research,UMass Amherst,co2,0.13457944
2016-01-10 08:00:00,1,Mouse_science_Micheal,Lederle,research,UMass Amherst,co2,0.13457944
2016-01-10 09:00:00,1,Mouse_science_Micheal,Lederle,research,UMass Amherst,co2,0.13457944
2016-01-10 10:00:00,1,Mouse_science_Micheal,Lederle,research,UMass Amherst,co2,0.13457944
2016-01-10 11:00:00,1,Mouse_science_Micheal,Lederle,research,UMass Amherst,co2,0.13457944
2016-01-10 12:00:00,1,Mouse_science_Micheal,Lederle,research,UMass Amherst,co2,0.13457944
2016-01-10 13:00:00,1,Mouse_science_Micheal,Lederle,research,UMass Amherst,co2,0.13457944
2016-01-10 14:00:00,1,Mouse_science_Micheal,Lederle,research,UMass Amherst,co2,0.13457944
2016-01-10 15:00:00,1,Mouse_science_Micheal,Lederle,research,UMass Amherst,co2,0.13457944
2016-01-10 16:00:00,1,Mouse_science_Micheal,Lederle,research,UMass Amherst,co2,0.13457944
2016-01-10 17:00:00,1,Mouse_science_Micheal,Lederle,research,UMass Amherst,co2,0.13457944
2016-01-10 18:00:00,1,Mouse_science_Micheal,Lederle,research,UMass Amherst,co2,0.13457944
2016-01-10 19:00:00,1,Mouse_science_Micheal,Lederle,research,UMass Amherst,co2,0.13457944
2016-01-10 20:00:00,1,Mouse_science_Micheal,Lederle,research,UMass Amherst,co2,0.13457944
2016-01-10 21:00:00,1,Mouse_science_Micheal,Lederle,research,UMass Amherst,co2,0.13457944
2016-01-10 22:00:00,1,Mouse_science_Micheal,Lederle,research,UMass Amherst,co2,0.13457944
2016-01-10 23:00:00,1,Mouse_science_Micheal,Lederle,research,UMass Amherst,co2,0.13457944
2016-01-11 00:00:00,1,Mouse_science_Micheal,Lederle,research,UMass Amherst,co2,0.13457944
2016-01-11 01:00:00,1,Mouse_science_Micheal,Lederle,research,UMass Amherst,co2,0.13457944
2016-01-11 02:00:00,1,Mouse_science_Micheal,Lederle,research,UMass Amherst,co2,0.13457944
2016-01-11 03:00:00,1,Mouse_science_Micheal,Lederle,research,UMass Amherst,co2,0.13457944
2016-01-11 04:00:00,1,Mouse_science_Micheal,Lederle,research,UMass Amherst,co2,0.13457944
2016-01-11 05:00:00,1,Mouse_science_Micheal,Lederle,research,UMass Amherst,co2,0.13457944
2016-01-11 06:00:00,1,Mouse_science_Micheal,Lederle,research,UMass Amherst,co2,0.13457944
2016-01-11 07:00:00,1,Mouse_science_Micheal,Lederle,research,UMass Amherst,co2,0.13457944
2016-01-11 08:00:00,1,Mouse_science_Micheal,Lederle,research,UMass Amherst,co2,0.13457944
2016-01-11 09:00:00,1,Mouse_science_Micheal,Lederle,research,UMass Amherst,co2,0.13457944
2016-01-11 10:00:00,1,Mouse_science_Micheal,Lederle,research,UMass Amherst,co2,0.13457944
2016-01-11 11:00:00,1,Mouse_science_Micheal,Lederle,research,UMass Amherst,co2,0.13457944
2016-01-11 12:00:00,1,Mouse_science_Micheal,Lederle,research,UMass Amherst,co2,0.13457944
2016-01-11 13:00:00,1,Mouse_science_Micheal,Lederle,research,UMass Amherst,co2,0.13457944
2016-01-11 14:00:00,1,Mouse_science_Micheal,Lederle,research,UMass Amherst,co2,0.13457944
2016-01-11 15:00:00,1,Mouse_science_Micheal,Lederle,research,UMass Amherst,co2,0.13457944
2016-01-11 16:00:00,1,Mouse_science_Micheal,Lederle,research,UMass Amherst,co2,0.13457944
2016-01-11 17:00:00,1,Mouse_science_Micheal,Lederle,research,UMass Amherst,co2,0.13457944
2016-01-11 18:00:00,1,Mouse_science_Micheal,Lederle,research,UMass Amherst,co2,0.13457944
2016-01-11 19:00:00,1,Mouse_science_Micheal,Lederle,research,UMass Amherst,co2,0.13457944
2016-01-11 20:00:00,1,Mouse_science_Micheal,Lederle,research,UMass Amherst,co2,0.13457944
2016-01-11 21:00:00,1,Mouse_science_Micheal,Lederle,research,UMass Amherst,co2,0.13457944
2016-01-11 22:00:00,1,Mouse_science_Micheal,Lederle,research,UMass Amherst,co2,0.13457944
2016-01-11 23:00:00,1,Mouse_science_Micheal,Lederle,research,UMass Amherst,co2,0.13457944
2016-01-12 00:00:00,1,Mouse_science_Micheal,Lederle,research,UMass Amherst,co2,0.13457944
2016-01-12 01:00:00,1,Mouse_science_Micheal,Lederle,research,UMass Amherst,co2,0.13457944
2016-01-12 02:00:00,1,Mouse_science_Micheal,Lederle,research,UMass Amherst,co2,0.13457944
2016-01-12 03:00:00,1,Mouse_science_Micheal,Lederle,research,UMass Amherst,co2,0.13457944
2016-01-12 04:00:00,1,Mouse_science_Micheal,Lederle,research,UMass Amherst,co2,0.13457944
2016-01-12 05:00:00,1,Mouse_science_Micheal,Lederle,research,UMass Amherst,co2,0.13457944
2016-01-12 06:00:00,1,Mouse_science_Micheal,Lederle,research,UMass Amherst,co2,0.13457944
2016-01-12 07:00:00,1,Mouse_science_Micheal,Lederle,research,UMass Amherst,co2,0.13457944
2016-01-12 08:00:00,1,Mouse_science_Micheal,Lederle,research,UMass Amherst,co2,0.13457944
2016-01-12 09:00:00,1,Mouse_science_Micheal,Lederle,research,UMass Amherst,co2,0.13457944
2016-01-12 10:00:00,1,Mouse_science_Micheal,Lederle,research,UMass Amherst,co2,0.13457944
2016-01-12 11:00:00,1,Mouse_science_Micheal,Lederle,research,UMass Amherst,co2,0.13457944
2016-01-12 12:00:00,1,Mouse_science_Micheal,Lederle,research,UMass Amherst,co2,0.13457944
2016-01-12 13:00:00,1,Mouse_science_Micheal,Lederle,research,UMass Amherst,co2,0.13457944
2016-01-12 14:00:00,1,Mouse_science_Micheal,Lederle,research,UMass Amherst,co2,0.13457944
2016-01-12 15:00:00,1,Mouse_science_Micheal,Lederle,research,UMass Amherst,co2,0.13457944
2016-01-12 16:00:00,1,Mouse_science_Micheal,Lederle,research,UMass Amherst,co2,0.13457944
2016-01-12 17:00:00,1,Mouse_science_Micheal,Lederle,research,UMass Amherst,co2,0.13457944
2016-01-12 18:00:00,1,Mouse_science_Micheal,Lederle,research,UMass Amherst,co2,0.13457944
2016-01-12 19:00:00,1,Mouse_science_Micheal,Lederle,research,UMass Amherst,co2,0.13457944
2016-01-12 20:00:00,1,Mouse_science_Micheal,Lederle,research,UMass Amherst,co2,0.13457944
2016-01-12 21:00:00,1,Mouse_science_Micheal,Lederle,research,UMass Amherst,co2,0.13457944
2016-01-12 22:00:00,1,Mouse_science_Micheal,Lederle,research,UMass Amherst,co2,0.13457944
2016-01-12 23:00:00,1,Mouse_science_Micheal,Lederle,research,UMass Amherst,co2,0.13457944
2016-01-13 00:00:00,1,Mouse_science_Micheal,Lederle,research,UMass Amherst,co2,0.13457944
2016-01-13 01:00:00,1,Mouse_science_Micheal,Lederle,research,UMass Amherst,co2,0.13457944
2016-01-13 02:00:00,1,Mouse_science_Micheal,Lederle,research,UMass Amherst,co2,0.13457944
2016-01-13 03:00:00,1,Mouse_science_Micheal,Lederle,research,UMass Amherst,co2,0.13457944
2016-01-13 04:00:00,1,Mouse_science_Micheal,Lederle,research,UMass Amherst,co2,0.13457944
2016-01-13 05:00:00,1,Mouse_science_Micheal,Lederle,research,UMass Amherst,co2,0.13457944
2016-01-13 06:00:00,1,Mouse_science_Micheal,Lederle,research,UMass Amherst,co2,0.13457944
2016-01-13 07:00:00,1,Mouse_science_Micheal,Lederle,research,UMass Amherst,co2,0.13457944
2016-01-13 08:00:00,1,Mouse_science_Micheal,Lederle,research,UMass Amherst,co2,0.13457944
2016-01-13 09:00:00,1,Mouse_science_Micheal,Lederle,research,UMass Amherst,co2,0.13457944
2016-01-13 10:00:00,1,Mouse_science_Micheal,Lederle,research,UMass Amherst,co2,0.13457944
2016-01-13 11:00:00,1,Mouse_science_Micheal,Lederle,research,UMass Amherst,co2,0.13457944
2016-01-13 12:00:00,1,Mouse_science_Micheal,Lederle,research,UMass Amherst,co2,0.13457944
2016-01-13 13:00:00,1,Mouse_science_Micheal,Lederle,research,UMass Amherst,co2,0.13457944
2016-01-13 14:00:00,1,Mouse_science_Micheal,Lederle,research,UMass Amherst,co2,0.13457944
2016-01-13 15:00:00,1,Mouse_science_Micheal,Lederle,research,UMass Amherst,co2,0.13457944
2016-01-13 16:00:00,1,Mouse_science_Micheal,Lederle,research,UMass Amherst,co2,0.13457944
2016-01-13 17:00:00,1,Mouse_science_Micheal,Lederle,research,UMass Amherst,co2,0.13457944
2016-01-13 18:00:00,1,Mouse_science_Micheal,Lederle,research,UMass Amherst,co2,0.13457944
2016-01-13 19:00:00,1,Mouse_science_Micheal,Lederle,research,UMass Amherst,co2,0.13457944
2016-01-13 20:00:00,1,Mouse_science_Micheal,Lederle,research,UMass Amherst,co2,0.13457944
2016-01-13 21:00:00,1,Mouse_science_Micheal,Lederle,research,UMass Amherst,co2,0.13457944
2016-01-13 22:00:00,1,Mouse_science_Micheal,Lederle,research,UMass Amherst,co2,0.13457944
2016-01-13 23:00:00,1,Mouse_science_Micheal,Lederle,research,UMass Amherst,co2,0.13457944
2016-01-14 00:00:00,1,Mouse_science_Micheal,Lederle,research,UMass Amherst,co2,0.13457944
2016-01-14 01:00:00,1,Mouse_science_Micheal,Lederle,research,UMass Amherst,co2,0.13457944
2016-01-14 02:00:00,1,Mouse_science_Micheal,Lederle,research,UMass Amherst,co2,0.13457944
2016-01-14 03:00:00,1,Mouse_science_Micheal,Lederle,research,UMass Amherst,co2,0.13457944
2016-01-14 04:00:00,1,Mouse_science_Micheal,Lederle,research,UMass Amherst,co2,0.13457944
2016-01-14 05:00:00,1,Mouse_science_Micheal,Lederle,research,UMass Amherst,co2,0.13457944
2016-01-14 06:00:00,1,Mouse_science_Micheal,Lederle,research,UMass Amherst,co2,0.13457944
2016-01-14 07:00:00,1,Mouse_science_Micheal,Lederle,research,UMass Amherst,co2,0.13457944
2016-01-14 08:00:00,1,Mouse_science_Micheal,Lederle,research,UMass Amherst,co2,0.13457944
2016-01-14 09:00:00,1,Mouse_science_Micheal,Lederle,research,UMass Amherst,co2,0.13457944
2016-01-14 10:00:00,1,Mouse_science_Micheal,Lederle,research,UMass Amherst,co2,0.13457944
2016-01-14 11:00:00,1,Mouse_science_Micheal,Lederle,research,UMass Amherst,co2,0.13457944
2016-01-14 12:00:00,1,Mouse_science_Micheal,Lederle,research,UMass Amherst,co2,0.13457944
2016-01-14 13:00:00,1,Mouse_science_Micheal,Lederle,research,UMass Amherst,co2,0.13457944
2016-01-14 14:00:00,1,Mouse_science_Micheal,Lederle,research,UMass Amherst,co2,0.13457944
2016-01-14 15:00:00,1,Mouse_science_Micheal,Lederle,research,UMass Amherst,co2,0.13457944
2016-01-14 16:00:00,1,Mouse_science_Micheal,Lederle,research,UMass Amherst,co2,0.13457944
2016-01-14 17:00:00,1,Mouse_science_Micheal,Lederle,research,UMass Amherst,co2,0.13457944
2016-01-14 18:00:00,1,Mouse_science_Micheal,Lederle,research,UMass Amherst,co2,0.13457944
2016-01-14 19:00:00,1,Mouse_science_Micheal,Lederle,research,UMass Amherst,co2,0.13457944
2016-01-14 20:00:00,1,Mouse_science_Micheal,Lederle,research,UMass Amherst,co2,0.13457944
2016-01-14 21:00:00,1,Mouse_science_Micheal,Lederle,research,UMass Amherst,co2,0.13457944
2016-01-14 22:00:00,1,Mouse_science_Micheal,Lederle,research,UMass Amherst,co2,0.13457944
2016-01-14 23:00:00,1,Mouse_science_Micheal,Lederle,research,UMass Amherst,co2,0.13457944
2016-01-15 00:00:00,1,Mouse_science_Micheal,Lederle,research,UMass Amherst,co2,0.13457944
2016-01-15 01:00:00,1,Mouse_science_Micheal,Lederle,research,UMass Amherst,co2,0.13457944
2016-01-15 02:00:00,1,Mouse_science_Micheal,Lederle,research,UMass Amherst,co2,0.13457944
2016-01-15 03:00:00,1,Mouse_science_Micheal,Lederle,research,UMass Amherst,co2,0.13457944
2016-01-15 04:00:00,1,Mouse_science_Micheal,Lederle,research,UMass Amherst,co2,0.13457944
2016-01-15 05:00:00,1,Mouse_science_Micheal,Lederle,research,UMass Amherst,co2,0.13457944
2016-01-15 06:00:00,1,Mouse_science_Micheal,Lederle,research,UMass Amherst,co2,0.13457944
2016-01-15 07:00:00,1,Mouse_science_Micheal,Lederle,research,UMass Amherst,co2,0.13457944
2016-01-15 08:00:00,1,Mouse_science_Micheal,Lederle,research,UMass Amherst,co2,0.13457944
2016-01-15 09:00:00,1,Mouse_science_Micheal,Lederle,research,UMass Amherst,co2,0.13457944
2016-01-15 10:00:00,1,Mouse_science_Micheal,Lederle,research,UMass Amherst,co2,0.13457944
2016-01-15 11:00:00,1,Mouse_science_Micheal,Lederle,research,UMass Amherst,co2,0.13457944
2016-01-15 12:00:00,1,Mouse_science_Micheal,Lederle,research,UMass Amherst,co2,0.13457944
2016-01-15 13:00:00,1,Mouse_science_Micheal,Lederle,research,UMass Amherst,co2,0.13457944
2016-01-15 14:00:00,1,Mouse_science_Micheal,Lederle,research,UMass Amherst,co2,0.13457944
2016-01-15 15:00:00,1,Mouse_science_Micheal,Lederle,research,UMass Amherst,co2,0.13457944
2016-01-15 16:00:00,1,Mouse_science_Micheal,Lederle,research,UMass Amherst,co2,0.13457944
2016-01-15 17:00:00,1,Mouse_science_Micheal,Lederle,research,UMass Amherst,co2,0.13457944
2016-01-15 18:00:00,1,Mouse_science_Micheal,Lederle,research,UMass Amherst,co2,0.13457944
2016-01-15 19:00:00,1,Mouse_science_Micheal,Lederle,research,UMass Amherst,co2,0.13457944
2016-01-15 20:00:00,1,Mouse_science_Micheal,Lederle,research,UMass Amherst,co2,0.13457944
2016-01-15 21:00:00,1,Mouse_science_Micheal,Lederle,research,UMass Amherst,co2,0.13457944
2016-01-15 22:00:00,1,Mouse_science_Micheal,Lederle,research,UMass Amherst,co2,0.13457944
2016-01-15 23:00:00,1,Mouse_science_Micheal,Lederle,research,UMass Amherst,co2,0.13457944
2016-01-16 00:00:00,1,Mouse_science_Micheal,Lederle,research,UMass Amherst,co2,0.13457944
2016-01-16 01:00:00,1,Mouse_science_Micheal,Lederle,research,UMass Amherst,co2,0.13457944
2016-01-16 02:00:00,1,Mouse_science_Micheal,Lederle,research,UMass Amherst,co2,0.13457944
2016-01-16 03:00:00,1,Mouse_science_Micheal,Lederle,research,UMass Amherst,co2,0.13457944
2016-01-16 04:00:00,1,Mouse_science_Micheal,Lederle,research,UMass Amherst,co2,0.13457944
2016-01-16 05:00:00,1,Mouse_science_Micheal,Lederle,research,UMass Amherst,co2,0.13457944
2016-01-16 06:00:00,1,Mouse_science_Micheal,Lederle,research,UMass Amherst,co2,0.13457944
2016-01-16 07:00:00,1,Mouse_science_Micheal,Lederle,research,UMass Amherst,co2,0.13457944
2016-01-16 08:00:00,1,Mouse_science_Micheal,Lederle,research,UMass Amherst,co2,0.13457944
2016-01-16 09:00:00,1,Mouse_science_Micheal,Lederle,research,UMass Amherst,co2,0.13457944
2016-01-16 10:00:00,1,Mouse_science_Micheal,Lederle,research,UMass Amherst,co2,0.13457944
2016-01-16 11:00:00,1,Mouse_science_Micheal,Lederle,research,UMass Amherst,co2,0.13457944
2016-01-16 12:00:00,1,Mouse_science_Micheal,Lederle,research,UMass Amherst,co2,0.13457944
2016-01-16 13:00:00,1,Mouse_science_Micheal,Lederle,research,UMass Amherst,co2,0.13457944
2016-01-16 14:00:00,1,Mouse_science_Micheal,Lederle,research,UMass Amherst,co2,0.13457944
2016-01-16 15:00:00,1,Mouse_science_Micheal,Lederle,research,UMass Amherst,co2,0.13457944
2016-01-16 16:00:00,1,Mouse_science_Micheal,Lederle,research,UMass Amherst,co2,0.13457944
2016-01-16 17:00:00,1,Mouse_science_Micheal,Lederle,research,UMass Amherst,co2,0.13457944
2016-01-16 18:00:00,1,Mouse_science_Micheal,Lederle,research,UMass Amherst,co2,0.13457944
2016-01-16 19:00:00,1,Mouse_science_Micheal,Lederle,research,UMass Amherst,co2,0.13457944
2016-01-16 20:00:00,1,Mouse_science_Micheal,Lederle,research,UMass Amherst,co2,0.13457944
2016-01-16 21:00:00,1,Mouse_science_Micheal,Lederle,research,UMass Amherst,co2,0.13457944
2016-01-16 22:00:00,1,Mouse_science_Micheal,Lederle,research,UMass Amherst,co2,0.13457944
2016-01-16 23:00:00,1,Mouse_science_Micheal,Lederle,research,UMass Amherst,co2,0.13457944
2016-01-17 00:00:00,1,Mouse_science_Micheal,Lederle,research,UMass Amherst,co2,0.13457944
2016-01-17 01:00:00,1,Mouse_science_Micheal,Lederle,research,UMass Amherst,co2,0.13457944
2016-01-17 02:00:00,1,Mouse_science_Micheal,Lederle,research,UMass Amherst,co2,0.13457944
2016-01-17 03:00:00,1,Mouse_science_Micheal,Lederle,research,UMass Amherst,co2,0.13457944
2016-01-17 04:00:00,1,Mouse_science_Micheal,Lederle,research,UMass Amherst,co2,0.13457944
2016-01-17 05:00:00,1,Mouse_science_Micheal,Lederle,research,UMass Amherst,co2,0.13457944
2016-01-17 06:00:00,1,Mouse_science_Micheal,Lederle,research,UMass Amherst,co2,0.13457944
2016-01-17 07:00:00,1,Mouse_science_Micheal,Lederle,research,UMass Amherst,co2,0.13457944
2016-01-17 08:00:00,1,Mouse_science_Micheal,Lederle,research,UMass Amherst,co2,0.13457944
2016-01-17 09:00:00,1,Mouse_science_Micheal,Lederle,research,UMass Amherst,co2,0.13457944
2016-01-17 10:00:00,1,Mouse_science_Micheal,Lederle,research,UMass Amherst,co2,0.13457944
2016-01-17 11:00:00,1,Mouse_science_Micheal,Lederle,research,UMass Amherst,co2,0.13457944
2016-01-17 12:00:00,1,Mouse_science_Micheal,Lederle,research,UMass Amherst,co2,0.13457944
2016-01-17 13:00:00,1,Mouse_science_Micheal,Lederle,research,UMass Amherst,co2,0.13457944
2016-01-17 14:00:00,1,Mouse_science_Micheal,Lederle,research,UMass Amherst,co2,0.13457944
2016-01-17 15:00:00,1,Mouse_science_Micheal,Lederle,research,UMass Amherst,co2,0.13457944
2016-01-17 16:00:00,1,Mouse_science_Micheal,Lederle,research,UMass Amherst,co2,0.13457944
2016-01-17 17:00:00,1,Mouse_science_Micheal,Lederle,research,UMass Amherst,co2,0.13457944
2016-01-17 18:00:00,1,Mouse_science_Micheal,Lederle,research,UMass Amherst,co2,0.13457944
2016-01-17 19:00:00,1,Mouse_science_Micheal,Lederle,research,UMass Amherst,co2,0.13457944
2016-01-17 20:00:00,1,Mouse_science_Micheal,Lederle,research,UMass Amherst,co2,0.13457944
2016-01-17 21:00:00,1,Mouse_science_Micheal,Lederle,research,UMass Amherst,co2,0.13457944
2016-01-17 22:00:00,1,Mouse_science_Micheal,Lederle,research,UMass Amherst,co2,0.13457944
2016-01-17 23:00:00,1,Mouse_science_Micheal,Lederle,research,UMass Amherst,co2,0.13457944
2016-01-18 00:00:00,1,Mouse_science_Micheal,Lederle,research,UMass Amherst,co2,0.13457944
2016-01-18 01:00:00,1,Mouse_science_Micheal,Lederle,research,UMass Amherst,co2,0.13457944
2016-01-18 02:00:00,1,Mouse_science_Micheal,Lederle,research,UMass Amherst,co2,0.13457944
2016-01-18 03:00:00,1,Mouse_science_Micheal,Lederle,research,UMass Amherst,co2,0.13457944
2016-01-18 04:00:00,1,Mouse_science_Micheal,Lederle,research,UMass Amherst,co2,0.13457944
2016-01-18 05:00:00,1,Mouse_science_Micheal,Lederle,research,UMass Amherst,co2,0.13457944
2016-01-18 06:00:00,1,Mouse_science_Micheal,Lederle,research,UMass Amherst,co2,0.13457944
2016-01-18 07:00:00,1,Mouse_science_Micheal,Lederle,research,UMass Amherst,co2,0.13457944
2016-01-18 08:00:00,1,Mouse_science_Micheal,Lederle,research,UMass Amherst,co2,0.13457944
2016-01-18 09:00:00,1,Mouse_science_Micheal,Lederle,research,UMass Amherst,co2,0.13457944
2016-01-18 10:00:00,1,Mouse_science_Micheal,Lederle,research,UMass Amherst,co2,0.13457944
2016-01-18 11:00:00,1,Mouse_science_Micheal,Lederle,research,UMass Amherst,co2,0.13457944
2016-01-18 12:00:00,1,Mouse_science_Micheal,Lederle,research,UMass Amherst,co2,0.13457944
2016-01-18 13:00:00,1,Mouse_science_Micheal,Lederle,research,UMass Amherst,co2,0.13457944
2016-01-18 14:00:00,1,Mouse_science_Micheal,Lederle,research,UMass Amherst,co2,0.13457944
2016-01-18 15:00:00,1,Mouse_science_Micheal,Lederle,research,UMass Amherst,co2,0.13457944
2016-01-18 16:00:00,1,Mouse_science_Micheal,Lederle,research,UMass Amherst,co2,0.13457944
2016-01-18 17:00:00,1,Mouse_science_Micheal,Lederle,research,UMass Amherst,co2,0.13457944
2016-01-18 18:00:00,1,Mouse_science_Micheal,Lederle,research,UMass Amherst,co2,0.13457944
2016-01-18 19:00:00,1,Mouse_science_Micheal,Lederle,research,UMass Amherst,co2,0.13457944
2016-01-18 20:00:00,1,Mouse_science_Micheal,Lederle,research,UMass Amherst,co2,0.13457944
2016-01-18 21:00:00,1,Mouse_science_Micheal,Lederle,research,UMass Amherst,co2,0.13457944
2016-01-18 22:00:00,1,Mouse_science_Micheal,Lederle,research,UMass Amherst,co2,0.13457944
2016-01-18 23:00:00,1,Mouse_science_Micheal,Lederle,research,UMass Amherst,co2,0.13457944
2016-01-19 00:00:00,1,Mouse_science_Micheal,Lederle,research,UMass Amherst,co2,0.13457944
2016-01-19 01:00:00,1,Mouse_science_Micheal,Lederle,research,UMass Amherst,co2,0.13457944
2016-01-19 02:00:00,1,Mouse_science_Micheal,Lederle,research,UMass Amherst,co2,0.13457944
2016-01-19 03:00:00,1,Mouse_science_Micheal,Lederle,research,UMass Amherst,co2,0.13457944
2016-01-19 04:00:00,1,Mouse_science_Micheal,Lederle,research,UMass Amherst,co2,0.13457944
2016-01-19 05:00:00,1,Mouse_science_Micheal,Lederle,research,UMass Amherst,co2,0.13457944
2016-01-19 06:00:00,1,Mouse_science_Micheal,Lederle,research,UMass Amherst,co2,0.13457944
2016-01-19 07:00:00,1,Mouse_science_Micheal,Lederle,research,UMass Amherst,co2,0.13457944
2016-01-19 08:00:00,1,Mouse_science_Micheal,Lederle,research,UMass Amherst,co2,0.13457944
2016-01-19 09:00:00,1,Mouse_science_Micheal,Lederle,research,UMass Amherst,co2,0.13457944
2016-01-19 10:00:00,1,Mouse_science_Micheal,Lederle,research,UMass Amherst,co2,0.13457944
2016-01-19 11:00:00,1,Mouse_science_Micheal,Lederle,research,UMass Amherst,co2,0.13457944
2016-01-19 12:00:00,1,Mouse_science_Micheal,Lederle,research,UMass Amherst,co2,0.13457944
2016-01-19 13:00:00,1,Mouse_science_Micheal,Lederle,research,UMass Amherst,co2,0.13457944
2016-01-19 14:00:00,1,Mouse_science_Micheal,Lederle,research,UMass Amherst,co2,0.13457944
2016-01-19 15:00:00,1,Mouse_science_Micheal,Lederle,research,UMass Amherst,co2,0.13457944
2016-01-19 16:00:00,1,Mouse_science_Micheal,Lederle,research,UMass Amherst,co2,0.13457944
2016-01-19 17:00:00,1,Mouse_science_Micheal,Lederle,research,UMass Amherst,co2,0.13457944
2016-01-19 18:00:00,1,Mouse_science_Micheal,Lederle,research,UMass Amherst,co2,0.13457944
2016-01-19 19:00:00,1,Mouse_science_Micheal,Lederle,research,UMass Amherst,co2,0.13457944
2016-01-19 20:00:00,1,Mouse_science_Micheal,Lederle,research,UMass Amherst,co2,0.13457944
2016-01-19 21:00:00,1,Mouse_science_Micheal,Lederle,research,UMass Amherst,co2,0.13457944
2016-01-19 22:00:00,1,Mouse_science_Micheal,Lederle,research,UMass Amherst,co2,0.13457944
2016-01-19 23:00:00,1,Mouse_science_Micheal,Lederle,research,UMass Amherst,co2,0.13457944
2016-01-20 00:00:00,1,Mouse_science_Micheal,Lederle,research,UMass Amherst,co2,0.13457944
2016-01-20 01:00:00,1,Mouse_science_Micheal,Lederle,research,UMass Amherst,co2,0.13457944
2016-01-20 02:00:00,1,Mouse_science_Micheal,Lederle,research,UMass Amherst,co2,0.13457944
2016-01-20 03:00:00,1,Mouse_science_Micheal,Lederle,research,UMass Amherst,co2,0.13457944
2016-01-20 04:00:00,1,Mouse_science_Micheal,Lederle,research,UMass Amherst,co2,0.13457944
2016-01-20 05:00:00,1,Mouse_science_Micheal,Lederle,research,UMass Amherst,co2,0.13457944
2016-01-20 06:00:00,1,Mouse_science_Micheal,Lederle,research,UMass Amherst,co2,0.13457944
2016-01-20 07:00:00,1,Mouse_science_Micheal,Lederle,research,UMass Amherst,co2,0.13457944
2016-01-20 08:00:00,1,Mouse_science_Micheal,Lederle,research,UMass Amherst,co2,0.13457944
2016-01-20 09:00:00,1,Mouse_science_Micheal,Lederle,research,UMass Amherst,co2,0.13457944
2016-01-20 10:00:00,1,Mouse_science_Micheal,Lederle,research,UMass Amherst,co2,0.13457944
2016-01-20 11:00:00,1,Mouse_science_Micheal,Lederle,research,UMass Amherst,co2,0.13457944
2016-01-20 12:00:00,1,Mouse_science_Micheal,Lederle,research,UMass Amherst,co2,0.13457944
2016-01-20 13:00:00,1,Mouse_science_Micheal,Lederle,research,UMass Amherst,co2,0.13457944
2016-01-20 14:00:00,1,Mouse_science_Micheal,Lederle,research,UMass Amherst,co2,0.13457944
2016-01-20 15:00:00,1,Mouse_science_Micheal,Lederle,research,UMass Amherst,co2,0.13457944
2016-01-20 16:00:00,1,Mouse_science_Micheal,Lederle,research,UMass Amherst,co2,0.13457944
2016-01-20 17:00:00,1,Mouse_science_Micheal,Lederle,research,UMass Amherst,co2,0.13457944
2016-01-20 18:00:00,1,Mouse_science_Micheal,Lederle,research,UMass Amherst,co2,0.13457944
2016-01-20 19:00:00,1,Mouse_science_Micheal,Lederle,research,UMass Amherst,co2,0.13457944
2016-01-20 20:00:00,1,Mouse_science_Micheal,Lederle,research,UMass Amherst,co2,0.13457944
2016-01-20 21:00:00,1,Mouse_science_Micheal,Lederle,research,UMass Amherst,co2,0.13457944
2016-01-20 22:00:00,1,Mouse_science_Micheal,Lederle,research,UMass Amherst,co2,0.13457944
2016-01-20 23:00:00,1,Mouse_science_Micheal,Lederle,research,UMass Amherst,co2,0.13457944
2016-01-21 00:00:00,1,Mouse_science_Micheal,Lederle,research,UMass Amherst,co2,0.13457944
2016-01-21 01:00:00,1,Mouse_science_Micheal,Lederle,research,UMass Amherst,co2,0.13457944
2016-01-21 02:00:00,1,Mouse_science_Micheal,Lederle,research,UMass Amherst,co2,0.13457944
2016-01-21 03:00:00,1,Mouse_science_Micheal,Lederle,research,UMass Amherst,co2,0.13457944
2016-01-21 04:00:00,1,Mouse_science_Micheal,Lederle,research,UMass Amherst,co2,0.13457944
2016-01-21 05:00:00,1,Mouse_science_Micheal,Lederle,research,UMass Amherst,co2,0.13457944
2016-01-21 06:00:00,1,Mouse_science_Micheal,Lederle,research,UMass Amherst,co2,0.13457944
2016-01-21 07:00:00,1,Mouse_science_Micheal,Lederle,research,UMass Amherst,co2,0.13457944
2016-01-21 08:00:00,1,Mouse_science_Micheal,Lederle,research,UMass Amherst,co2,0.13457944
2016-01-21 09:00:00,1,Mouse_science_Micheal,Lederle,research,UMass Amherst,co2,0.13457944
2016-01-21 10:00:00,1,Mouse_science_Micheal,Lederle,research,UMass Amherst,co2,0.13457944
2016-01-21 11:00:00,1,Mouse_science_Micheal,Lederle,research,UMass Amherst,co2,0.13457944
2016-01-21 12:00:00,1,Mouse_science_Micheal,Lederle,research,UMass Amherst,co2,0.13457944
2016-01-21 13:00:00,1,Mouse_science_Micheal,Lederle,research,UMass Amherst,co2,0.13457944
2016-01-21 14:00:00,1,Mouse_science_Micheal,Lederle,research,UMass Amherst,co2,0.13457944
2016-01-21 15:00:00,1,Mouse_science_Micheal,Lederle,research,UMass Amherst,co2,0.13457944
2016-01-21 16:00:00,1,Mouse_science_Micheal,Lederle,research,UMass Amherst,co2,0.13457944
2016-01-21 17:00:00,1,Mouse_science_Micheal,Lederle,research,UMass Amherst,co2,0.13457944
2016-01-21 18:00:00,1,Mouse_science_Micheal,Lederle,research,UMass Amherst,co2,0.13457944
2016-01-21 19:00:00,1,Mouse_science_Micheal,Lederle,research,UMass Amherst,co2,0.13457944
2016-01-21 20:00:00,1,Mouse_science_Micheal,Lederle,research,UMass Amherst,co2,0.13457944
2016-01-21 21:00:00,1,Mouse_science_Micheal,Lederle,research,UMass Amherst,co2,0.13457944
2016-01-21 22:00:00,1,Mouse_science_Micheal,Lederle,research,UMass Amherst,co2,0.13457944
2016-01-21 23:00:00,1,Mouse_science_Micheal,Lederle,research,UMass Amherst,co2,0.13457944
2016-01-22 00:00:00,1,Mouse_science_Micheal,Lederle,research,UMass Amherst,co2,0.13457944
2016-01-22 01:00:00,1,Mouse_science_Micheal,Lederle,research,UMass Amherst,co2,0.13457944
2016-01-22 02:00:00,1,Mouse_science_Micheal,Lederle,research,UMass Amherst,co2,0.13457944
2016-01-22 03:00:00,1,Mouse_science_Micheal,Lederle,research,UMass Amherst,co2,0.13457944
2016-01-22 04:00:00,1,Mouse_science_Micheal,Lederle,research,UMass Amherst,co2,0.13457944
2016-01-22 05:00:00,1,Mouse_science_Micheal,Lederle,research,UMass Amherst,co2,0.13457944
2016-01-22 06:00:00,1,Mouse_science_Micheal,Lederle,research,UMass Amherst,co2,0.13457944
2016-01-22 07:00:00,1,Mouse_science_Micheal,Lederle,research,UMass Amherst,co2,0.13457944
2016-01-22 08:00:00,1,Mouse_science_Micheal,Lederle,research,UMass Amherst,co2,0.13457944
2016-01-22 09:00:00,1,Mouse_science_Micheal,Lederle,research,UMass Amherst,co2,0.13457944
2016-01-22 10:00:00,1,Mouse_science_Micheal,Lederle,research,UMass Amherst,co2,0.13457944
2016-01-22 11:00:00,1,Mouse_science_Micheal,Lederle,research,UMass Amherst,co2,0.13457944
2016-01-22 12:00:00,1,Mouse_science_Micheal,Lederle,research,UMass Amherst,co2,0.13457944
2016-01-22 13:00:00,1,Mouse_science_Micheal,Lederle,research,UMass Amherst,co2,0.13457944
2016-01-22 14:00:00,1,Mouse_science_Micheal,Lederle,research,UMass Amherst,co2,0.13457944
2016-01-22 15:00:00,1,Mouse_science_Micheal,Lederle,research,UMass Amherst,co2,0.13457944
2016-01-22 16:00:00,1,Mouse_science_Micheal,Lederle,research,UMass Amherst,co2,0.13457944
2016-01-22 17:00:00,1,Mouse_science_Micheal,Lederle,research,UMass Amherst,co2,0.13457944
2016-01-22 18:00:00,1,Mouse_science_Micheal,Lederle,research,UMass Amherst,co2,0.13457944
2016-01-22 19:00:00,1,Mouse_science_Micheal,Lederle,research,UMass Amherst,co2,0.13457944
2016-01-22 20:00:00,1,Mouse_science_Micheal,Lederle,research,UMass Amherst,co2,0.13457944
2016-01-22 21:00:00,1,Mouse_science_Micheal,Lederle,research,UMass Amherst,co2,0.13457944
2016-01-22 22:00:00,1,Mouse_science_Micheal,Lederle,research,UMass Amherst,co2,0.13457944
2016-01-22 23:00:00,1,Mouse_science_Micheal,Lederle,research,UMass Amherst,co2,0.13457944
2016-01-23 00:00:00,1,Mouse_science_Micheal,Lederle,research,UMass Amherst,co2,0.13457944
2016-01-23 01:00:00,1,Mouse_science_Micheal,Lederle,research,UMass Amherst,co2,0.13457944
2016-01-23 02:00:00,1,Mouse_science_Micheal,Lederle,research,UMass Amherst,co2,0.13457944
2016-01-23 03:00:00,1,Mouse_science_Micheal,Lederle,research,UMass Amherst,co2,0.13457944
2016-01-23 04:00:00,1,Mouse_science_Micheal,Lederle,research,UMass Amherst,co2,0.13457944
2016-01-23 05:00:00,1,Mouse_science_Micheal,Lederle,research,UMass Amherst,co2,0.13457944
2016-01-23 06:00:00,1,Mouse_science_Micheal,Lederle,research,UMass Amherst,co2,0.13457944
2016-01-23 07:00:00,1,Mouse_science_Micheal,Lederle,research,UMass Amherst,co2,0.13457944
2016-01-23 08:00:00,1,Mouse_science_Micheal,Lederle,research,UMass Amherst,co2,0.13457944
2016-01-23 09:00:00,1,Mouse_science_Micheal,Lederle,research,UMass Amherst,co2,0.13457944
2016-01-23 10:00:00,1,Mouse_science_Micheal,Lederle,research,UMass Amherst,co2,0.13457944
2016-01-23 11:00:00,1,Mouse_science_Micheal,Lederle,research,UMass Amherst,co2,0.13457944
2016-01-23 12:00:00,1,Mouse_science_Micheal,Lederle,research,UMass Amherst,co2,0.13457944
2016-01-23 13:00:00,1,Mouse_science_Micheal,Lederle,research,UMass Amherst,co2,0.13457944
2016-01-23 14:00:00,1,Mouse_science_Micheal,Lederle,research,UMass Amherst,co2,0.13457944
2016-01-23 15:00:00,1,Mouse_science_Micheal,Lederle,research,UMass Amherst,co2,0.13457944
2016-01-23 16:00:00,1,Mouse_science_Micheal,Lederle,research,UMass Amherst,co2,0.13457944
2016-01-23 17:00:00,1,Mouse_science_Micheal,Lederle,research,UMass Amherst,co2,0.13457944
2016-01-23 18:00:00,1,Mouse_science_Micheal,Lederle,research,UMass Amherst,co2,0.13457944
2016-01-23 19:00:00,1,Mouse_science_Micheal,Lederle,research,UMass Amherst,co2,0.13457944
2016-01-23 20:00:00,1,Mouse_science_Micheal,Lederle,research,UMass Amherst,co2,0.13457944
2016-01-23 21:00:00,1,Mouse_science_Micheal,Lederle,research,UMass Amherst,co2,0.13457944
2016-01-23 22:00:00,1,Mouse_science_Micheal,Lederle,research,UMass Amherst,co2,0.13457944
2016-01-23 23:00:00,1,Mouse_science_Micheal,Lederle,research,UMass Amherst,co2,0.13457944
2016-01-24 00:00:00,1,Mouse_science_Micheal,Lederle,research,UMass Amherst,co2,0.13457944
2016-01-24 01:00:00,1,Mouse_science_Micheal,Lederle,research,UMass Amherst,co2,0.13457944
2016-01-24 02:00:00,1,Mouse_science_Micheal,Lederle,research,UMass Amherst,co2,0.13457944
2016-01-24 03:00:00,1,Mouse_science_Micheal,Lederle,research,UMass Amherst,co2,0.13457944
2016-01-24 04:00:00,1,Mouse_science_Micheal,Lederle,research,UMass Amherst,co2,0.13457944
2016-01-24 05:00:00,1,Mouse_science_Micheal,Lederle,research,UMass Amherst,co2,0.13457944
2016-01-24 06:00:00,1,Mouse_science_Micheal,Lederle,research,UMass Amherst,co2,0.13457944
2016-01-24 07:00:00,1,Mouse_science_Micheal,Lederle,research,UMass Amherst,co2,0.13457944
2016-01-24 08:00:00,1,Mouse_science_Micheal,Lederle,research,UMass Amherst,co2,0.13457944
2016-01-24 09:00:00,1,Mouse_science_Micheal,Lederle,research,UMass Amherst,co2,0.13457944
2016-01-24 10:00:00,1,Mouse_science_Micheal,Lederle,research,UMass Amherst,co2,0.13457944
2016-01-24 11:00:00,1,Mouse_science_Micheal,Lederle,research,UMass Amherst,co2,0.13457944
2016-01-24 12:00:00,1,Mouse_science_Micheal,Lederle,research,UMass Amherst,co2,0.13457944
2016-01-24 13:00:00,1,Mouse_science_Micheal,Lederle,research,UMass Amherst,co2,0.13457944
2016-01-24 14:00:00,1,Mouse_science_Micheal,Lederle,research,UMass Amherst,co2,0.13457944
2016-01-24 15:00:00,1,Mouse_science_Micheal,Lederle,research,UMass Amherst,co2,0.13457944
2016-01-24 16:00:00,1,Mouse_science_Micheal,Lederle,research,UMass Amherst,co2,0.13457944
2016-01-24 17:00:00,1,Mouse_science_Micheal,Lederle,research,UMass Amherst,co2,0.13457944
2016-01-24 18:00:00,1,Mouse_science_Micheal,Lederle,research,UMass Amherst,co2,0.13457944
2016-01-24 19:00:00,1,Mouse_science_Micheal,Lederle,research,UMass Amherst,co2,0.13457944
2016-01-24 20:00:00,1,Mouse_science_Micheal,Lederle,research,UMass Amherst,co2,0.13457944
2016-01-24 21:00:00,1,Mouse_science_Micheal,Lederle,research,UMass Amherst,co2,0.13457944
2016-01-24 22:00:00,1,Mouse_science_Micheal,Lederle,research,UMass Amherst,co2,0.13457944
2016-01-24 23:00:00,1,Mouse_science_Micheal,Lederle,research,UMass Amherst,co2,0.13457944
2016-01-25 00:00:00,1,Mouse_science_Micheal,Lederle,research,UMass Amherst,co2,0.13457944
2016-01-25 01:00:00,1,Mouse_science_Micheal,Lederle,research,UMass Amherst,co2,0.13457944
2016-01-25 02:00:00,1,Mouse_science_Micheal,Lederle,research,UMass Amherst,co2,0.13457944
2016-01-25 03:00:00,1,Mouse_science_Micheal,Lederle,research,UMass Amherst,co2,0.13457944
2016-01-25 04:00:00,1,Mouse_science_Micheal,Lederle,research,UMass Amherst,co2,0.13457944
2016-01-25 05:00:00,1,Mouse_science_Micheal,Lederle,research,UMass Amherst,co2,0.13457944
2016-01-25 06:00:00,1,Mouse_science_Micheal,Lederle,research,UMass Amherst,co2,0.13457944
2016-01-25 07:00:00,1,Mouse_science_Micheal,Lederle,research,UMass Amherst,co2,0.13457944
2016-01-25 08:00:00,1,Mouse_science_Micheal,Lederle,research,UMass Amherst,co2,0.13457944
2016-01-25 09:00:00,1,Mouse_science_Micheal,Lederle,research,UMass Amherst,co2,0.13457944
2016-01-25 10:00:00,1,Mouse_science_Micheal,Lederle,research,UMass Amherst,co2,0.13457944
2016-01-25 11:00:00,1,Mouse_science_Micheal,Lederle,research,UMass Amherst,co2,0.13457944
2016-01-25 12:00:00,1,Mouse_science_Micheal,Lederle,research,UMass Amherst,co2,0.13457944
2016-01-25 13:00:00,1,Mouse_science_Micheal,Lederle,research,UMass Amherst,co2,0.13457944
2016-01-25 14:00:00,1,Mouse_science_Micheal,Lederle,research,UMass Amherst,co2,0.13457944
2016-01-25 15:00:00,1,Mouse_science_Micheal,Lederle,research,UMass Amherst,co2,0.13457944
2016-01-25 16:00:00,1,Mouse_science_Micheal,Lederle,research,UMass Amherst,co2,0.13457944
2016-01-25 17:00:00,1,Mouse_science_Micheal,Lederle,research,UMass Amherst,co2,0.13457944
2016-01-25 18:00:00,1,Mouse_science_Micheal,Lederle,research,UMass Amherst,co2,0.13457944
2016-01-25 19:00:00,1,Mouse_science_Micheal,Lederle,research,UMass Amherst,co2,0.13457944
2016-01-25 20:00:00,1,Mouse_science_Micheal,Lederle,research,UMass Amherst,co2,0.13457944
2016-01-25 21:00:00,1,Mouse_science_Micheal,Lederle,research,UMass Amherst,co2,0.13457944
2016-01-25 22:00:00,1,Mouse_science_Micheal,Lederle,research,UMass Amherst,co2,0.13457944
2016-01-25 23:00:00,1,Mouse_science_Micheal,Lederle,research,UMass Amherst,co2,0.13457944
2016-01-26 00:00:00,1,Mouse_science_Micheal,Lederle,research,UMass Amherst,co2,0.13457944
2016-01-26 01:00:00,1,Mouse_science_Micheal,Lederle,research,UMass Amherst,co2,0.13457944
2016-01-26 02:00:00,1,Mouse_science_Micheal,Lederle,research,UMass Amherst,co2,0.13457944
2016-01-26 03:00:00,1,Mouse_science_Micheal,Lederle,research,UMass Amherst,co2,0.13457944
2016-01-26 04:00:00,1,Mouse_science_Micheal,Lederle,research,UMass Amherst,co2,0.13457944
2016-01-26 05:00:00,1,Mouse_science_Micheal,Lederle,research,UMass Amherst,co2,0.13457944
2016-01-26 06:00:00,1,Mouse_science_Micheal,Lederle,research,UMass Amherst,co2,0.13457944
2016-01-26 07:00:00,1,Mouse_science_Micheal,Lederle,research,UMass Amherst,co2,0.13457944
2016-01-26 08:00:00,1,Mouse_science_Micheal,Lederle,research,UMass Amherst,co2,0.13457944
2016-01-26 09:00:00,1,Mouse_science_Micheal,Lederle,research,UMass Amherst,co2,0.13457944
2016-01-26 10:00:00,1,Mouse_science_Micheal,Lederle,research,UMass Amherst,co2,0.13457944
2016-01-26 11:00:00,1,Mouse_science_Micheal,Lederle,research,UMass Amherst,co2,0.13457944
2016-01-26 12:00:00,1,Mouse_science_Micheal,Lederle,research,UMass Amherst,co2,0.13457944
2016-01-26 13:00:00,1,Mouse_science_Micheal,Lederle,research,UMass Amherst,co2,0.13457944
2016-01-26 14:00:00,1,Mouse_science_Micheal,Lederle,research,UMass Amherst,co2,0.13457944
2016-01-26 15:00:00,1,Mouse_science_Micheal,Lederle,research,UMass Amherst,co2,0.13457944
2016-01-26 16:00:00,1,Mouse_science_Micheal,Lederle,research,UMass Amherst,co2,0.13457944
2016-01-26 17:00:00,1,Mouse_science_Micheal,Lederle,research,UMass Amherst,co2,0.13457944
2016-01-26 18:00:00,1,Mouse_science_Micheal,Lederle,research,UMass Amherst,co2,0.13457944
2016-01-26 19:00:00,1,Mouse_science_Micheal,Lederle,research,UMass Amherst,co2,0.13457944
2016-01-26 20:00:00,1,Mouse_science_Micheal,Lederle,research,UMass Amherst,co2,0.13457944
2016-01-26 21:00:00,1,Mouse_science_Micheal,Lederle,research,UMass Amherst,co2,0.13457944
2016-01-26 22:00:00,1,Mouse_science_Micheal,Lederle,research,UMass Amherst,co2,0.13457944
2016-01-26 23:00:00,1,Mouse_science_Micheal,Lederle,research,UMass Amherst,co2,0.13457944
2016-01-27 00:00:00,1,Mouse_science_Micheal,Lederle,research,UMass Amherst,co2,0.13457944
2016-01-27 01:00:00,1,Mouse_science_Micheal,Lederle,research,UMass Amherst,co2,0.13457944
2016-01-27 02:00:00,1,Mouse_science_Micheal,Lederle,research,UMass Amherst,co2,0.13457944
2016-01-27 03:00:00,1,Mouse_science_Micheal,Lederle,research,UMass Amherst,co2,0.13457944
2016-01-27 04:00:00,1,Mouse_science_Micheal,Lederle,research,UMass Amherst,co2,0.13457944
2016-01-27 05:00:00,1,Mouse_science_Micheal,Lederle,research,UMass Amherst,co2,0.13457944
2016-01-27 06:00:00,1,Mouse_science_Micheal,Lederle,research,UMass Amherst,co2,0.13457944
2016-01-27 07:00:00,1,Mouse_science_Micheal,Lederle,research,UMass Amherst,co2,0.13457944
2016-01-27 08:00:00,1,Mouse_science_Micheal,Lederle,research,UMass Amherst,co2,0.13457944
2016-01-27 09:00:00,1,Mouse_science_Micheal,Lederle,research,UMass Amherst,co2,0.13457944
2016-01-27 10:00:00,1,Mouse_science_Micheal,Lederle,research,UMass Amherst,co2,0.13457944
2016-01-27 11:00:00,1,Mouse_science_Micheal,Lederle,research,UMass Amherst,co2,0.13457944
2016-01-27 12:00:00,1,Mouse_science_Micheal,Lederle,research,UMass Amherst,co2,0.13457944
2016-01-27 13:00:00,1,Mouse_science_Micheal,Lederle,research,UMass Amherst,co2,0.13457944
2016-01-27 14:00:00,1,Mouse_science_Micheal,Lederle,research,UMass Amherst,co2,0.13457944
2016-01-27 15:00:00,1,Mouse_science_Micheal,Lederle,research,UMass Amherst,co2,0.13457944
2016-01-27 16:00:00,1,Mouse_science_Micheal,Lederle,research,UMass Amherst,co2,0.13457944
2016-01-27 17:00:00,1,Mouse_science_Micheal,Lederle,research,UMass Amherst,co2,0.13457944
2016-01-27 18:00:00,1,Mouse_science_Micheal,Lederle,research,UMass Amherst,co2,0.13457944
2016-01-27 19:00:00,1,Mouse_science_Micheal,Lederle,research,UMass Amherst,co2,0.13457944
2016-01-27 20:00:00,1,Mouse_science_Micheal,Lederle,research,UMass Amherst,co2,0.13457944
2016-01-27 21:00:00,1,Mouse_science_Micheal,Lederle,research,UMass Amherst,co2,0.13457944
2016-01-27 22:00:00,1,Mouse_science_Micheal,Lederle,research,UMass Amherst,co2,0.13457944
2016-01-27 23:00:00,1,Mouse_science_Micheal,Lederle,research,UMass Amherst,co2,0.13457944
2016-01-28 00:00:00,1,Mouse_science_Micheal,Lederle,research,UMass Amherst,co2,0.13457944
2016-01-28 01:00:00,1,Mouse_science_Micheal,Lederle,research,UMass Amherst,co2,0.13457944
2016-01-28 02:00:00,1,Mouse_science_Micheal,Lederle,research,UMass Amherst,co2,0.13457944
2016-01-28 03:00:00,1,Mouse_science_Micheal,Lederle,research,UMass Amherst,co2,0.13457944
2016-01-28 04:00:00,1,Mouse_science_Micheal,Lederle,research,UMass Amherst,co2,0.13457944
2016-01-28 05:00:00,1,Mouse_science_Micheal,Lederle,research,UMass Amherst,co2,0.13457944
2016-01-28 06:00:00,1,Mouse_science_Micheal,Lederle,research,UMass Amherst,co2,0.13457944
2016-01-28 07:00:00,1,Mouse_science_Micheal,Lederle,research,UMass Amherst,co2,0.13457944
2016-01-28 08:00:00,1,Mouse_science_Micheal,Lederle,research,UMass Amherst,co2,0.13457944
2016-01-28 09:00:00,1,Mouse_science_Micheal,Lederle,research,UMass Amherst,co2,0.13457944
2016-01-28 10:00:00,1,Mouse_science_Micheal,Lederle,research,UMass Amherst,co2,0.13457944
2016-01-28 11:00:00,1,Mouse_science_Micheal,Lederle,research,UMass Amherst,co2,0.13457944
2016-01-28 12:00:00,1,Mouse_science_Micheal,Lederle,research,UMass Amherst,co2,0.13457944
2016-01-28 13:00:00,1,Mouse_science_Micheal,Lederle,research,UMass Amherst,co2,0.13457944
2016-01-28 14:00:00,1,Mouse_science_Micheal,Lederle,research,UMass Amherst,co2,0.13457944
2016-01-28 15:00:00,1,Mouse_science_Micheal,Lederle,research,UMass Amherst,co2,0.13457944
2016-01-28 16:00:00,1,Mouse_science_Micheal,Lederle,research,UMass Amherst,co2,0.13457944
2016-01-28 17:00:00,1,Mouse_science_Micheal,Lederle,research,UMass Amherst,co2,0.13457944
2016-01-28 18:00:00,1,Mouse_science_Micheal,Lederle,research,UMass Amherst,co2,0.13457944
2016-01-28 19:00:00,1,Mouse_science_Micheal,Lederle,research,UMass Amherst,co2,0.13457944
2016-01-28 20:00:00,1,Mouse_science_Micheal,Lederle,research,UMass Amherst,co2,0.13457944
2016-01-28 21:00:00,1,Mouse_science_Micheal,Lederle,research,UMass Amherst,co2,0.13457944
2016-01-28 22:00:00,1,Mouse_science_Micheal,Lederle,research,UMass Amherst,co2,0.13457944
2016-01-28 23:00:00,1,Mouse_science_Micheal,Lederle,research,UMass Amherst,co2,0.13457944
2016-01-29 00:00:00,1,Mouse_science_Micheal,Lederle,research,UMass Amherst,co2,0.13457944
2016-01-29 01:00:00,1,Mouse_science_Micheal,Lederle,research,UMass Amherst,co2,0.13457944
2016-01-29 02:00:00,1,Mouse_science_Micheal,Lederle,research,UMass Amherst,co2,0.13457944
2016-01-29 03:00:00,1,Mouse_science_Micheal,Lederle,research,UMass Amherst,co2,0.13457944
2016-01-29 04:00:00,1,Mouse_science_Micheal,Lederle,research,UMass Amherst,co2,0.13457944
2016-01-29 05:00:00,1,Mouse_science_Micheal,Lederle,research,UMass Amherst,co2,0.13457944
2016-01-29 06:00:00,1,Mouse_science_Micheal,Lederle,research,UMass Amherst,co2,0.13457944
2016-01-29 07:00:00,1,Mouse_science_Micheal,Lederle,research,UMass Amherst,co2,0.13457944
2016-01-29 08:00:00,1,Mouse_science_Micheal,Lederle,research,UMass Amherst,co2,0.13457944
2016-01-29 09:00:00,1,Mouse_science_Micheal,Lederle,research,UMass Amherst,co2,0.13457944
2016-01-29 10:00:00,1,Mouse_science_Micheal,Lederle,research,UMass Amherst,co2,0.13457944
2016-01-29 11:00:00,1,Mouse_science_Micheal,Lederle,research,UMass Amherst,co2,0.13457944
2016-01-29 12:00:00,1,Mouse_science_Micheal,Lederle,research,UMass Amherst,co2,0.13457944
2016-01-29 13:00:00,1,Mouse_science_Micheal,Lederle,research,UMass Amherst,co2,0.13457944
2016-01-29 14:00:00,1,Mouse_science_Micheal,Lederle,research,UMass Amherst,co2,0.13457944
2016-01-29 15:00:00,1,Mouse_science_Micheal,Lederle,research,UMass Amherst,co2,0.13457944
2016-01-29 16:00:00,1,Mouse_science_Micheal,Lederle,research,UMass Amherst,co2,0.13457944
2016-01-29 17:00:00,1,Mouse_science_Micheal,Lederle,research,UMass Amherst,co2,0.13457944
2016-01-29 18:00:00,1,Mouse_science_Micheal,Lederle,research,UMass Amherst,co2,0.13457944
2016-01-29 19:00:00,1,Mouse_science_Micheal,Lederle,research,UMass Amherst,co2,0.13457944
2016-01-29 20:00:00,1,Mouse_science_Micheal,Lederle,research,UMass Amherst,co2,0.13457944
2016-01-29 21:00:00,1,Mouse_science_Micheal,Lederle,research,UMass Amherst,co2,0.13457944
2016-01-29 22:00:00,1,Mouse_science_Micheal,Lederle,research,UMass Amherst,co2,0.13457944
2016-01-29 23:00:00,1,Mouse_science_Micheal,Lederle,research,UMass Amherst,co2,0.13457944
2016-01-30 00:00:00,1,Mouse_science_Micheal,Lederle,research,UMass Amherst,co2,0.13457944
2016-01-30 01:00:00,1,Mouse_science_Micheal,Lederle,research,UMass Amherst,co2,0.13457944
2016-01-30 02:00:00,1,Mouse_science_Micheal,Lederle,research,UMass Amherst,co2,0.13457944
2016-01-30 03:00:00,1,Mouse_science_Micheal,Lederle,research,UMass Amherst,co2,0.13457944
2016-01-30 04:00:00,1,Mouse_science_Micheal,Lederle,research,UMass Amherst,co2,0.13457944
2016-01-30 05:00:00,1,Mouse_science_Micheal,Lederle,research,UMass Amherst,co2,0.13457944
2016-01-30 06:00:00,1,Mouse_science_Micheal,Lederle,research,UMass Amherst,co2,0.13457944
2016-01-30 07:00:00,1,Mouse_science_Micheal,Lederle,research,UMass Amherst,co2,0.13457944
2016-01-30 08:00:00,1,Mouse_science_Micheal,Lederle,research,UMass Amherst,co2,0.13457944
2016-01-30 09:00:00,1,Mouse_science_Micheal,Lederle,research,UMass Amherst,co2,0.13457944
2016-01-30 10:00:00,1,Mouse_science_Micheal,Lederle,research,UMass Amherst,co2,0.13457944
2016-01-30 11:00:00,1,Mouse_science_Micheal,Lederle,research,UMass Amherst,co2,0.13457944
2016-01-30 12:00:00,1,Mouse_science_Micheal,Lederle,research,UMass Amherst,co2,0.13457944
2016-01-30 13:00:00,1,Mouse_science_Micheal,Lederle,research,UMass Amherst,co2,0.13457944
2016-01-30 14:00:00,1,Mouse_science_Micheal,Lederle,research,UMass Amherst,co2,0.13457944
2016-01-30 15:00:00,1,Mouse_science_Micheal,Lederle,research,UMass Amherst,co2,0.13457944
2016-01-30 16:00:00,1,Mouse_science_Micheal,Lederle,research,UMass Amherst,co2,0.13457944
2016-01-30 17:00:00,1,Mouse_science_Micheal,Lederle,research,UMass Amherst,co2,0.13457944
2016-01-30 18:00:00,1,Mouse_science_Micheal,Lederle,research,UMass Amherst,co2,0.13457944
2016-01-30 19:00:00,1,Mouse_science_Micheal,Lederle,research,UMass Amherst,co2,0.13457944
2016-01-30 20:00:00,1,Mouse_science_Micheal,Lederle,research,UMass Amherst,co2,0.13457944
2016-01-30 21:00:00,1,Mouse_science_Micheal,Lederle,research,UMass Amherst,co2,0.13457944
2016-01-30 22:00:00,1,Mouse_science_Micheal,Lederle,research,UMass Amherst,co2,0.13457944
2016-01-30 23:00:00,1,Mouse_science_Micheal,Lederle,research,UMass Amherst,co2,0.13457944
2016-01-01 00:00:00,2,Mouse_health_Estela,Morrill,science,UMass Amherst,co2,0.054
2016-01-01 01:00:00,2,Mouse_health_Estela,Morrill,science,UMass Amherst,co2,0.10600000000000001
2016-01-01 02:00:00,2,Mouse_health_Estela,Morrill,science,UMass Amherst,co2,0.10880000000000001
2016-01-01 03:00:00,2,Mouse_health_Estela,Morrill,science,UMass Amherst,co2,0.11040000000000001
2016-01-01 04:00:00,2,Mouse_health_Estela,Morrill,science,UMass Amherst,co2,0.112
2016-01-01 05:00:00,2,Mouse_health_Estela,Morrill,science,UMass Amherst,co2,0.1136
2016-01-01 06:00:00,2,Mouse_health_Estela,Morrill,science,UMass Amherst,co2,0.11280000000000001
2016-01-01 07:00:00,2,Mouse_health_Estela,Morrill,science,UMass Amherst,co2,0.11320000000000001
2016-01-01 08:00:00,2,Mouse_health_Estela,Morrill,science,UMass Amherst,co2,0.1164
2016-01-01 09:00:00,2,Mouse_health_Estela,Morrill,science,UMass Amherst,co2,0.126
2016-01-01 10:00:00,2,Mouse_health_Estela,Morrill,science,UMass Amherst,co2,0.12240000000000001
2016-01-01 11:00:00,2,Mouse_health_Estela,Morrill,science,UMass Amherst,co2,0.1236
2016-01-01 12:00:00,2,Mouse_health_Estela,Morrill,science,UMass Amherst,co2,0.1236
2016-01-01 13:00:00,2,Mouse_health_Estela,Morrill,science,UMass Amherst,co2,0.1264
2016-01-01 14:00:00,2,Mouse_health_Estela,Morrill,science,UMass Amherst,co2,0.126
2016-01-01 15:00:00,2,Mouse_health_Estela,Morrill,science,UMass Amherst,co2,0.1212
2016-01-01 16:00:00,2,Mouse_health_Estela,Morrill,science,UMass Amherst,co2,0.12760000000000002
2016-01-01 17:00:00,2,Mouse_health_Estela,Morrill,science,UMass Amherst,co2,0.13040000000000002
2016-01-01 18:00:00,2,Mouse_health_Estela,Morrill,science,UMass Amherst,co2,0.12560000000000002
2016-01-01 19:00:00,2,Mouse_health_Estela,Morrill,science,UMass Amherst,co2,0.12200000000000001
2016-01-01 20:00:00,2,Mouse_health_Estela,Morrill,science,UMass Amherst,co2,0.12000000000000001
2016-01-01 21:00:00,2,Mouse_health_Estela,Morrill,science,UMass Amherst,co2,0.1184
2016-01-01 22:00:00,2,Mouse_health_Estela,Morrill,science,UMass Amherst,co2,0.11520000000000001
2016-01-01 23:00:00,2,Mouse_health_Estela,Morrill,science,UMass Amherst,co2,0.11280000000000001
2016-01-02 00:00:00,2,Mouse_health_Estela,Morrill,science,UMass Amherst,co2,0.11520000000000001
2016-01-02 01:00:00,2,Mouse_health_Estela,Morrill,science,UMass Amherst,co2,0.1136
2016-01-02 02:00:00,2,Mouse_health_Estela,Morrill,science,UMass Amherst,co2,0.11520000000000001
2016-01-02 03:00:00,2,Mouse_health_Estela,Morrill,science,UMass Amherst,co2,0.11520000000000001
2016-01-02 04:00:00,2,Mouse_health_Estela,Morrill,science,UMass Amherst,co2,0.11280000000000001
2016-01-02 05:00:00,2,Mouse_health_Estela,Morrill,science,UMass Amherst,co2,0.1136
2016-01-02 06:00:00,2,Mouse_health_Estela,Morrill,science,UMass Amherst,co2,0.1148
2016-01-02 07:00:00,2,Mouse_health_Estela,Morrill,science,UMass Amherst,co2,0.1144
2016-01-02 08:00:00,2,Mouse_health_Estela,Morrill,science,UMass Amherst,co2,0.1192
2016-01-02 09:00:00,2,Mouse_health_Estela,Morrill,science,UMass Amherst,co2,0.1184
2016-01-02 10:00:00,2,Mouse_health_Estela,Morrill,science,UMass Amherst,co2,0.1212
2016-01-02 11:00:00,2,Mouse_health_Estela,Morrill,science,UMass Amherst,co2,0.12200000000000001
2016-01-02 12:00:00,2,Mouse_health_Estela,Morrill,science,UMass Amherst,co2,0.1228
2016-01-02 13:00:00,2,Mouse_health_Estela,Morrill,science,UMass Amherst,co2,0.1232
2016-01-02 14:00:00,2,Mouse_health_Estela,Morrill,science,UMass Amherst,co2,0.12560000000000002
2016-01-02 15:00:00,2,Mouse_health_Estela,Morrill,science,UMass Amherst,co2,0.12560000000000002
2016-01-02 16:00:00,2,Mouse_health_Estela,Morrill,science,UMass Amherst,co2,0.1308
2016-01-02 17:00:00,2,Mouse_health_Estela,Morrill,science,UMass Amherst,co2,0.13040000000000002
2016-01-02 18:00:00,2,Mouse_health_Estela,Morrill,science,UMass Amherst,co2,0.128
2016-01-02 19:00:00,2,Mouse_health_Estela,Morrill,science,UMass Amherst,co2,0.1268
2016-01-02 20:00:00,2,Mouse_health_Estela,Morrill,science,UMass Amherst,co2,0.12560000000000002
2016-01-02 21:00:00,2,Mouse_health_Estela,Morrill,science,UMass Amherst,co2,0.1252
2016-01-02 22:00:00,2,Mouse_health_Estela,Morrill,science,UMass Amherst,co2,0.1228
2016-01-02 23:00:00,2,Mouse_health_Estela,Morrill,science,UMass Amherst,co2,0.12040000000000001
2016-01-03 00:00:00,2,Mouse_health_Estela,Morrill,science,UMass Amherst,co2,0.1184
2016-01-03 01:00:00,2,Mouse_health_Estela,Morrill,science,UMass Amherst,co2,0.12560000000000002
2016-01-03 02:00:00,2,Mouse_health_Estela,Morrill,science,UMass Amherst,co2,0.1272
2016-01-03 03:00:00,2,Mouse_health_Estela,Morrill,science,UMass Amherst,co2,0.1264
2016-01-03 04:00:00,2,Mouse_health_Estela,Morrill,science,UMass Amherst,co2,0.1188
2016-01-03 05:00:00,2,Mouse_health_Estela,Morrill,science,UMass Amherst,co2,0.12200000000000001
2016-01-03 06:00:00,2,Mouse_health_Estela,Morrill,science,UMass Amherst,co2,0.12000000000000001
2016-01-03 07:00:00,2,Mouse_health_Estela,Morrill,science,UMass Amherst,co2,0.11960000000000001
2016-01-03 08:00:00,2,Mouse_health_Estela,Morrill,science,UMass Amherst,co2,0.11960000000000001
2016-01-03 09:00:00,2,Mouse_health_Estela,Morrill,science,UMass Amherst,co2,0.1212
2016-01-03 10:00:00,2,Mouse_health_Estela,Morrill,science,UMass Amherst,co2,0.1236
2016-01-03 11:00:00,2,Mouse_health_Estela,Morrill,science,UMass Amherst,co2,0.126
2016-01-03 12:00:00,2,Mouse_health_Estela,Morrill,science,UMass Amherst,co2,0.12560000000000002
2016-01-03 13:00:00,2,Mouse_health_Estela,Morrill,science,UMass Amherst,co2,0.1288
2016-01-03 14:00:00,2,Mouse_health_Estela,Morrill,science,UMass Amherst,co2,0.13
2016-01-03 15:00:00,2,Mouse_health_Estela,Morrill,science,UMass Amherst,co2,0.12560000000000002
2016-01-03 16:00:00,2,Mouse_health_Estela,Morrill,science,UMass Amherst,co2,0.12760000000000002
2016-01-03 17:00:00,2,Mouse_health_Estela,Morrill,science,UMass Amherst,co2,0.1252
2016-01-03 18:00:00,2,Mouse_health_Estela,Morrill,science,UMass Amherst,co2,0.1272
2016-01-03 19:00:00,2,Mouse_health_Estela,Morrill,science,UMass Amherst,co2,0.1252
2016-01-03 20:00:00,2,Mouse_health_Estela,Morrill,science,UMass Amherst,co2,0.124
2016-01-03 21:00:00,2,Mouse_health_Estela,Morrill,science,UMass Amherst,co2,0.1236
2016-01-03 22:00:00,2,Mouse_health_Estela,Morrill,science,UMass Amherst,co2,0.12200000000000001
2016-01-03 23:00:00,2,Mouse_health_Estela,Morrill,science,UMass Amherst,co2,0.1208
2016-01-04 00:00:00,2,Mouse_health_Estela,Morrill,science,UMass Amherst,co2,0.11760000000000001
2016-01-04 01:00:00,2,Mouse_health_Estela,Morrill,science,UMass Amherst,co2,0.11520000000000001
2016-01-04 02:00:00,2,Mouse_health_Estela,Morrill,science,UMass Amherst,co2,0.1144
2016-01-04 03:00:00,2,Mouse_health_Estela,Morrill,science,UMass Amherst,co2,0.1116
2016-01-04 04:00:00,2,Mouse_health_Estela,Morrill,science,UMass Amherst,co2,0.11120000000000001
2016-01-04 05:00:00,2,Mouse_health_Estela,Morrill,science,UMass Amherst,co2,0.1116
2016-01-04 06:00:00,2,Mouse_health_Estela,Morrill,science,UMass Amherst,co2,0.112
2016-01-04 07:00:00,2,Mouse_health_Estela,Morrill,science,UMass Amherst,co2,0.1168
2016-01-04 08:00:00,2,Mouse_health_Estela,Morrill,science,UMass Amherst,co2,0.13520000000000001
2016-01-04 09:00:00,2,Mouse_health_Estela,Morrill,science,UMass Amherst,co2,0.1688
2016-01-04 10:00:00,2,Mouse_health_Estela,Morrill,science,UMass Amherst,co2,0.19440000000000002
2016-01-04 11:00:00,2,Mouse_health_Estela,Morrill,science,UMass Amherst,co2,0.194
2016-01-04 12:00:00,2,Mouse_health_Estela,Morrill,science,UMass Amherst,co2,0.1968
2016-01-04 13:00:00,2,Mouse_health_Estela,Morrill,science,UMass Amherst,co2,0.20040000000000002
2016-01-04 14:00:00,2,Mouse_health_Estela,Morrill,science,UMass Amherst,co2,0.1908
2016-01-04 15:00:00,2,Mouse_health_Estela,Morrill,science,UMass Amherst,co2,0.1968
2016-01-04 16:00:00,2,Mouse_health_Estela,Morrill,science,UMass Amherst,co2,0.194
2016-01-04 17:00:00,2,Mouse_health_Estela,Morrill,science,UMass Amherst,co2,0.19160000000000002
2016-01-04 18:00:00,2,Mouse_health_Estela,Morrill,science,UMass Amherst,co2,0.18000000000000002
2016-01-04 19:00:00,2,Mouse_health_Estela,Morrill,science,UMass Amherst,co2,0.1608
2016-01-04 20:00:00,2,Mouse_health_Estela,Morrill,science,UMass Amherst,co2,0.14
2016-01-04 21:00:00,2,Mouse_health_Estela,Morrill,science,UMass Amherst,co2,0.13040000000000002
2016-01-04 22:00:00,2,Mouse_health_Estela,Morrill,science,UMass Amherst,co2,0.12440000000000001
2016-01-04 23:00:00,2,Mouse_health_Estela,Morrill,science,UMass Amherst,co2,0.1208
2016-01-05 00:00:00,2,Mouse_health_Estela,Morrill,science,UMass Amherst,co2,0.11720000000000001
2016-01-05 01:00:00,2,Mouse_health_Estela,Morrill,science,UMass Amherst,co2,0.11560000000000001
2016-01-05 02:00:00,2,Mouse_health_Estela,Morrill,science,UMass Amherst,co2,0.11520000000000001
2016-01-05 03:00:00,2,Mouse_health_Estela,Morrill,science,UMass Amherst,co2,0.1184
2016-01-05 04:00:00,2,Mouse_health_Estela,Morrill,science,UMass Amherst,co2,0.11960000000000001
2016-01-05 05:00:00,2,Mouse_health_Estela,Morrill,science,UMass Amherst,co2,0.1188
2016-01-05 06:00:00,2,Mouse_health_Estela,Morrill,science,UMass Amherst,co2,0.1192
2016-01-05 07:00:00,2,Mouse_health_Estela,Morrill,science,UMass Amherst,co2,0.12040000000000001
2016-01-05 08:00:00,2,Mouse_health_Estela,Morrill,science,UMass Amherst,co2,0.1356
2016-01-05 09:00:00,2,Mouse_health_Estela,Morrill,science,UMass Amherst,co2,0.18080000000000002
2016-01-05 10:00:00,2,Mouse_health_Estela,Morrill,science,UMass Amherst,co2,0.20320000000000002
2016-01-05 11:00:00,2,Mouse_health_Estela,Morrill,science,UMass Amherst,co2,0.2112
2016-01-05 12:00:00,2,Mouse_health_Estela,Morrill,science,UMass Amherst,co2,0.21280000000000002
2016-01-05 13:00:00,2,Mouse_health_Estela,Morrill,science,UMass Amherst,co2,0.21680000000000002
2016-01-05 14:00:00,2,Mouse_health_Estela,Morrill,science,UMass Amherst,co2,0.2076
2016-01-05 15:00:00,2,Mouse_health_Estela,Morrill,science,UMass Amherst,co2,0.2096
2016-01-05 16:00:00,2,Mouse_health_Estela,Morrill,science,UMass Amherst,co2,0.2088
2016-01-05 17:00:00,2,Mouse_health_Estela,Morrill,science,UMass Amherst,co2,0.198
2016-01-05 18:00:00,2,Mouse_health_Estela,Morrill,science,UMass Amherst,co2,0.1864
2016-01-05 19:00:00,2,Mouse_health_Estela,Morrill,science,UMass Amherst,co2,0.16440000000000002
2016-01-05 20:00:00,2,Mouse_health_Estela,Morrill,science,UMass Amherst,co2,0.14880000000000002
2016-01-05 21:00:00,2,Mouse_health_Estela,Morrill,science,UMass Amherst,co2,0.132
2016-01-05 22:00:00,2,Mouse_health_Estela,Morrill,science,UMass Amherst,co2,0.12480000000000001
2016-01-05 23:00:00,2,Mouse_health_Estela,Morrill,science,UMass Amherst,co2,0.12040000000000001
2016-01-06 00:00:00,2,Mouse_health_Estela,Morrill,science,UMass Amherst,co2,0.13744112
2016-01-06 01:00:00,2,Mouse_health_Estela,Morrill,science,UMass Amherst,co2,0.1580822
2016-01-06 02:00:00,2,Mouse_health_Estela,Morrill,science,UMass Amherst,co2,0.1580822
2016-01-06 03:00:00,2,Mouse_health_Estela,Morrill,science,UMass Amherst,co2,0.1580822
2016-01-06 04:00:00,2,Mouse_health_Estela,Morrill,science,UMass Amherst,co2,0.1580822
2016-01-06 05:00:00,2,Mouse_health_Estela,Morrill,science,UMass Amherst,co2,0.1580822
2016-01-06 06:00:00,2,Mouse_health_Estela,Morrill,science,UMass Amherst,co2,0.1580822
2016-01-06 07:00:00,2,Mouse_health_Estela,Morrill,science,UMass Amherst,co2,0.1580822
2016-01-06 08:00:00,2,Mouse_health_Estela,Morrill,science,UMass Amherst,co2,0.1580822
2016-01-06 09:00:00,2,Mouse_health_Estela,Morrill,science,UMass Amherst,co2,0.1580822
2016-01-06 10:00:00,2,Mouse_health_Estela,Morrill,science,UMass Amherst,co2,0.1580822
2016-01-06 11:00:00,2,Mouse_health_Estela,Morrill,science,UMass Amherst,co2,0.1580822
2016-01-06 12:00:00,2,Mouse_health_Estela,Morrill,science,UMass Amherst,co2,0.1580822
2016-01-06 13:00:00,2,Mouse_health_Estela,Morrill,science,UMass Amherst,co2,0.1580822
2016-01-06 14:00:00,2,Mouse_health_Estela,Morrill,science,UMass Amherst,co2,0.1580822
2016-01-06 15:00:00,2,Mouse_health_Estela,Morrill,science,UMass Amherst,co2,0.1580822
2016-01-06 16:00:00,2,Mouse_health_Estela,Morrill,science,UMass Amherst,co2,0.1580822
2016-01-06 17:00:00,2,Mouse_health_Estela,Morrill,science,UMass Amherst,co2,0.1580822
2016-01-06 18:00:00,2,Mouse_health_Estela,Morrill,science,UMass Amherst,co2,0.1580822
2016-01-06 19:00:00,2,Mouse_health_Estela,Morrill,science,UMass Amherst,co2,0.1580822
2016-01-06 20:00:00,2,Mouse_health_Estela,Morrill,science,UMass Amherst,co2,0.1580822
2016-01-06 21:00:00,2,Mouse_health_Estela,Morrill,science,UMass Amherst,co2,0.1580822
2016-01-06 22:00:00,2,Mouse_health_Estela,Morrill,science,UMass Amherst,co2,0.1580822
2016-01-06 23:00:00,2,Mouse_health_Estela,Morrill,science,UMass Amherst,co2,0.1580822
2016-01-07 00:00:00,2,Mouse_health_Estela,Morrill,science,UMass Amherst,co2,0.1580822
2016-01-07 01:00:00,2,Mouse_health_Estela,Morrill,science,UMass Amherst,co2,0.1580822
2016-01-07 02:00:00,2,Mouse_health_Estela,Morrill,science,UMass Amherst,co2,0.1580822
2016-01-07 03:00:00,2,Mouse_health_Estela,Morrill,science,UMass Amherst,co2,0.1580822
2016-01-07 04:00:00,2,Mouse_health_Estela,Morrill,science,UMass Amherst,co2,0.1580822
2016-01-07 05:00:00,2,Mouse_health_Estela,Morrill,science,UMass Amherst,co2,0.1580822
2016-01-07 06:00:00,2,Mouse_health_Estela,Morrill,science,UMass Amherst,co2,0.1580822
2016-01-07 07:00:00,2,Mouse_health_Estela,Morrill,science,UMass Amherst,co2,0.1580822
2016-01-07 08:00:00,2,Mouse_health_Estela,Morrill,science,UMass Amherst,co2,0.1580822
2016-01-07 09:00:00,2,Mouse_health_Estela,Morrill,science,UMass Amherst,co2,0.1580822
2016-01-07 10:00:00,2,Mouse_health_Estela,Morrill,science,UMass Amherst,co2,0.1580822
2016-01-07 11:00:00,2,Mouse_health_Estela,Morrill,science,UMass Amherst,co2,0.1580822
2016-01-07 12:00:00,2,Mouse_health_Estela,Morrill,science,UMass Amherst,co2,0.1580822
2016-01-07 13:00:00,2,Mouse_health_Estela,Morrill,science,UMass Amherst,co2,0.1580822
2016-01-07 14:00:00,2,Mouse_health_Estela,Morrill,science,UMass Amherst,co2,0.1580822
2016-01-07 15:00:00,2,Mouse_health_Estela,Morrill,science,UMass Amherst,co2,0.1580822
2016-01-07 16:00:00,2,Mouse_health_Estela,Morrill,science,UMass Amherst,co2,0.1580822
2016-01-07 17:00:00,2,Mouse_health_Estela,Morrill,science,UMass Amherst,co2,0.1580822
2016-01-07 18:00:00,2,Mouse_health_Estela,Morrill,science,UMass Amherst,co2,0.1580822
2016-01-07 19:00:00,2,Mouse_health_Estela,Morrill,science,UMass Amherst,co2,0.1580822
2016-01-07 20:00:00,2,Mouse_health_Estela,Morrill,science,UMass Amherst,co2,0.1580822
2016-01-07 21:00:00,2,Mouse_health_Estela,Morrill,science,UMass Amherst,co2,0.1580822
2016-01-07 22:00:00,2,Mouse_health_Estela,Morrill,science,UMass Amherst,co2,0.1580822
2016-01-07 23:00:00,2,Mouse_health_Estela,Morrill,science,UMass Amherst,co2,0.1580822
2016-01-08 00:00:00,2,Mouse_health_Estela,Morrill,science,UMass Amherst,co2,0.1580822
2016-01-08 01:00:00,2,Mouse_health_Estela,Morrill,science,UMass Amherst,co2,0.1580822
2016-01-08 02:00:00,2,Mouse_health_Estela,Morrill,science,UMass Amherst,co2,0.1580822
2016-01-08 03:00:00,2,Mouse_health_Estela,Morrill,science,UMass Amherst,co2,0.1580822
2016-01-08 04:00:00,2,Mouse_health_Estela,Morrill,science,UMass Amherst,co2,0.1580822
2016-01-08 05:00:00,2,Mouse_health_Estela,Morrill,science,UMass Amherst,co2,0.1580822
2016-01-08 06:00:00,2,Mouse_health_Estela,Morrill,science,UMass Amherst,co2,0.1580822
2016-01-08 07:00:00,2,Mouse_health_Estela,Morrill,science,UMass Amherst,co2,0.1580822
2016-01-08 08:00:00,2,Mouse_health_Estela,Morrill,science,UMass Amherst,co2,0.1580822
2016-01-08 09:00:00,2,Mouse_health_Estela,Morrill,science,UMass Amherst,co2,0.1580822
2016-01-08 10:00:00,2,Mouse_health_Estela,Morrill,science,UMass Amherst,co2,0.1580822
2016-01-08 11:00:00,2,Mouse_health_Estela,Morrill,science,UMass Amherst,co2,0.1580822
2016-01-08 12:00:00,2,Mouse_health_Estela,Morrill,science,UMass Amherst,co2,0.1580822
2016-01-08 13:00:00,2,Mouse_health_Estela,Morrill,science,UMass Amherst,co2,0.1580822
2016-01-08 14:00:00,2,Mouse_health_Estela,Morrill,science,UMass Amherst,co2,0.1580822
2016-01-08 15:00:00,2,Mouse_health_Estela,Morrill,science,UMass Amherst,co2,0.1580822
2016-01-08 16:00:00,2,Mouse_health_Estela,Morrill,science,UMass Amherst,co2,0.1580822
2016-01-08 17:00:00,2,Mouse_health_Estela,Morrill,science,UMass Amherst,co2,0.1580822
2016-01-08 18:00:00,2,Mouse_health_Estela,Morrill,science,UMass Amherst,co2,0.1580822
2016-01-08 19:00:00,2,Mouse_health_Estela,Morrill,science,UMass Amherst,co2,0.1580822
2016-01-08 20:00:00,2,Mouse_health_Estela,Morrill,science,UMass Amherst,co2,0.1580822
2016-01-08 21:00:00,2,Mouse_health_Estela,Morrill,science,UMass Amherst,co2,0.1580822
2016-01-08 22:00:00,2,Mouse_health_Estela,Morrill,science,UMass Amherst,co2,0.1580822
2016-01-08 23:00:00,2,Mouse_health_Estela,Morrill,science,UMass Amherst,co2,0.1580822
2016-01-09 00:00:00,2,Mouse_health_Estela,Morrill,science,UMass Amherst,co2,0.1580822
2016-01-09 01:00:00,2,Mouse_health_Estela,Morrill,science,UMass Amherst,co2,0.1580822
2016-01-09 02:00:00,2,Mouse_health_Estela,Morrill,science,UMass Amherst,co2,0.1580822
2016-01-09 03:00:00,2,Mouse_health_Estela,Morrill,science,UMass Amherst,co2,0.1580822
2016-01-09 04:00:00,2,Mouse_health_Estela,Morrill,science,UMass Amherst,co2,0.1580822
2016-01-09 05:00:00,2,Mouse_health_Estela,Morrill,science,UMass Amherst,co2,0.1580822
2016-01-09 06:00:00,2,Mouse_health_Estela,Morrill,science,UMass Amherst,co2,0.1580822
2016-01-09 07:00:00,2,Mouse_health_Estela,Morrill,science,UMass Amherst,co2,0.1580822
2016-01-09 08:00:00,2,Mouse_health_Estela,Morrill,science,UMass Amherst,co2,0.1580822
2016-01-09 09:00:00,2,Mouse_health_Estela,Morrill,science,UMass Amherst,co2,0.1580822
2016-01-09 10:00:00,2,Mouse_health_Estela,Morrill,science,UMass Amherst,co2,0.1580822
2016-01-09 11:00:00,2,Mouse_health_Estela,Morrill,science,UMass Amherst,co2,0.1580822
2016-01-09 12:00:00,2,Mouse_health_Estela,Morrill,science,UMass Amherst,co2,0.1580822
2016-01-09 13:00:00,2,Mouse_health_Estela,Morrill,science,UMass Amherst,co2,0.1580822
2016-01-09 14:00:00,2,Mouse_health_Estela,Morrill,science,UMass Amherst,co2,0.1580822
2016-01-09 15:00:00,2,Mouse_health_Estela,Morrill,science,UMass Amherst,co2,0.1580822
2016-01-09 16:00:00,2,Mouse_health_Estela,Morrill,science,UMass Amherst,co2,0.1580822
2016-01-09 17:00:00,2,Mouse_health_Estela,Morrill,science,UMass Amherst,co2,0.1580822
2016-01-09 18:00:00,2,Mouse_health_Estela,Morrill,science,UMass Amherst,co2,0.1580822
2016-01-09 19:00:00,2,Mouse_health_Estela,Morrill,science,UMass Amherst,co2,0.1580822
2016-01-09 20:00:00,2,Mouse_health_Estela,Morrill,science,UMass Amherst,co2,0.1580822
2016-01-09 21:00:00,2,Mouse_health_Estela,Morrill,science,UMass Amherst,co2,0.1580822
2016-01-09 22:00:00,2,Mouse_health_Estela,Morrill,science,UMass Amherst,co2,0.1580822
2016-01-09 23:00:00,2,Mouse_health_Estela,Morrill,science,UMass Amherst,co2,0.1580822
2016-01-10 00:00:00,2,Mouse_health_Estela,Morrill,science,UMass Amherst,co2,0.1580822
2016-01-10 01:00:00,2,Mouse_health_Estela,Morrill,science,UMass Amherst,co2,0.1580822
2016-01-10 02:00:00,2,Mouse_health_Estela,Morrill,science,UMass Amherst,co2,0.1580822
2016-01-10 03:00:00,2,Mouse_health_Estela,Morrill,science,UMass Amherst,co2,0.1580822
2016-01-10 04:00:00,2,Mouse_health_Estela,Morrill,science,UMass Amherst,co2,0.1580822
2016-01-10 05:00:00,2,Mouse_health_Estela,Morrill,science,UMass Amherst,co2,0.1580822
2016-01-10 06:00:00,2,Mouse_health_Estela,Morrill,science,UMass Amherst,co2,0.1580822
2016-01-10 07:00:00,2,Mouse_health_Estela,Morrill,science,UMass Amherst,co2,0.1580822
2016-01-10 08:00:00,2,Mouse_health_Estela,Morrill,science,UMass Amherst,co2,0.1580822
2016-01-10 09:00:00,2,Mouse_health_Estela,Morrill,science,UMass Amherst,co2,0.1580822
2016-01-10 10:00:00,2,Mouse_health_Estela,Morrill,science,UMass Amherst,co2,0.1580822
2016-01-10 11:00:00,2,Mouse_health_Estela,Morrill,science,UMass Amherst,co2,0.1580822
2016-01-10 12:00:00,2,Mouse_health_Estela,Morrill,science,UMass Amherst,co2,0.1580822
2016-01-10 13:00:00,2,Mouse_health_Estela,Morrill,science,UMass Amherst,co2,0.1580822
2016-01-10 14:00:00,2,Mouse_health_Estela,Morrill,science,UMass Amherst,co2,0.1580822
2016-01-10 15:00:00,2,Mouse_health_Estela,Morrill,science,UMass Amherst,co2,0.1580822
2016-01-10 16:00:00,2,Mouse_health_Estela,Morrill,science,UMass Amherst,co2,0.1580822
2016-01-10 17:00:00,2,Mouse_health_Estela,Morrill,science,UMass Amherst,co2,0.1580822
2016-01-10 18:00:00,2,Mouse_health_Estela,Morrill,science,UMass Amherst,co2,0.1580822
2016-01-10 19:00:00,2,Mouse_health_Estela,Morrill,science,UMass Amherst,co2,0.1580822
2016-01-10 20:00:00,2,Mouse_health_Estela,Morrill,science,UMass Amherst,co2,0.1580822
2016-01-10 21:00:00,2,Mouse_health_Estela,Morrill,science,UMass Amherst,co2,0.1580822
2016-01-10 22:00:00,2,Mouse_health_Estela,Morrill,science,UMass Amherst,co2,0.1580822
2016-01-10 23:00:00,2,Mouse_health_Estela,Morrill,science,UMass Amherst,co2,0.1580822
2016-01-11 00:00:00,2,Mouse_health_Estela,Morrill,science,UMass Amherst,co2,0.1580822
2016-01-11 01:00:00,2,Mouse_health_Estela,Morrill,science,UMass Amherst,co2,0.1580822
2016-01-11 02:00:00,2,Mouse_health_Estela,Morrill,science,UMass Amherst,co2,0.1580822
2016-01-11 03:00:00,2,Mouse_health_Estela,Morrill,science,UMass Amherst,co2,0.1580822
2016-01-11 04:00:00,2,Mouse_health_Estela,Morrill,science,UMass Amherst,co2,0.1580822
2016-01-11 05:00:00,2,Mouse_health_Estela,Morrill,science,UMass Amherst,co2,0.1580822
2016-01-11 06:00:00,2,Mouse_health_Estela,Morrill,science,UMass Amherst,co2,0.1580822
2016-01-11 07:00:00,2,Mouse_health_Estela,Morrill,science,UMass Amherst,co2,0.1580822
2016-01-11 08:00:00,2,Mouse_health_Estela,Morrill,science,UMass Amherst,co2,0.1580822
2016-01-11 09:00:00,2,Mouse_health_Estela,Morrill,science,UMass Amherst,co2,0.1580822
2016-01-11 10:00:00,2,Mouse_health_Estela,Morrill,science,UMass Amherst,co2,0.1580822
2016-01-11 11:00:00,2,Mouse_health_Estela,Morrill,science,UMass Amherst,co2,0.1580822
2016-01-11 12:00:00,2,Mouse_health_Estela,Morrill,science,UMass Amherst,co2,0.1580822
2016-01-11 13:00:00,2,Mouse_health_Estela,Morrill,science,UMass Amherst,co2,0.1580822
2016-01-11 14:00:00,2,Mouse_health_Estela,Morrill,science,UMass Amherst,co2,0.1580822
2016-01-11 15:00:00,2,Mouse_health_Estela,Morrill,science,UMass Amherst,co2,0.1580822
2016-01-11 16:00:00,2,Mouse_health_Estela,Morrill,science,UMass Amherst,co2,0.1580822
2016-01-11 17:00:00,2,Mouse_health_Estela,Morrill,science,UMass Amherst,co2,0.1580822
2016-01-11 18:00:00,2,Mouse_health_Estela,Morrill,science,UMass Amherst,co2,0.1580822
2016-01-11 19:00:00,2,Mouse_health_Estela,Morrill,science,UMass Amherst,co2,0.1580822
2016-01-11 20:00:00,2,Mouse_health_Estela,Morrill,science,UMass Amherst,co2,0.1580822
2016-01-11 21:00:00,2,Mouse_health_Estela,Morrill,science,UMass Amherst,co2,0.1580822
2016-01-11 22:00:00,2,Mouse_health_Estela,Morrill,science,UMass Amherst,co2,0.1580822
2016-01-11 23:00:00,2,Mouse_health_Estela,Morrill,science,UMass Amherst,co2,0.1580822
2016-01-12 00:00:00,2,Mouse_health_Estela,Morrill,science,UMass Amherst,co2,0.1580822
2016-01-12 01:00:00,2,Mouse_health_Estela,Morrill,science,UMass Amherst,co2,0.1580822
2016-01-12 02:00:00,2,Mouse_health_Estela,Morrill,science,UMass Amherst,co2,0.1580822
2016-01-12 03:00:00,2,Mouse_health_Estela,Morrill,science,UMass Amherst,co2,0.1580822
2016-01-12 04:00:00,2,Mouse_health_Estela,Morrill,science,UMass Amherst,co2,0.1580822
2016-01-12 05:00:00,2,Mouse_health_Estela,Morrill,science,UMass Amherst,co2,0.1580822
2016-01-12 06:00:00,2,Mouse_health_Estela,Morrill,science,UMass Amherst,co2,0.1580822
2016-01-12 07:00:00,2,Mouse_health_Estela,Morrill,science,UMass Amherst,co2,0.1580822
2016-01-12 08:00:00,2,Mouse_health_Estela,Morrill,science,UMass Amherst,co2,0.1580822
2016-01-12 09:00:00,2,Mouse_health_Estela,Morrill,science,UMass Amherst,co2,0.1580822
2016-01-12 10:00:00,2,Mouse_health_Estela,Morrill,science,UMass Amherst,co2,0.1580822
2016-01-12 11:00:00,2,Mouse_health_Estela,Morrill,science,UMass Amherst,co2,0.1580822
2016-01-12 12:00:00,2,Mouse_health_Estela,Morrill,science,UMass Amherst,co2,0.1580822
2016-01-12 13:00:00,2,Mouse_health_Estela,Morrill,science,UMass Amherst,co2,0.1580822
2016-01-12 14:00:00,2,Mouse_health_Estela,Morrill,science,UMass Amherst,co2,0.1580822
2016-01-12 15:00:00,2,Mouse_health_Estela,Morrill,science,UMass Amherst,co2,0.1580822
2016-01-12 16:00:00,2,Mouse_health_Estela,Morrill,science,UMass Amherst,co2,0.1580822
2016-01-12 17:00:00,2,Mouse_health_Estela,Morrill,science,UMass Amherst,co2,0.1580822
2016-01-12 18:00:00,2,Mouse_health_Estela,Morrill,science,UMass Amherst,co2,0.1580822
2016-01-12 19:00:00,2,Mouse_health_Estela,Morrill,science,UMass Amherst,co2,0.1580822
2016-01-12 20:00:00,2,Mouse_health_Estela,Morrill,science,UMass Amherst,co2,0.1580822
2016-01-12 21:00:00,2,Mouse_health_Estela,Morrill,science,UMass Amherst,co2,0.1580822
2016-01-12 22:00:00,2,Mouse_health_Estela,Morrill,science,UMass Amherst,co2,0.1580822
2016-01-12 23:00:00,2,Mouse_health_Estela,Morrill,science,UMass Amherst,co2,0.1580822
2016-01-13 00:00:00,2,Mouse_health_Estela,Morrill,science,UMass Amherst,co2,0.1580822
2016-01-13 01:00:00,2,Mouse_health_Estela,Morrill,science,UMass Amherst,co2,0.1580822
2016-01-13 02:00:00,2,Mouse_health_Estela,Morrill,science,UMass Amherst,co2,0.1580822
2016-01-13 03:00:00,2,Mouse_health_Estela,Morrill,science,UMass Amherst,co2,0.1580822
2016-01-13 04:00:00,2,Mouse_health_Estela,Morrill,science,UMass Amherst,co2,0.1580822
2016-01-13 05:00:00,2,Mouse_health_Estela,Morrill,science,UMass Amherst,co2,0.1580822
2016-01-13 06:00:00,2,Mouse_health_Estela,Morrill,science,UMass Amherst,co2,0.1580822
2016-01-13 07:00:00,2,Mouse_health_Estela,Morrill,science,UMass Amherst,co2,0.1580822
2016-01-13 08:00:00,2,Mouse_health_Estela,Morrill,science,UMass Amherst,co2,0.1580822
2016-01-13 09:00:00,2,Mouse_health_Estela,Morrill,science,UMass Amherst,co2,0.1580822
2016-01-13 10:00:00,2,Mouse_health_Estela,Morrill,science,UMass Amherst,co2,0.1580822
2016-01-13 11:00:00,2,Mouse_health_Estela,Morrill,science,UMass Amherst,co2,0.1580822
2016-01-13 12:00:00,2,Mouse_health_Estela,Morrill,science,UMass Amherst,co2,0.1580822
2016-01-13 13:00:00,2,Mouse_health_Estela,Morrill,science,UMass Amherst,co2,0.1580822
2016-01-13 14:00:00,2,Mouse_health_Estela,Morrill,science,UMass Amherst,co2,0.1580822
2016-01-13 15:00:00,2,Mouse_health_Estela,Morrill,science,UMass Amherst,co2,0.1580822
2016-01-13 16:00:00,2,Mouse_health_Estela,Morrill,science,UMass Amherst,co2,0.1580822
2016-01-13 17:00:00,2,Mouse_health_Estela,Morrill,science,UMass Amherst,co2,0.1580822
2016-01-13 18:00:00,2,Mouse_health_Estela,Morrill,science,UMass Amherst,co2,0.1580822
2016-01-13 19:00:00,2,Mouse_health_Estela,Morrill,science,UMass Amherst,co2,0.1580822
2016-01-13 20:00:00,2,Mouse_health_Estela,Morrill,science,UMass Amherst,co2,0.1580822
2016-01-13 21:00:00,2,Mouse_health_Estela,Morrill,science,UMass Amherst,co2,0.1580822
2016-01-13 22:00:00,2,Mouse_health_Estela,Morrill,science,UMass Amherst,co2,0.1580822
2016-01-13 23:00:00,2,Mouse_health_Estela,Morrill,science,UMass Amherst,co2,0.1580822
2016-01-14 00:00:00,2,Mouse_health_Estela,Morrill,science,UMass Amherst,co2,0.1580822
2016-01-14 01:00:00,2,Mouse_health_Estela,Morrill,science,UMass Amherst,co2,0.1580822
2016-01-14 02:00:00,2,Mouse_health_Estela,Morrill,science,UMass Amherst,co2,0.1580822
2016-01-14 03:00:00,2,Mouse_health_Estela,Morrill,science,UMass Amherst,co2,0.1580822
2016-01-14 04:00:00,2,Mouse_health_Estela,Morrill,science,UMass Amherst,co2,0.1580822
2016-01-14 05:00:00,2,Mouse_health_Estela,Morrill,science,UMass Amherst,co2,0.1580822
2016-01-14 06:00:00,2,Mouse_health_Estela,Morrill,science,UMass Amherst,co2,0.1580822
2016-01-14 07:00:00,2,Mouse_health_Estela,Morrill,science,UMass Amherst,co2,0.1580822
2016-01-14 08:00:00,2,Mouse_health_Estela,Morrill,science,UMass Amherst,co2,0.1580822
2016-01-14 09:00:00,2,Mouse_health_Estela,Morrill,science,UMass Amherst,co2,0.1580822
2016-01-14 10:00:00,2,Mouse_health_Estela,Morrill,science,UMass Amherst,co2,0.1580822
2016-01-14 11:00:00,2,Mouse_health_Estela,Morrill,science,UMass Amherst,co2,0.1580822
2016-01-14 12:00:00,2,Mouse_health_Estela,Morrill,science,UMass Amherst,co2,0.1580822
2016-01-14 13:00:00,2,Mouse_health_Estela,Morrill,science,UMass Amherst,co2,0.1580822
2016-01-14 14:00:00,2,Mouse_health_Estela,Morrill,science,UMass Amherst,co2,0.1580822
2016-01-14 15:00:00,2,Mouse_health_Estela,Morrill,science,UMass Amherst,co2,0.1580822
2016-01-14 16:00:00,2,Mouse_health_Estela,Morrill,science,UMass Amherst,co2,0.1580822
2016-01-14 17:00:00,2,Mouse_health_Estela,Morrill,science,UMass Amherst,co2,0.1580822
2016-01-14 18:00:00,2,Mouse_health_Estela,Morrill,science,UMass Amherst,co2,0.1580822
2016-01-14 19:00:00,2,Mouse_health_Estela,Morrill,science,UMass Amherst,co2,0.1580822
2016-01-14 20:00:00,2,Mouse_health_Estela,Morrill,science,UMass Amherst,co2,0.1580822
2016-01-14 21:00:00,2,Mouse_health_Estela,Morrill,science,UMass Amherst,co2,0.1580822
2016-01-14 22:00:00,2,Mouse_health_Estela,Morrill,science,UMass Amherst,co2,0.1580822
2016-01-14 23:00:00,2,Mouse_health_Estela,Morrill,science,UMass Amherst,co2,0.1580822
2016-01-15 00:00:00,2,Mouse_health_Estela,Morrill,science,UMass Amherst,co2,0.14664112
2016-01-15 01:00:00,2,Mouse_health_Estela,Morrill,science,UMass Amherst,co2,0.14464112
2016-01-15 02:00:00,2,Mouse_health_Estela,Morrill,science,UMass Amherst,co2,0.13
2016-01-15 03:00:00,2,Mouse_health_Estela,Morrill,science,UMass Amherst,co2,0.12840000000000001
2016-01-15 04:00:00,2,Mouse_health_Estela,Morrill,science,UMass Amherst,co2,0.128
2016-01-15 05:00:00,2,Mouse_health_Estela,Morrill,science,UMass Amherst,co2,0.1268
2016-01-15 06:00:00,2,Mouse_health_Estela,Morrill,science,UMass Amherst,co2,0.1296
2016-01-15 07:00:00,2,Mouse_health_Estela,Morrill,science,UMass Amherst,co2,0.1316
2016-01-15 08:00:00,2,Mouse_health_Estela,Morrill,science,UMass Amherst,co2,0.1496
2016-01-15 09:00:00,2,Mouse_health_Estela,Morrill,science,UMass Amherst,co2,0.1884
2016-01-15 10:00:00,2,Mouse_health_Estela,Morrill,science,UMass Amherst,co2,0.22920000000000001
2016-01-15 11:00:00,2,Mouse_health_Estela,Morrill,science,UMass Amherst,co2,0.226
2016-01-15 12:00:00,2,Mouse_health_Estela,Morrill,science,UMass Amherst,co2,0.23520000000000002
2016-01-15 13:00:00,2,Mouse_health_Estela,Morrill,science,UMass Amherst,co2,0.2376
2016-01-15 14:00:00,2,Mouse_health_Estela,Morrill,science,UMass Amherst,co2,0.23320000000000002
2016-01-15 15:00:00,2,Mouse_health_Estela,Morrill,science,UMass Amherst,co2,0.234
2016-01-15 16:00:00,2,Mouse_health_Estela,Morrill,science,UMass Amherst,co2,0.23
2016-01-15 17:00:00,2,Mouse_health_Estela,Morrill,science,UMass Amherst,co2,0.224
2016-01-15 18:00:00,2,Mouse_health_Estela,Morrill,science,UMass Amherst,co2,0.2036
2016-01-15 19:00:00,2,Mouse_health_Estela,Morrill,science,UMass Amherst,co2,0.182
2016-01-15 20:00:00,2,Mouse_health_Estela,Morrill,science,UMass Amherst,co2,0.1656
2016-01-15 21:00:00,2,Mouse_health_Estela,Morrill,science,UMass Amherst,co2,0.15480000000000002
2016-01-15 22:00:00,2,Mouse_health_Estela,Morrill,science,UMass Amherst,co2,0.14400000000000002
2016-01-15 23:00:00,2,Mouse_health_Estela,Morrill,science,UMass Amherst,co2,0.1384
2016-01-16 00:00:00,2,Mouse_health_Estela,Morrill,science,UMass Amherst,co2,0.13440000000000002
2016-01-16 01:00:00,2,Mouse_health_Estela,Morrill,science,UMass Amherst,co2,0.132
2016-01-16 02:00:00,2,Mouse_health_Estela,Morrill,science,UMass Amherst,co2,0.1328
2016-01-16 03:00:00,2,Mouse_health_Estela,Morrill,science,UMass Amherst,co2,0.1308
2016-01-16 04:00:00,2,Mouse_health_Estela,Morrill,science,UMass Amherst,co2,0.13040000000000002
2016-01-16 05:00:00,2,Mouse_health_Estela,Morrill,science,UMass Amherst,co2,0.1316
2016-01-16 06:00:00,2,Mouse_health_Estela,Morrill,science,UMass Amherst,co2,0.1312
2016-01-16 07:00:00,2,Mouse_health_Estela,Morrill,science,UMass Amherst,co2,0.1332
2016-01-16 08:00:00,2,Mouse_health_Estela,Morrill,science,UMass Amherst,co2,0.1464
2016-01-16 09:00:00,2,Mouse_health_Estela,Morrill,science,UMass Amherst,co2,0.1632
2016-01-16 10:00:00,2,Mouse_health_Estela,Morrill,science,UMass Amherst,co2,0.1608
2016-01-16 11:00:00,2,Mouse_health_Estela,Morrill,science,UMass Amherst,co2,0.1668
2016-01-16 12:00:00,2,Mouse_health_Estela,Morrill,science,UMass Amherst,co2,0.1648
2016-01-16 13:00:00,2,Mouse_health_Estela,Morrill,science,UMass Amherst,co2,0.1676
2016-01-16 14:00:00,2,Mouse_health_Estela,Morrill,science,UMass Amherst,co2,0.1652
2016-01-16 15:00:00,2,Mouse_health_Estela,Morrill,science,UMass Amherst,co2,0.1532
2016-01-16 16:00:00,2,Mouse_health_Estela,Morrill,science,UMass Amherst,co2,0.1516
2016-01-16 17:00:00,2,Mouse_health_Estela,Morrill,science,UMass Amherst,co2,0.1492
2016-01-16 18:00:00,2,Mouse_health_Estela,Morrill,science,UMass Amherst,co2,0.15
2016-01-16 19:00:00,2,Mouse_health_Estela,Morrill,science,UMass Amherst,co2,0.1504
2016-01-16 20:00:00,2,Mouse_health_Estela,Morrill,science,UMass Amherst,co2,0.1428
2016-01-16 21:00:00,2,Mouse_health_Estela,Morrill,science,UMass Amherst,co2,0.14200000000000002
2016-01-16 22:00:00,2,Mouse_health_Estela,Morrill,science,UMass Amherst,co2,0.14120000000000002
2016-01-16 23:00:00,2,Mouse_health_Estela,Morrill,science,UMass Amherst,co2,0.1408
2016-01-17 00:00:00,2,Mouse_health_Estela,Morrill,science,UMass Amherst,co2,0.1424
2016-01-17 01:00:00,2,Mouse_health_Estela,Morrill,science,UMass Amherst,co2,0.15280000000000002
2016-01-17 02:00:00,2,Mouse_health_Estela,Morrill,science,UMass Amherst,co2,0.1424
2016-01-17 03:00:00,2,Mouse_health_Estela,Morrill,science,UMass Amherst,co2,0.1396
2016-01-17 04:00:00,2,Mouse_health_Estela,Morrill,science,UMass Amherst,co2,0.1408
2016-01-17 05:00:00,2,Mouse_health_Estela,Morrill,science,UMass Amherst,co2,0.14200000000000002
2016-01-17 06:00:00,2,Mouse_health_Estela,Morrill,science,UMass Amherst,co2,0.1404
2016-01-17 07:00:00,2,Mouse_health_Estela,Morrill,science,UMass Amherst,co2,0.1408
2016-01-17 08:00:00,2,Mouse_health_Estela,Morrill,science,UMass Amherst,co2,0.14600000000000002
2016-01-17 09:00:00,2,Mouse_health_Estela,Morrill,science,UMass Amherst,co2,0.15080000000000002
2016-01-17 10:00:00,2,Mouse_health_Estela,Morrill,science,UMass Amherst,co2,0.15480000000000002
2016-01-17 11:00:00,2,Mouse_health_Estela,Morrill,science,UMass Amherst,co2,0.16640000000000002
2016-01-17 12:00:00,2,Mouse_health_Estela,Morrill,science,UMass Amherst,co2,0.1652
2016-01-17 13:00:00,2,Mouse_health_Estela,Morrill,science,UMass Amherst,co2,0.17880000000000001
2016-01-17 14:00:00,2,Mouse_health_Estela,Morrill,science,UMass Amherst,co2,0.158
2016-01-17 15:00:00,2,Mouse_health_Estela,Morrill,science,UMass Amherst,co2,0.16040000000000001
2016-01-17 16:00:00,2,Mouse_health_Estela,Morrill,science,UMass Amherst,co2,0.1512
2016-01-17 17:00:00,2,Mouse_health_Estela,Morrill,science,UMass Amherst,co2,0.1464
2016-01-17 18:00:00,2,Mouse_health_Estela,Morrill,science,UMass Amherst,co2,0.1456
2016-01-17 19:00:00,2,Mouse_health_Estela,Morrill,science,UMass Amherst,co2,0.14600000000000002
2016-01-17 20:00:00,2,Mouse_health_Estela,Morrill,science,UMass Amherst,co2,0.1444
2016-01-17 21:00:00,2,Mouse_health_Estela,Morrill,science,UMass Amherst,co2,0.14120000000000002
2016-01-17 22:00:00,2,Mouse_health_Estela,Morrill,science,UMass Amherst,co2,0.1404
2016-01-17 23:00:00,2,Mouse_health_Estela,Morrill,science,UMass Amherst,co2,0.1416
2016-01-18 00:00:00,2,Mouse_health_Estela,Morrill,science,UMass Amherst,co2,0.1368
2016-01-18 01:00:00,2,Mouse_health_Estela,Morrill,science,UMass Amherst,co2,0.1316
2016-01-18 02:00:00,2,Mouse_health_Estela,Morrill,science,UMass Amherst,co2,0.136
2016-01-18 03:00:00,2,Mouse_health_Estela,Morrill,science,UMass Amherst,co2,0.1368
2016-01-18 04:00:00,2,Mouse_health_Estela,Morrill,science,UMass Amherst,co2,0.136
2016-01-18 05:00:00,2,Mouse_health_Estela,Morrill,science,UMass Amherst,co2,0.136
2016-01-18 06:00:00,2,Mouse_health_Estela,Morrill,science,UMass Amherst,co2,0.1368
2016-01-18 07:00:00,2,Mouse_health_Estela,Morrill,science,UMass Amherst,co2,0.13720000000000002
2016-01-18 08:00:00,2,Mouse_health_Estela,Morrill,science,UMass Amherst,co2,0.1532
2016-01-18 09:00:00,2,Mouse_health_Estela,Morrill,science,UMass Amherst,co2,0.194
2016-01-18 10:00:00,2,Mouse_health_Estela,Morrill,science,UMass Amherst,co2,0.228
2016-01-18 11:00:00,2,Mouse_health_Estela,Morrill,science,UMass Amherst,co2,0.23240000000000002
2016-01-18 12:00:00,2,Mouse_health_Estela,Morrill,science,UMass Amherst,co2,0.22920000000000001
2016-01-18 13:00:00,2,Mouse_health_Estela,Morrill,science,UMass Amherst,co2,0.228
2016-01-18 14:00:00,2,Mouse_health_Estela,Morrill,science,UMass Amherst,co2,0.22760000000000002
2016-01-18 15:00:00,2,Mouse_health_Estela,Morrill,science,UMass Amherst,co2,0.228
2016-01-18 16:00:00,2,Mouse_health_Estela,Morrill,science,UMass Amherst,co2,0.22440000000000002
2016-01-18 17:00:00,2,Mouse_health_Estela,Morrill,science,UMass Amherst,co2,0.2212
2016-01-18 18:00:00,2,Mouse_health_Estela,Morrill,science,UMass Amherst,co2,0.2056
2016-01-18 19:00:00,2,Mouse_health_Estela,Morrill,science,UMass Amherst,co2,0.1812
2016-01-18 20:00:00,2,Mouse_health_Estela,Morrill,science,UMass Amherst,co2,0.158
2016-01-18 21:00:00,2,Mouse_health_Estela,Morrill,science,UMass Amherst,co2,0.1504
2016-01-18 22:00:00,2,Mouse_health_Estela,Morrill,science,UMass Amherst,co2,0.1468
2016-01-18 23:00:00,2,Mouse_health_Estela,Morrill,science,UMass Amherst,co2,0.1428
2016-01-19 00:00:00,2,Mouse_health_Estela,Morrill,science,UMass Amherst,co2,0.1336
2016-01-19 01:00:00,2,Mouse_health_Estela,Morrill,science,UMass Amherst,co2,0.1376
2016-01-19 02:00:00,2,Mouse_health_Estela,Morrill,science,UMass Amherst,co2,0.1364
2016-01-19 03:00:00,2,Mouse_health_Estela,Morrill,science,UMass Amherst,co2,0.1356
2016-01-19 04:00:00,2,Mouse_health_Estela,Morrill,science,UMass Amherst,co2,0.134
2016-01-19 05:00:00,2,Mouse_health_Estela,Morrill,science,UMass Amherst,co2,0.13440000000000002
2016-01-19 06:00:00,2,Mouse_health_Estela,Morrill,science,UMass Amherst,co2,0.134
2016-01-19 07:00:00,2,Mouse_health_Estela,Morrill,science,UMass Amherst,co2,0.1396
2016-01-19 08:00:00,2,Mouse_health_Estela,Morrill,science,UMass Amherst,co2,0.1628
2016-01-19 09:00:00,2,Mouse_health_Estela,Morrill,science,UMass Amherst,co2,0.2252
2016-01-19 10:00:00,2,Mouse_health_Estela,Morrill,science,UMass Amherst,co2,0.23920000000000002
2016-01-19 11:00:00,2,Mouse_health_Estela,Morrill,science,UMass Amherst,co2,0.2376
2016-01-19 12:00:00,2,Mouse_health_Estela,Morrill,science,UMass Amherst,co2,0.23240000000000002
2016-01-19 13:00:00,2,Mouse_health_Estela,Morrill,science,UMass Amherst,co2,0.23520000000000002
2016-01-19 14:00:00,2,Mouse_health_Estela,Morrill,science,UMass Amherst,co2,0.234
2016-01-19 15:00:00,2,Mouse_health_Estela,Morrill,science,UMass Amherst,co2,0.2336
2016-01-19 16:00:00,2,Mouse_health_Estela,Morrill,science,UMass Amherst,co2,0.23600000000000002
2016-01-19 17:00:00,2,Mouse_health_Estela,Morrill,science,UMass Amherst,co2,0.2232
2016-01-19 18:00:00,2,Mouse_health_Estela,Morrill,science,UMass Amherst,co2,0.21000000000000002
2016-01-19 19:00:00,2,Mouse_health_Estela,Morrill,science,UMass Amherst,co2,0.1852
2016-01-19 20:00:00,2,Mouse_health_Estela,Morrill,science,UMass Amherst,co2,0.1636
2016-01-19 21:00:00,2,Mouse_health_Estela,Morrill,science,UMass Amherst,co2,0.1516
2016-01-19 22:00:00,2,Mouse_health_Estela,Morrill,science,UMass Amherst,co2,0.1444
2016-01-19 23:00:00,2,Mouse_health_Estela,Morrill,science,UMass Amherst,co2,0.13920000000000002
2016-01-20 00:00:00,2,Mouse_health_Estela,Morrill,science,UMass Amherst,co2,0.134
2016-01-20 01:00:00,2,Mouse_health_Estela,Morrill,science,UMass Amherst,co2,0.1364
2016-01-20 02:00:00,2,Mouse_health_Estela,Morrill,science,UMass Amherst,co2,0.1364
2016-01-20 03:00:00,2,Mouse_health_Estela,Morrill,science,UMass Amherst,co2,0.1348
2016-01-20 04:00:00,2,Mouse_health_Estela,Morrill,science,UMass Amherst,co2,0.13040000000000002
2016-01-20 05:00:00,2,Mouse_health_Estela,Morrill,science,UMass Amherst,co2,0.1328
2016-01-20 06:00:00,2,Mouse_health_Estela,Morrill,science,UMass Amherst,co2,0.13240000000000002
2016-01-20 07:00:00,2,Mouse_health_Estela,Morrill,science,UMass Amherst,co2,0.1368
2016-01-20 08:00:00,2,Mouse_health_Estela,Morrill,science,UMass Amherst,co2,0.158
2016-01-20 09:00:00,2,Mouse_health_Estela,Morrill,science,UMass Amherst,co2,0.2192
2016-01-20 10:00:00,2,Mouse_health_Estela,Morrill,science,UMass Amherst,co2,0.23920000000000002
2016-01-20 11:00:00,2,Mouse_health_Estela,Morrill,science,UMass Amherst,co2,0.2396
2016-01-20 12:00:00,2,Mouse_health_Estela,Morrill,science,UMass Amherst,co2,0.2424
2016-01-20 13:00:00,2,Mouse_health_Estela,Morrill,science,UMass Amherst,co2,0.23440000000000003
2016-01-20 14:00:00,2,Mouse_health_Estela,Morrill,science,UMass Amherst,co2,0.2348
2016-01-20 15:00:00,2,Mouse_health_Estela,Morrill,science,UMass Amherst,co2,0.2348
2016-01-20 16:00:00,2,Mouse_health_Estela,Morrill,science,UMass Amherst,co2,0.2368
2016-01-20 17:00:00,2,Mouse_health_Estela,Morrill,science,UMass Amherst,co2,0.2248
2016-01-20 18:00:00,2,Mouse_health_Estela,Morrill,science,UMass Amherst,co2,0.2124
2016-01-20 19:00:00,2,Mouse_health_Estela,Morrill,science,UMass Amherst,co2,0.1912
2016-01-20 20:00:00,2,Mouse_health_Estela,Morrill,science,UMass Amherst,co2,0.1636
2016-01-20 21:00:00,2,Mouse_health_Estela,Morrill,science,UMass Amherst,co2,0.1516
2016-01-20 22:00:00,2,Mouse_health_Estela,Morrill,science,UMass Amherst,co2,0.1456
2016-01-20 23:00:00,2,Mouse_health_Estela,Morrill,science,UMass Amherst,co2,0.14120000000000002
2016-01-21 00:00:00,2,Mouse_health_Estela,Morrill,science,UMass Amherst,co2,0.13240000000000002
2016-01-21 01:00:00,2,Mouse_health_Estela,Morrill,science,UMass Amherst,co2,0.1332
2016-01-21 02:00:00,2,Mouse_health_Estela,Morrill,science,UMass Amherst,co2,0.134
2016-01-21 03:00:00,2,Mouse_health_Estela,Morrill,science,UMass Amherst,co2,0.1328
2016-01-21 04:00:00,2,Mouse_health_Estela,Morrill,science,UMass Amherst,co2,0.1328
2016-01-21 05:00:00,2,Mouse_health_Estela,Morrill,science,UMass Amherst,co2,0.1336
2016-01-21 06:00:00,2,Mouse_health_Estela,Morrill,science,UMass Amherst,co2,0.134
2016-01-21 07:00:00,2,Mouse_health_Estela,Morrill,science,UMass Amherst,co2,0.1388
2016-01-21 08:00:00,2,Mouse_health_Estela,Morrill,science,UMass Amherst,co2,0.1544
2016-01-21 09:00:00,2,Mouse_health_Estela,Morrill,science,UMass Amherst,co2,0.2152
2016-01-21 10:00:00,2,Mouse_health_Estela,Morrill,science,UMass Amherst,co2,0.2376
2016-01-21 11:00:00,2,Mouse_health_Estela,Morrill,science,UMass Amherst,co2,0.23600000000000002
2016-01-21 12:00:00,2,Mouse_health_Estela,Morrill,science,UMass Amherst,co2,0.23720000000000002
2016-01-21 13:00:00,2,Mouse_health_Estela,Morrill,science,UMass Amherst,co2,0.23920000000000002
2016-01-21 14:00:00,2,Mouse_health_Estela,Morrill,science,UMass Amherst,co2,0.2364
2016-01-21 15:00:00,2,Mouse_health_Estela,Morrill,science,UMass Amherst,co2,0.234
2016-01-21 16:00:00,2,Mouse_health_Estela,Morrill,science,UMass Amherst,co2,0.2232
2016-01-21 17:00:00,2,Mouse_health_Estela,Morrill,science,UMass Amherst,co2,0.2184
2016-01-21 18:00:00,2,Mouse_health_Estela,Morrill,science,UMass Amherst,co2,0.2056
2016-01-21 19:00:00,2,Mouse_health_Estela,Morrill,science,UMass Amherst,co2,0.1776
2016-01-21 20:00:00,2,Mouse_health_Estela,Morrill,science,UMass Amherst,co2,0.1608
2016-01-21 21:00:00,2,Mouse_health_Estela,Morrill,science,UMass Amherst,co2,0.14880000000000002
2016-01-21 22:00:00,2,Mouse_health_Estela,Morrill,science,UMass Amherst,co2,0.1404
2016-01-21 23:00:00,2,Mouse_health_Estela,Morrill,science,UMass Amherst,co2,0.1376
2016-01-22 00:00:00,2,Mouse_health_Estela,Morrill,science,UMass Amherst,co2,0.12840000000000001
2016-01-22 01:00:00,2,Mouse_health_Estela,Morrill,science,UMass Amherst,co2,0.12760000000000002
2016-01-22 02:00:00,2,Mouse_health_Estela,Morrill,science,UMass Amherst,co2,0.128
2016-01-22 03:00:00,2,Mouse_health_Estela,Morrill,science,UMass Amherst,co2,0.12560000000000002
2016-01-22 04:00:00,2,Mouse_health_Estela,Morrill,science,UMass Amherst,co2,0.126
2016-01-22 05:00:00,2,Mouse_health_Estela,Morrill,science,UMass Amherst,co2,0.1272
2016-01-22 06:00:00,2,Mouse_health_Estela,Morrill,science,UMass Amherst,co2,0.12560000000000002
2016-01-22 07:00:00,2,Mouse_health_Estela,Morrill,science,UMass Amherst,co2,0.1296
2016-01-22 08:00:00,2,Mouse_health_Estela,Morrill,science,UMass Amherst,co2,0.1504
2016-01-22 09:00:00,2,Mouse_health_Estela,Morrill,science,UMass Amherst,co2,0.18680000000000002
2016-01-22 10:00:00,2,Mouse_health_Estela,Morrill,science,UMass Amherst,co2,0.218
2016-01-22 11:00:00,2,Mouse_health_Estela,Morrill,science,UMass Amherst,co2,0.2172
2016-01-22 12:00:00,2,Mouse_health_Estela,Morrill,science,UMass Amherst,co2,0.2172
2016-01-22 13:00:00,2,Mouse_health_Estela,Morrill,science,UMass Amherst,co2,0.21400000000000002
2016-01-22 14:00:00,2,Mouse_health_Estela,Morrill,science,UMass Amherst,co2,0.2112
2016-01-22 15:00:00,2,Mouse_health_Estela,Morrill,science,UMass Amherst,co2,0.2164
2016-01-22 16:00:00,2,Mouse_health_Estela,Morrill,science,UMass Amherst,co2,0.2124
2016-01-22 17:00:00,2,Mouse_health_Estela,Morrill,science,UMass Amherst,co2,0.2016
2016-01-22 18:00:00,2,Mouse_health_Estela,Morrill,science,UMass Amherst,co2,0.18760000000000002
2016-01-22 19:00:00,2,Mouse_health_Estela,Morrill,science,UMass Amherst,co2,0.1656
2016-01-22 20:00:00,2,Mouse_health_Estela,Morrill,science,UMass Amherst,co2,0.158
2016-01-22 21:00:00,2,Mouse_health_Estela,Morrill,science,UMass Amherst,co2,0.1404
2016-01-22 22:00:00,2,Mouse_health_Estela,Morrill,science,UMass Amherst,co2,0.1364
2016-01-22 23:00:00,2,Mouse_health_Estela,Morrill,science,UMass Amherst,co2,0.1288
2016-01-23 00:00:00,2,Mouse_health_Estela,Morrill,science,UMass Amherst,co2,0.1232
2016-01-23 01:00:00,2,Mouse_health_Estela,Morrill,science,UMass Amherst,co2,0.12760000000000002
2016-01-23 02:00:00,2,Mouse_health_Estela,Morrill,science,UMass Amherst,co2,0.12760000000000002
2016-01-23 03:00:00,2,Mouse_health_Estela,Morrill,science,UMass Amherst,co2,0.12840000000000001
2016-01-23 04:00:00,2,Mouse_health_Estela,Morrill,science,UMass Amherst,co2,0.1252
2016-01-23 05:00:00,2,Mouse_health_Estela,Morrill,science,UMass Amherst,co2,0.1272
2016-01-23 06:00:00,2,Mouse_health_Estela,Morrill,science,UMass Amherst,co2,0.1264
2016-01-23 07:00:00,2,Mouse_health_Estela,Morrill,science,UMass Amherst,co2,0.1268
2016-01-23 08:00:00,2,Mouse_health_Estela,Morrill,science,UMass Amherst,co2,0.1376
2016-01-23 09:00:00,2,Mouse_health_Estela,Morrill,science,UMass Amherst,co2,0.15
2016-01-23 10:00:00,2,Mouse_health_Estela,Morrill,science,UMass Amherst,co2,0.1552
2016-01-23 11:00:00,2,Mouse_health_Estela,Morrill,science,UMass Amherst,co2,0.158
2016-01-23 12:00:00,2,Mouse_health_Estela,Morrill,science,UMass Amherst,co2,0.156
2016-01-23 13:00:00,2,Mouse_health_Estela,Morrill,science,UMass Amherst,co2,0.152
2016-01-23 14:00:00,2,Mouse_health_Estela,Morrill,science,UMass Amherst,co2,0.15960000000000002
2016-01-23 15:00:00,2,Mouse_health_Estela,Morrill,science,UMass Amherst,co2,0.15080000000000002
2016-01-23 16:00:00,2,Mouse_health_Estela,Morrill,science,UMass Amherst,co2,0.14600000000000002
2016-01-23 17:00:00,2,Mouse_health_Estela,Morrill,science,UMass Amherst,co2,0.14600000000000002
2016-01-23 18:00:00,2,Mouse_health_Estela,Morrill,science,UMass Amherst,co2,0.1388
2016-01-23 19:00:00,2,Mouse_health_Estela,Morrill,science,UMass Amherst,co2,0.1336
2016-01-23 20:00:00,2,Mouse_health_Estela,Morrill,science,UMass Amherst,co2,0.132
2016-01-23 21:00:00,2,Mouse_health_Estela,Morrill,science,UMass Amherst,co2,0.13
2016-01-23 22:00:00,2,Mouse_health_Estela,Morrill,science,UMass Amherst,co2,0.12760000000000002
2016-01-23 23:00:00,2,Mouse_health_Estela,Morrill,science,UMass Amherst,co2,0.1268
2016-01-24 00:00:00,2,Mouse_health_Estela,Morrill,science,UMass Amherst,co2,0.12760000000000002
2016-01-24 01:00:00,2,Mouse_health_Estela,Morrill,science,UMass Amherst,co2,0.1308
2016-01-24 02:00:00,2,Mouse_health_Estela,Morrill,science,UMass Amherst,co2,0.132
2016-01-24 03:00:00,2,Mouse_health_Estela,Morrill,science,UMass Amherst,co2,0.13040000000000002
2016-01-24 04:00:00,2,Mouse_health_Estela,Morrill,science,UMass Amherst,co2,0.1336
2016-01-24 05:00:00,2,Mouse_health_Estela,Morrill,science,UMass Amherst,co2,0.1328
2016-01-24 06:00:00,2,Mouse_health_Estela,Morrill,science,UMass Amherst,co2,0.1312
2016-01-24 07:00:00,2,Mouse_health_Estela,Morrill,science,UMass Amherst,co2,0.13240000000000002
2016-01-24 08:00:00,2,Mouse_health_Estela,Morrill,science,UMass Amherst,co2,0.138
2016-01-24 09:00:00,2,Mouse_health_Estela,Morrill,science,UMass Amherst,co2,0.1384
2016-01-24 10:00:00,2,Mouse_health_Estela,Morrill,science,UMass Amherst,co2,0.1404
2016-01-24 11:00:00,2,Mouse_health_Estela,Morrill,science,UMass Amherst,co2,0.15280000000000002
2016-01-24 12:00:00,2,Mouse_health_Estela,Morrill,science,UMass Amherst,co2,0.152
2016-01-24 13:00:00,2,Mouse_health_Estela,Morrill,science,UMass Amherst,co2,0.15280000000000002
2016-01-24 14:00:00,2,Mouse_health_Estela,Morrill,science,UMass Amherst,co2,0.1472
2016-01-24 15:00:00,2,Mouse_health_Estela,Morrill,science,UMass Amherst,co2,0.15360000000000001
2016-01-24 16:00:00,2,Mouse_health_Estela,Morrill,science,UMass Amherst,co2,0.1572
2016-01-24 17:00:00,2,Mouse_health_Estela,Morrill,science,UMass Amherst,co2,0.1448
2016-01-24 18:00:00,2,Mouse_health_Estela,Morrill,science,UMass Amherst,co2,0.138
2016-01-24 19:00:00,2,Mouse_health_Estela,Morrill,science,UMass Amherst,co2,0.1384
2016-01-24 20:00:00,2,Mouse_health_Estela,Morrill,science,UMass Amherst,co2,0.136
2016-01-24 21:00:00,2,Mouse_health_Estela,Morrill,science,UMass Amherst,co2,0.1356
2016-01-24 22:00:00,2,Mouse_health_Estela,Morrill,science,UMass Amherst,co2,0.1348
2016-01-24 23:00:00,2,Mouse_health_Estela,Morrill,science,UMass Amherst,co2,0.132
2016-01-25 00:00:00,2,Mouse_health_Estela,Morrill,science,UMass Amherst,co2,0.1292
2016-01-25 01:00:00,2,Mouse_health_Estela,Morrill,science,UMass Amherst,co2,0.1252
2016-01-25 02:00:00,2,Mouse_health_Estela,Morrill,science,UMass Amherst,co2,0.126
2016-01-25 03:00:00,2,Mouse_health_Estela,Morrill,science,UMass Amherst,co2,0.12840000000000001
2016-01-25 04:00:00,2,Mouse_health_Estela,Morrill,science,UMass Amherst,co2,0.12480000000000001
2016-01-25 05:00:00,2,Mouse_health_Estela,Morrill,science,UMass Amherst,co2,0.1252
2016-01-25 06:00:00,2,Mouse_health_Estela,Morrill,science,UMass Amherst,co2,0.12440000000000001
2016-01-25 07:00:00,2,Mouse_health_Estela,Morrill,science,UMass Amherst,co2,0.1268
2016-01-25 08:00:00,2,Mouse_health_Estela,Morrill,science,UMass Amherst,co2,0.1464
2016-01-25 09:00:00,2,Mouse_health_Estela,Morrill,science,UMass Amherst,co2,0.1748
2016-01-25 10:00:00,2,Mouse_health_Estela,Morrill,science,UMass Amherst,co2,0.2084
2016-01-25 11:00:00,2,Mouse_health_Estela,Morrill,science,UMass Amherst,co2,0.2084
2016-01-25 12:00:00,2,Mouse_health_Estela,Morrill,science,UMass Amherst,co2,0.20520000000000002
2016-01-25 13:00:00,2,Mouse_health_Estela,Morrill,science,UMass Amherst,co2,0.20720000000000002
2016-01-25 14:00:00,2,Mouse_health_Estela,Morrill,science,UMass Amherst,co2,0.20800000000000002
2016-01-25 15:00:00,2,Mouse_health_Estela,Morrill,science,UMass Amherst,co2,0.2068
2016-01-25 16:00:00,2,Mouse_health_Estela,Morrill,science,UMass Amherst,co2,0.2024
2016-01-25 17:00:00,2,Mouse_health_Estela,Morrill,science,UMass Amherst,co2,0.1968
2016-01-25 18:00:00,2,Mouse_health_Estela,Morrill,science,UMass Amherst,co2,0.18480000000000002
2016-01-25 19:00:00,2,Mouse_health_Estela,Morrill,science,UMass Amherst,co2,0.17
2016-01-25 20:00:00,2,Mouse_health_Estela,Morrill,science,UMass Amherst,co2,0.154
2016-01-25 21:00:00,2,Mouse_health_Estela,Morrill,science,UMass Amherst,co2,0.1464
2016-01-25 22:00:00,2,Mouse_health_Estela,Morrill,science,UMass Amherst,co2,0.13720000000000002
2016-01-25 23:00:00,2,Mouse_health_Estela,Morrill,science,UMass Amherst,co2,0.132
2016-01-26 00:00:00,2,Mouse_health_Estela,Morrill,science,UMass Amherst,co2,0.1252
2016-01-26 01:00:00,2,Mouse_health_Estela,Morrill,science,UMass Amherst,co2,0.12560000000000002
2016-01-26 02:00:00,2,Mouse_health_Estela,Morrill,science,UMass Amherst,co2,0.12440000000000001
2016-01-26 03:00:00,2,Mouse_health_Estela,Morrill,science,UMass Amherst,co2,0.12440000000000001
2016-01-26 04:00:00,2,Mouse_health_Estela,Morrill,science,UMass Amherst,co2,0.124
2016-01-26 05:00:00,2,Mouse_health_Estela,Morrill,science,UMass Amherst,co2,0.1232
2016-01-26 06:00:00,2,Mouse_health_Estela,Morrill,science,UMass Amherst,co2,0.1232
2016-01-26 07:00:00,2,Mouse_health_Estela,Morrill,science,UMass Amherst,co2,0.126
2016-01-26 08:00:00,2,Mouse_health_Estela,Morrill,science,UMass Amherst,co2,0.1444
2016-01-26 09:00:00,2,Mouse_health_Estela,Morrill,science,UMass Amherst,co2,0.18760000000000002
2016-01-26 10:00:00,2,Mouse_health_Estela,Morrill,science,UMass Amherst,co2,0.2172
2016-01-26 11:00:00,2,Mouse_health_Estela,Morrill,science,UMass Amherst,co2,0.21480000000000002
2016-01-26 12:00:00,2,Mouse_health_Estela,Morrill,science,UMass Amherst,co2,0.2136
2016-01-26 13:00:00,2,Mouse_health_Estela,Morrill,science,UMass Amherst,co2,0.2204
2016-01-26 14:00:00,2,Mouse_health_Estela,Morrill,science,UMass Amherst,co2,0.2116
2016-01-26 15:00:00,2,Mouse_health_Estela,Morrill,science,UMass Amherst,co2,0.21200000000000002
2016-01-26 16:00:00,2,Mouse_health_Estela,Morrill,science,UMass Amherst,co2,0.2136
2016-01-26 17:00:00,2,Mouse_health_Estela,Morrill,science,UMass Amherst,co2,0.2044
2016-01-26 18:00:00,2,Mouse_health_Estela,Morrill,science,UMass Amherst,co2,0.1904
2016-01-26 19:00:00,2,Mouse_health_Estela,Morrill,science,UMass Amherst,co2,0.17800000000000002
2016-01-26 20:00:00,2,Mouse_health_Estela,Morrill,science,UMass Amherst,co2,0.1532
2016-01-26 21:00:00,2,Mouse_health_Estela,Morrill,science,UMass Amherst,co2,0.1424
2016-01-26 22:00:00,2,Mouse_health_Estela,Morrill,science,UMass Amherst,co2,0.13520000000000001
2016-01-26 23:00:00,2,Mouse_health_Estela,Morrill,science,UMass Amherst,co2,0.1308
2016-01-27 00:00:00,2,Mouse_health_Estela,Morrill,science,UMass Amherst,co2,0.12840000000000001
2016-01-27 01:00:00,2,Mouse_health_Estela,Morrill,science,UMass Amherst,co2,0.1216
2016-01-27 02:00:00,2,Mouse_health_Estela,Morrill,science,UMass Amherst,co2,0.1212
2016-01-27 03:00:00,2,Mouse_health_Estela,Morrill,science,UMass Amherst,co2,0.12040000000000001
2016-01-27 04:00:00,2,Mouse_health_Estela,Morrill,science,UMass Amherst,co2,0.1208
2016-01-27 05:00:00,2,Mouse_health_Estela,Morrill,science,UMass Amherst,co2,0.12040000000000001
2016-01-27 06:00:00,2,Mouse_health_Estela,Morrill,science,UMass Amherst,co2,0.1216
2016-01-27 07:00:00,2,Mouse_health_Estela,Morrill,science,UMass Amherst,co2,0.12480000000000001
2016-01-27 08:00:00,2,Mouse_health_Estela,Morrill,science,UMass Amherst,co2,0.14400000000000002
2016-01-27 09:00:00,2,Mouse_health_Estela,Morrill,science,UMass Amherst,co2,0.1844
2016-01-27 10:00:00,2,Mouse_health_Estela,Morrill,science,UMass Amherst,co2,0.21480000000000002
2016-01-27 11:00:00,2,Mouse_health_Estela,Morrill,science,UMass Amherst,co2,0.224
2016-01-27 12:00:00,2,Mouse_health_Estela,Morrill,science,UMass Amherst,co2,0.222
2016-01-27 13:00:00,2,Mouse_health_Estela,Morrill,science,UMass Amherst,co2,0.21400000000000002
2016-01-27 14:00:00,2,Mouse_health_Estela,Morrill,science,UMass Amherst,co2,0.2096
2016-01-27 15:00:00,2,Mouse_health_Estela,Morrill,science,UMass Amherst,co2,0.2156
2016-01-27 16:00:00,2,Mouse_health_Estela,Morrill,science,UMass Amherst,co2,0.2104
2016-01-27 17:00:00,2,Mouse_health_Estela,Morrill,science,UMass Amherst,co2,0.2056
2016-01-27 18:00:00,2,Mouse_health_Estela,Morrill,science,UMass Amherst,co2,0.1904
2016-01-27 19:00:00,2,Mouse_health_Estela,Morrill,science,UMass Amherst,co2,0.16920000000000002
2016-01-27 20:00:00,2,Mouse_health_Estela,Morrill,science,UMass Amherst,co2,0.1504
2016-01-27 21:00:00,2,Mouse_health_Estela,Morrill,science,UMass Amherst,co2,0.1452
2016-01-27 22:00:00,2,Mouse_health_Estela,Morrill,science,UMass Amherst,co2,0.14
2016-01-27 23:00:00,2,Mouse_health_Estela,Morrill,science,UMass Amherst,co2,0.134
2016-01-28 00:00:00,2,Mouse_health_Estela,Morrill,science,UMass Amherst,co2,0.1288
2016-01-28 01:00:00,2,Mouse_health_Estela,Morrill,science,UMass Amherst,co2,0.1316
2016-01-28 02:00:00,2,Mouse_health_Estela,Morrill,science,UMass Amherst,co2,0.12480000000000001
2016-01-28 03:00:00,2,Mouse_health_Estela,Morrill,science,UMass Amherst,co2,0.1264
2016-01-28 04:00:00,2,Mouse_health_Estela,Morrill,science,UMass Amherst,co2,0.12560000000000002
2016-01-28 05:00:00,2,Mouse_health_Estela,Morrill,science,UMass Amherst,co2,0.1268
2016-01-28 06:00:00,2,Mouse_health_Estela,Morrill,science,UMass Amherst,co2,0.12560000000000002
2016-01-28 07:00:00,2,Mouse_health_Estela,Morrill,science,UMass Amherst,co2,0.132
2016-01-28 08:00:00,2,Mouse_health_Estela,Morrill,science,UMass Amherst,co2,0.15
2016-01-28 09:00:00,2,Mouse_health_Estela,Morrill,science,UMass Amherst,co2,0.202
2016-01-28 10:00:00,2,Mouse_health_Estela,Morrill,science,UMass Amherst,co2,0.21680000000000002
2016-01-28 11:00:00,2,Mouse_health_Estela,Morrill,science,UMass Amherst,co2,0.21480000000000002
2016-01-28 12:00:00,2,Mouse_health_Estela,Morrill,science,UMass Amherst,co2,0.22240000000000001
2016-01-28 13:00:00,2,Mouse_health_Estela,Morrill,science,UMass Amherst,co2,0.21480000000000002
2016-01-28 14:00:00,2,Mouse_health_Estela,Morrill,science,UMass Amherst,co2,0.218
2016-01-28 15:00:00,2,Mouse_health_Estela,Morrill,science,UMass Amherst,co2,0.21760000000000002
2016-01-28 16:00:00,2,Mouse_health_Estela,Morrill,science,UMass Amherst,co2,0.2164
2016-01-28 17:00:00,2,Mouse_health_Estela,Morrill,science,UMass Amherst,co2,0.21080000000000002
2016-01-28 18:00:00,2,Mouse_health_Estela,Morrill,science,UMass Amherst,co2,0.19920000000000002
2016-01-28 19:00:00,2,Mouse_health_Estela,Morrill,science,UMass Amherst,co2,0.182
2016-01-28 20:00:00,2,Mouse_health_Estela,Morrill,science,UMass Amherst,co2,0.162
2016-01-28 21:00:00,2,Mouse_health_Estela,Morrill,science,UMass Amherst,co2,0.1444
2016-01-28 22:00:00,2,Mouse_health_Estela,Morrill,science,UMass Amherst,co2,0.13520000000000001
2016-01-28 23:00:00,2,Mouse_health_Estela,Morrill,science,UMass Amherst,co2,0.13520000000000001
2016-01-29 00:00:00,2,Mouse_health_Estela,Morrill,science,UMass Amherst,co2,0.1252
2016-01-29 01:00:00,2,Mouse_health_Estela,Morrill,science,UMass Amherst,co2,0.12440000000000001
2016-01-29 02:00:00,2,Mouse_health_Estela,Morrill,science,UMass Amherst,co2,0.12240000000000001
2016-01-29 03:00:00,2,Mouse_health_Estela,Morrill,science,UMass Amherst,co2,0.12000000000000001
2016-01-29 04:00:00,2,Mouse_health_Estela,Morrill,science,UMass Amherst,co2,0.12040000000000001
2016-01-29 05:00:00,2,Mouse_health_Estela,Morrill,science,UMass Amherst,co2,0.1192
2016-01-29 06:00:00,2,Mouse_health_Estela,Morrill,science,UMass Amherst,co2,0.11560000000000001
2016-01-29 07:00:00,2,Mouse_health_Estela,Morrill,science,UMass Amherst,co2,0.1188
2016-01-29 08:00:00,2,Mouse_health_Estela,Morrill,science,UMass Amherst,co2,0.13520000000000001
2016-01-29 09:00:00,2,Mouse_health_Estela,Morrill,science,UMass Amherst,co2,0.1736
2016-01-29 10:00:00,2,Mouse_health_Estela,Morrill,science,UMass Amherst,co2,0.20320000000000002
2016-01-29 11:00:00,2,Mouse_health_Estela,Morrill,science,UMass Amherst,co2,0.20120000000000002
2016-01-29 12:00:00,2,Mouse_health_Estela,Morrill,science,UMass Amherst,co2,0.20320000000000002
2016-01-29 13:00:00,2,Mouse_health_Estela,Morrill,science,UMass Amherst,co2,0.20120000000000002
2016-01-29 14:00:00,2,Mouse_health_Estela,Morrill,science,UMass Amherst,co2,0.198
2016-01-29 15:00:00,2,Mouse_health_Estela,Morrill,science,UMass Amherst,co2,0.19920000000000002
2016-01-29 16:00:00,2,Mouse_health_Estela,Morrill,science,UMass Amherst,co2,0.2028
2016-01-29 17:00:00,2,Mouse_health_Estela,Morrill,science,UMass Amherst,co2,0.19440000000000002
2016-01-29 18:00:00,2,Mouse_health_Estela,Morrill,science,UMass Amherst,co2,0.17880000000000001
2016-01-29 19:00:00,2,Mouse_health_Estela,Morrill,science,UMass Amherst,co2,0.166
2016-01-29 20:00:00,2,Mouse_health_Estela,Morrill,science,UMass Amherst,co2,0.1492
2016-01-29 21:00:00,2,Mouse_health_Estela,Morrill,science,UMass Amherst,co2,0.14
2016-01-29 22:00:00,2,Mouse_health_Estela,Morrill,science,UMass Amherst,co2,0.134
2016-01-29 23:00:00,2,Mouse_health_Estela,Morrill,science,UMass Amherst,co2,0.1292
2016-01-30 00:00:00,2,Mouse_health_Estela,Morrill,science,UMass Amherst,co2,0.1264
2016-01-30 01:00:00,2,Mouse_health_Estela,Morrill,science,UMass Amherst,co2,0.1228
2016-01-30 02:00:00,2,Mouse_health_Estela,Morrill,science,UMass Amherst,co2,0.1216
2016-01-30 03:00:00,2,Mouse_health_Estela,Morrill,science,UMass Amherst,co2,0.1208
2016-01-30 04:00:00,2,Mouse_health_Estela,Morrill,science,UMass Amherst,co2,0.1208
2016-01-30 05:00:00,2,Mouse_health_Estela,Morrill,science,UMass Amherst,co2,0.11960000000000001
2016-01-30 06:00:00,2,Mouse_health_Estela,Morrill,science,UMass Amherst,co2,0.1188
2016-01-30 07:00:00,2,Mouse_health_Estela,Morrill,science,UMass Amherst,co2,0.12240000000000001
2016-01-30 08:00:00,2,Mouse_health_Estela,Morrill,science,UMass Amherst,co2,0.1312
2016-01-30 09:00:00,2,Mouse_health_Estela,Morrill,science,UMass Amherst,co2,0.1416
2016-01-30 10:00:00,2,Mouse_health_Estela,Morrill,science,UMass Amherst,co2,0.1496
2016-01-30 11:00:00,2,Mouse_health_Estela,Morrill,science,UMass Amherst,co2,0.1516
2016-01-30 12:00:00,2,Mouse_health_Estela,Morrill,science,UMass Amherst,co2,0.158
2016-01-30 13:00:00,2,Mouse_health_Estela,Morrill,science,UMass Amherst,co2,0.15360000000000001
2016-01-30 14:00:00,2,Mouse_health_Estela,Morrill,science,UMass Amherst,co2,0.1552
2016-01-30 15:00:00,2,Mouse_health_Estela,Morrill,science,UMass Amherst,co2,0.1524
2016-01-30 16:00:00,2,Mouse_health_Estela,Morrill,science,UMass Amherst,co2,0.1552
2016-01-30 17:00:00,2,Mouse_health_Estela,Morrill,science,UMass Amherst,co2,0.1472
2016-01-30 18:00:00,2,Mouse_health_Estela,Morrill,science,UMass Amherst,co2,0.1364
2016-01-30 19:00:00,2,Mouse_health_Estela,Morrill,science,UMass Amherst,co2,0.1396
2016-01-30 20:00:00,2,Mouse_health_Estela,Morrill,science,UMass Amherst,co2,0.1368
2016-01-30 21:00:00,2,Mouse_health_Estela,Morrill,science,UMass Amherst,co2,0.1336
2016-01-30 22:00:00,2,Mouse_health_Estela,Morrill,science,UMass Amherst,co2,0.132
2016-01-30 23:00:00,2,Mouse_health_Estela,Morrill,science,UMass Amherst,co2,0.12840000000000001
2016-01-01 00:00:00,3,Mouse_health_Ileana,Goessmann,chemistry_lab,UMass Amherst,co2,0.010400000000000001
2016-01-01 01:00:00,3,Mouse_health_Ileana,Goessmann,chemistry_lab,UMass Amherst,co2,0.0204
2016-01-01 02:00:00,3,Mouse_health_Ileana,Goessmann,chemistry_lab,UMass Amherst,co2,0.02
2016-01-01 03:00:00,3,Mouse_health_Ileana,Goessmann,chemistry_lab,UMass Amherst,co2,0.020800000000000003
2016-01-01 04:00:00,3,Mouse_health_Ileana,Goessmann,chemistry_lab,UMass Amherst,co2,0.02
2016-01-01 05:00:00,3,Mouse_health_Ileana,Goessmann,chemistry_lab,UMass Amherst,co2,0.020800000000000003
2016-01-01 06:00:00,3,Mouse_health_Ileana,Goessmann,chemistry_lab,UMass Amherst,co2,0.020800000000000003
2016-01-01 07:00:00,3,Mouse_health_Ileana,Goessmann,chemistry_lab,UMass Amherst,co2,0.0216
2016-01-01 08:00:00,3,Mouse_health_Ileana,Goessmann,chemistry_lab,UMass Amherst,co2,0.0244
2016-01-01 09:00:00,3,Mouse_health_Ileana,Goessmann,chemistry_lab,UMass Amherst,co2,0.0256
2016-01-01 10:00:00,3,Mouse_health_Ileana,Goessmann,chemistry_lab,UMass Amherst,co2,0.024800000000000003
2016-01-01 11:00:00,3,Mouse_health_Ileana,Goessmann,chemistry_lab,UMass Amherst,co2,0.024800000000000003
2016-01-01 12:00:00,3,Mouse_health_Ileana,Goessmann,chemistry_lab,UMass Amherst,co2,0.024
2016-01-01 13:00:00,3,Mouse_health_Ileana,Goessmann,chemistry_lab,UMass Amherst,co2,0.024
2016-01-01 14:00:00,3,Mouse_health_Ileana,Goessmann,chemistry_lab,UMass Amherst,co2,0.024
2016-01-01 15:00:00,3,Mouse_health_Ileana,Goessmann,chemistry_lab,UMass Amherst,co2,0.0244
2016-01-01 16:00:00,3,Mouse_health_Ileana,Goessmann,chemistry_lab,UMass Amherst,co2,0.0244
2016-01-01 17:00:00,3,Mouse_health_Ileana,Goessmann,chemistry_lab,UMass Amherst,co2,0.024
2016-01-01 18:00:00,3,Mouse_health_Ileana,Goessmann,chemistry_lab,UMass Amherst,co2,0.024
2016-01-01 19:00:00,3,Mouse_health_Ileana,Goessmann,chemistry_lab,UMass Amherst,co2,0.022000000000000002
2016-01-01 20:00:00,3,Mouse_health_Ileana,Goessmann,chemistry_lab,UMass Amherst,co2,0.020800000000000003
2016-01-01 21:00:00,3,Mouse_health_Ileana,Goessmann,chemistry_lab,UMass Amherst,co2,0.02
2016-01-01 22:00:00,3,Mouse_health_Ileana,Goessmann,chemistry_lab,UMass Amherst,co2,0.02
2016-01-01 23:00:00,3,Mouse_health_Ileana,Goessmann,chemistry_lab,UMass Amherst,co2,0.0196
2016-01-02 00:00:00,3,Mouse_health_Ileana,Goessmann,chemistry_lab,UMass Amherst,co2,0.02
2016-01-02 01:00:00,3,Mouse_health_Ileana,Goessmann,chemistry_lab,UMass Amherst,co2,0.0188
2016-01-02 02:00:00,3,Mouse_health_Ileana,Goessmann,chemistry_lab,UMass Amherst,co2,0.0196
2016-01-02 03:00:00,3,Mouse_health_Ileana,Goessmann,chemistry_lab,UMass Amherst,co2,0.0188
2016-01-02 04:00:00,3,Mouse_health_Ileana,Goessmann,chemistry_lab,UMass Amherst,co2,0.019200000000000002
2016-01-02 05:00:00,3,Mouse_health_Ileana,Goessmann,chemistry_lab,UMass Amherst,co2,0.019200000000000002
2016-01-02 06:00:00,3,Mouse_health_Ileana,Goessmann,chemistry_lab,UMass Amherst,co2,0.019200000000000002
2016-01-02 07:00:00,3,Mouse_health_Ileana,Goessmann,chemistry_lab,UMass Amherst,co2,0.019200000000000002
2016-01-02 08:00:00,3,Mouse_health_Ileana,Goessmann,chemistry_lab,UMass Amherst,co2,0.0196
2016-01-02 09:00:00,3,Mouse_health_Ileana,Goessmann,chemistry_lab,UMass Amherst,co2,0.02
2016-01-02 10:00:00,3,Mouse_health_Ileana,Goessmann,chemistry_lab,UMass Amherst,co2,0.0204
2016-01-02 11:00:00,3,Mouse_health_Ileana,Goessmann,chemistry_lab,UMass Amherst,co2,0.02
2016-01-02 12:00:00,3,Mouse_health_Ileana,Goessmann,chemistry_lab,UMass Amherst,co2,0.0204
2016-01-02 13:00:00,3,Mouse_health_Ileana,Goessmann,chemistry_lab,UMass Amherst,co2,0.0196
2016-01-02 14:00:00,3,Mouse_health_Ileana,Goessmann,chemistry_lab,UMass Amherst,co2,0.0204
2016-01-02 15:00:00,3,Mouse_health_Ileana,Goessmann,chemistry_lab,UMass Amherst,co2,0.02
2016-01-02 16:00:00,3,Mouse_health_Ileana,Goessmann,chemistry_lab,UMass Amherst,co2,0.0196
2016-01-02 17:00:00,3,Mouse_health_Ileana,Goessmann,chemistry_lab,UMass Amherst,co2,0.0196
2016-01-02 18:00:00,3,Mouse_health_Ileana,Goessmann,chemistry_lab,UMass Amherst,co2,0.0196
2016-01-02 19:00:00,3,Mouse_health_Ileana,Goessmann,chemistry_lab,UMass Amherst,co2,0.0196
2016-01-02 20:00:00,3,Mouse_health_Ileana,Goessmann,chemistry_lab,UMass Amherst,co2,0.0196
2016-01-02 21:00:00,3,Mouse_health_Ileana,Goessmann,chemistry_lab,UMass Amherst,co2,0.0196
2016-01-02 22:00:00,3,Mouse_health_Ileana,Goessmann,chemistry_lab,UMass Amherst,co2,0.02
2016-01-02 23:00:00,3,Mouse_health_Ileana,Goessmann,chemistry_lab,UMass Amherst,co2,0.019200000000000002
2016-01-03 00:00:00,3,Mouse_health_Ileana,Goessmann,chemistry_lab,UMass Amherst,co2,0.02
2016-01-03 01:00:00,3,Mouse_health_Ileana,Goessmann,chemistry_lab,UMass Amherst,co2,0.0188
2016-01-03 02:00:00,3,Mouse_health_Ileana,Goessmann,chemistry_lab,UMass Amherst,co2,0.019200000000000002
2016-01-03 03:00:00,3,Mouse_health_Ileana,Goessmann,chemistry_lab,UMass Amherst,co2,0.0188
2016-01-03 04:00:00,3,Mouse_health_Ileana,Goessmann,chemistry_lab,UMass Amherst,co2,0.0196
2016-01-03 05:00:00,3,Mouse_health_Ileana,Goessmann,chemistry_lab,UMass Amherst,co2,0.019200000000000002
2016-01-03 06:00:00,3,Mouse_health_Ileana,Goessmann,chemistry_lab,UMass Amherst,co2,0.019200000000000002
2016-01-03 07:00:00,3,Mouse_health_Ileana,Goessmann,chemistry_lab,UMass Amherst,co2,0.0196
2016-01-03 08:00:00,3,Mouse_health_Ileana,Goessmann,chemistry_lab,UMass Amherst,co2,0.0196
2016-01-03 09:00:00,3,Mouse_health_Ileana,Goessmann,chemistry_lab,UMass Amherst,co2,0.02
2016-01-03 10:00:00,3,Mouse_health_Ileana,Goessmann,chemistry_lab,UMass Amherst,co2,0.02
2016-01-03 11:00:00,3,Mouse_health_Ileana,Goessmann,chemistry_lab,UMass Amherst,co2,0.0196
2016-01-03 12:00:00,3,Mouse_health_Ileana,Goessmann,chemistry_lab,UMass Amherst,co2,0.0204
2016-01-03 13:00:00,3,Mouse_health_Ileana,Goessmann,chemistry_lab,UMass Amherst,co2,0.02
2016-01-03 14:00:00,3,Mouse_health_Ileana,Goessmann,chemistry_lab,UMass Amherst,co2,0.0204
2016-01-03 15:00:00,3,Mouse_health_Ileana,Goessmann,chemistry_lab,UMass Amherst,co2,0.02
2016-01-03 16:00:00,3,Mouse_health_Ileana,Goessmann,chemistry_lab,UMass Amherst,co2,0.020800000000000003
2016-01-03 17:00:00,3,Mouse_health_Ileana,Goessmann,chemistry_lab,UMass Amherst,co2,0.0204
2016-01-03 18:00:00,3,Mouse_health_Ileana,Goessmann,chemistry_lab,UMass Amherst,co2,0.0204
2016-01-03 19:00:00,3,Mouse_health_Ileana,Goessmann,chemistry_lab,UMass Amherst,co2,0.02
2016-01-03 20:00:00,3,Mouse_health_Ileana,Goessmann,chemistry_lab,UMass Amherst,co2,0.020800000000000003
2016-01-03 21:00:00,3,Mouse_health_Ileana,Goessmann,chemistry_lab,UMass Amherst,co2,0.020800000000000003
2016-01-03 22:00:00,3,Mouse_health_Ileana,Goessmann,chemistry_lab,UMass Amherst,co2,0.020800000000000003
2016-01-03 23:00:00,3,Mouse_health_Ileana,Goessmann,chemistry_lab,UMass Amherst,co2,0.0204
2016-01-04 00:00:00,3,Mouse_health_Ileana,Goessmann,chemistry_lab,UMass Amherst,co2,0.0204
2016-01-04 01:00:00,3,Mouse_health_Ileana,Goessmann,chemistry_lab,UMass Amherst,co2,0.0196
2016-01-04 02:00:00,3,Mouse_health_Ileana,Goessmann,chemistry_lab,UMass Amherst,co2,0.019200000000000002
2016-01-04 03:00:00,3,Mouse_health_Ileana,Goessmann,chemistry_lab,UMass Amherst,co2,0.0188
2016-01-04 04:00:00,3,Mouse_health_Ileana,Goessmann,chemistry_lab,UMass Amherst,co2,0.0196
2016-01-04 05:00:00,3,Mouse_health_Ileana,Goessmann,chemistry_lab,UMass Amherst,co2,0.0196
2016-01-04 06:00:00,3,Mouse_health_Ileana,Goessmann,chemistry_lab,UMass Amherst,co2,0.0196
2016-01-04 07:00:00,3,Mouse_health_Ileana,Goessmann,chemistry_lab,UMass Amherst,co2,0.0196
2016-01-04 08:00:00,3,Mouse_health_Ileana,Goessmann,chemistry_lab,UMass Amherst,co2,0.024800000000000003
2016-01-04 09:00:00,3,Mouse_health_Ileana,Goessmann,chemistry_lab,UMass Amherst,co2,0.0324
2016-01-04 10:00:00,3,Mouse_health_Ileana,Goessmann,chemistry_lab,UMass Amherst,co2,0.04
2016-01-04 11:00:00,3,Mouse_health_Ileana,Goessmann,chemistry_lab,UMass Amherst,co2,0.041600000000000005
2016-01-04 12:00:00,3,Mouse_health_Ileana,Goessmann,chemistry_lab,UMass Amherst,co2,0.041600000000000005
2016-01-04 13:00:00,3,Mouse_health_Ileana,Goessmann,chemistry_lab,UMass Amherst,co2,0.0432
2016-01-04 14:00:00,3,Mouse_health_Ileana,Goessmann,chemistry_lab,UMass Amherst,co2,0.0436
2016-01-04 15:00:00,3,Mouse_health_Ileana,Goessmann,chemistry_lab,UMass Amherst,co2,0.0436
2016-01-04 16:00:00,3,Mouse_health_Ileana,Goessmann,chemistry_lab,UMass Amherst,co2,0.044000000000000004
2016-01-04 17:00:00,3,Mouse_health_Ileana,Goessmann,chemistry_lab,UMass Amherst,co2,0.041600000000000005
2016-01-04 18:00:00,3,Mouse_health_Ileana,Goessmann,chemistry_lab,UMass Amherst,co2,0.0376
2016-01-04 19:00:00,3,Mouse_health_Ileana,Goessmann,chemistry_lab,UMass Amherst,co2,0.0304
2016-01-04 20:00:00,3,Mouse_health_Ileana,Goessmann,chemistry_lab,UMass Amherst,co2,0.0292
2016-01-04 21:00:00,3,Mouse_health_Ileana,Goessmann,chemistry_lab,UMass Amherst,co2,0.026000000000000002
2016-01-04 22:00:00,3,Mouse_health_Ileana,Goessmann,chemistry_lab,UMass Amherst,co2,0.024
2016-01-04 23:00:00,3,Mouse_health_Ileana,Goessmann,chemistry_lab,UMass Amherst,co2,0.022000000000000002
2016-01-05 00:00:00,3,Mouse_health_Ileana,Goessmann,chemistry_lab,UMass Amherst,co2,0.0216
2016-01-05 01:00:00,3,Mouse_health_Ileana,Goessmann,chemistry_lab,UMass Amherst,co2,0.020800000000000003
2016-01-05 02:00:00,3,Mouse_health_Ileana,Goessmann,chemistry_lab,UMass Amherst,co2,0.0212
2016-01-05 03:00:00,3,Mouse_health_Ileana,Goessmann,chemistry_lab,UMass Amherst,co2,0.0212
2016-01-05 04:00:00,3,Mouse_health_Ileana,Goessmann,chemistry_lab,UMass Amherst,co2,0.0212
2016-01-05 05:00:00,3,Mouse_health_Ileana,Goessmann,chemistry_lab,UMass Amherst,co2,0.0216
2016-01-05 06:00:00,3,Mouse_health_Ileana,Goessmann,chemistry_lab,UMass Amherst,co2,0.022000000000000002
2016-01-05 07:00:00,3,Mouse_health_Ileana,Goessmann,chemistry_lab,UMass Amherst,co2,0.022000000000000002
2016-01-05 08:00:00,3,Mouse_health_Ileana,Goessmann,chemistry_lab,UMass Amherst,co2,0.0252
2016-01-05 09:00:00,3,Mouse_health_Ileana,Goessmann,chemistry_lab,UMass Amherst,co2,0.034800000000000005
2016-01-05 10:00:00,3,Mouse_health_Ileana,Goessmann,chemistry_lab,UMass Amherst,co2,0.042
2016-01-05 11:00:00,3,Mouse_health_Ileana,Goessmann,chemistry_lab,UMass Amherst,co2,0.042800000000000005
2016-01-05 12:00:00,3,Mouse_health_Ileana,Goessmann,chemistry_lab,UMass Amherst,co2,0.0432
2016-01-05 13:00:00,3,Mouse_health_Ileana,Goessmann,chemistry_lab,UMass Amherst,co2,0.0436
2016-01-05 14:00:00,3,Mouse_health_Ileana,Goessmann,chemistry_lab,UMass Amherst,co2,0.042
2016-01-05 15:00:00,3,Mouse_health_Ileana,Goessmann,chemistry_lab,UMass Amherst,co2,0.0432
2016-01-05 16:00:00,3,Mouse_health_Ileana,Goessmann,chemistry_lab,UMass Amherst,co2,0.0424
2016-01-05 17:00:00,3,Mouse_health_Ileana,Goessmann,chemistry_lab,UMass Amherst,co2,0.041600000000000005
2016-01-05 18:00:00,3,Mouse_health_Ileana,Goessmann,chemistry_lab,UMass Amherst,co2,0.038400000000000004
2016-01-05 19:00:00,3,Mouse_health_Ileana,Goessmann,chemistry_lab,UMass Amherst,co2,0.0332
2016-01-05 20:00:00,3,Mouse_health_Ileana,Goessmann,chemistry_lab,UMass Amherst,co2,0.0304
2016-01-05 21:00:00,3,Mouse_health_Ileana,Goessmann,chemistry_lab,UMass Amherst,co2,0.027600000000000003
2016-01-05 22:00:00,3,Mouse_health_Ileana,Goessmann,chemistry_lab,UMass Amherst,co2,0.0228
2016-01-05 23:00:00,3,Mouse_health_Ileana,Goessmann,chemistry_lab,UMass Amherst,co2,0.0224
2016-01-06 00:00:00,3,Mouse_health_Ileana,Goessmann,chemistry_lab,UMass Amherst,co2,0.02460508
2016-01-06 01:00:00,3,Mouse_health_Ileana,Goessmann,chemistry_lab,UMass Amherst,co2,0.028410160000000004
2016-01-06 02:00:00,3,Mouse_health_Ileana,Goessmann,chemistry_lab,UMass Amherst,co2,0.028410160000000004
2016-01-06 03:00:00,3,Mouse_health_Ileana,Goessmann,chemistry_lab,UMass Amherst,co2,0.028410160000000004
2016-01-06 04:00:00,3,Mouse_health_Ileana,Goessmann,chemistry_lab,UMass Amherst,co2,0.028410160000000004
2016-01-06 05:00:00,3,Mouse_health_Ileana,Goessmann,chemistry_lab,UMass Amherst,co2,0.028410160000000004
2016-01-06 06:00:00,3,Mouse_health_Ileana,Goessmann,chemistry_lab,UMass Amherst,co2,0.028410160000000004
2016-01-06 07:00:00,3,Mouse_health_Ileana,Goessmann,chemistry_lab,UMass Amherst,co2,0.028410160000000004
2016-01-06 08:00:00,3,Mouse_health_Ileana,Goessmann,chemistry_lab,UMass Amherst,co2,0.028410160000000004
2016-01-06 09:00:00,3,Mouse_health_Ileana,Goessmann,chemistry_lab,UMass Amherst,co2,0.028410160000000004
2016-01-06 10:00:00,3,Mouse_health_Ileana,Goessmann,chemistry_lab,UMass Amherst,co2,0.028410160000000004
2016-01-06 11:00:00,3,Mouse_health_Ileana,Goessmann,chemistry_lab,UMass Amherst,co2,0.028410160000000004
2016-01-06 12:00:00,3,Mouse_health_Ileana,Goessmann,chemistry_lab,UMass Amherst,co2,0.028410160000000004
2016-01-06 13:00:00,3,Mouse_health_Ileana,Goessmann,chemistry_lab,UMass Amherst,co2,0.028410160000000004
2016-01-06 14:00:00,3,Mouse_health_Ileana,Goessmann,chemistry_lab,UMass Amherst,co2,0.028410160000000004
2016-01-06 15:00:00,3,Mouse_health_Ileana,Goessmann,chemistry_lab,UMass Amherst,co2,0.028410160000000004
2016-01-06 16:00:00,3,Mouse_health_Ileana,Goessmann,chemistry_lab,UMass Amherst,co2,0.028410160000000004
2016-01-06 17:00:00,3,Mouse_health_Ileana,Goessmann,chemistry_lab,UMass Amherst,co2,0.028410160000000004
2016-01-06 18:00:00,3,Mouse_health_Ileana,Goessmann,chemistry_lab,UMass Amherst,co2,0.028410160000000004
2016-01-06 19:00:00,3,Mouse_health_Ileana,Goessmann,chemistry_lab,UMass Amherst,co2,0.028410160000000004
2016-01-06 20:00:00,3,Mouse_health_Ileana,Goessmann,chemistry_lab,UMass Amherst,co2,0.028410160000000004
2016-01-06 21:00:00,3,Mouse_health_Ileana,Goessmann,chemistry_lab,UMass Amherst,co2,0.028410160000000004
2016-01-06 22:00:00,3,Mouse_health_Ileana,Goessmann,chemistry_lab,UMass Amherst,co2,0.028410160000000004
2016-01-06 23:00:00,3,Mouse_health_Ileana,Goessmann,chemistry_lab,UMass Amherst,co2,0.028410160000000004
2016-01-07 00:00:00,3,Mouse_health_Ileana,Goessmann,chemistry_lab,UMass Amherst,co2,0.028410160000000004
2016-01-07 01:00:00,3,Mouse_health_Ileana,Goessmann,chemistry_lab,UMass Amherst,co2,0.028410160000000004
2016-01-07 02:00:00,3,Mouse_health_Ileana,Goessmann,chemistry_lab,UMass Amherst,co2,0.028410160000000004
2016-01-07 03:00:00,3,Mouse_health_Ileana,Goessmann,chemistry_lab,UMass Amherst,co2,0.028410160000000004
2016-01-07 04:00:00,3,Mouse_health_Ileana,Goessmann,chemistry_lab,UMass Amherst,co2,0.028410160000000004
2016-01-07 05:00:00,3,Mouse_health_Ileana,Goessmann,chemistry_lab,UMass Amherst,co2,0.028410160000000004
2016-01-07 06:00:00,3,Mouse_health_Ileana,Goessmann,chemistry_lab,UMass Amherst,co2,0.028410160000000004
2016-01-07 07:00:00,3,Mouse_health_Ileana,Goessmann,chemistry_lab,UMass Amherst,co2,0.028410160000000004
2016-01-07 08:00:00,3,Mouse_health_Ileana,Goessmann,chemistry_lab,UMass Amherst,co2,0.028410160000000004
2016-01-07 09:00:00,3,Mouse_health_Ileana,Goessmann,chemistry_lab,UMass Amherst,co2,0.028410160000000004
2016-01-07 10:00:00,3,Mouse_health_Ileana,Goessmann,chemistry_lab,UMass Amherst,co2,0.028410160000000004
2016-01-07 11:00:00,3,Mouse_health_Ileana,Goessmann,chemistry_lab,UMass Amherst,co2,0.028410160000000004
2016-01-07 12:00:00,3,Mouse_health_Ileana,Goessmann,chemistry_lab,UMass Amherst,co2,0.028410160000000004
2016-01-07 13:00:00,3,Mouse_health_Ileana,Goessmann,chemistry_lab,UMass Amherst,co2,0.028410160000000004
2016-01-07 14:00:00,3,Mouse_health_Ileana,Goessmann,chemistry_lab,UMass Amherst,co2,0.028410160000000004
2016-01-07 15:00:00,3,Mouse_health_Ileana,Goessmann,chemistry_lab,UMass Amherst,co2,0.028410160000000004
2016-01-07 16:00:00,3,Mouse_health_Ileana,Goessmann,chemistry_lab,UMass Amherst,co2,0.028410160000000004
2016-01-07 17:00:00,3,Mouse_health_Ileana,Goessmann,chemistry_lab,UMass Amherst,co2,0.028410160000000004
2016-01-07 18:00:00,3,Mouse_health_Ileana,Goessmann,chemistry_lab,UMass Amherst,co2,0.028410160000000004
2016-01-07 19:00:00,3,Mouse_health_Ileana,Goessmann,chemistry_lab,UMass Amherst,co2,0.028410160000000004
2016-01-07 20:00:00,3,Mouse_health_Ileana,Goessmann,chemistry_lab,UMass Amherst,co2,0.028410160000000004
2016-01-07 21:00:00,3,Mouse_health_Ileana,Goessmann,chemistry_lab,UMass Amherst,co2,0.028410160000000004
2016-01-07 22:00:00,3,Mouse_health_Ileana,Goessmann,chemistry_lab,UMass Amherst,co2,0.028410160000000004
2016-01-07 23:00:00,3,Mouse_health_Ileana,Goessmann,chemistry_lab,UMass Amherst,co2,0.028410160000000004
2016-01-08 00:00:00,3,Mouse_health_Ileana,Goessmann,chemistry_lab,UMass Amherst,co2,0.028410160000000004
2016-01-08 01:00:00,3,Mouse_health_Ileana,Goessmann,chemistry_lab,UMass Amherst,co2,0.028410160000000004
2016-01-08 02:00:00,3,Mouse_health_Ileana,Goessmann,chemistry_lab,UMass Amherst,co2,0.028410160000000004
2016-01-08 03:00:00,3,Mouse_health_Ileana,Goessmann,chemistry_lab,UMass Amherst,co2,0.028410160000000004
2016-01-08 04:00:00,3,Mouse_health_Ileana,Goessmann,chemistry_lab,UMass Amherst,co2,0.028410160000000004
2016-01-08 05:00:00,3,Mouse_health_Ileana,Goessmann,chemistry_lab,UMass Amherst,co2,0.028410160000000004
2016-01-08 06:00:00,3,Mouse_health_Ileana,Goessmann,chemistry_lab,UMass Amherst,co2,0.028410160000000004
2016-01-08 07:00:00,3,Mouse_health_Ileana,Goessmann,chemistry_lab,UMass Amherst,co2,0.028410160000000004
2016-01-08 08:00:00,3,Mouse_health_Ileana,Goessmann,chemistry_lab,UMass Amherst,co2,0.028410160000000004
2016-01-08 09:00:00,3,Mouse_health_Ileana,Goessmann,chemistry_lab,UMass Amherst,co2,0.028410160000000004
2016-01-08 10:00:00,3,Mouse_health_Ileana,Goessmann,chemistry_lab,UMass Amherst,co2,0.028410160000000004
2016-01-08 11:00:00,3,Mouse_health_Ileana,Goessmann,chemistry_lab,UMass Amherst,co2,0.028410160000000004
2016-01-08 12:00:00,3,Mouse_health_Ileana,Goessmann,chemistry_lab,UMass Amherst,co2,0.028410160000000004
2016-01-08 13:00:00,3,Mouse_health_Ileana,Goessmann,chemistry_lab,UMass Amherst,co2,0.028410160000000004
2016-01-08 14:00:00,3,Mouse_health_Ileana,Goessmann,chemistry_lab,UMass Amherst,co2,0.028410160000000004
2016-01-08 15:00:00,3,Mouse_health_Ileana,Goessmann,chemistry_lab,UMass Amherst,co2,0.028410160000000004
2016-01-08 16:00:00,3,Mouse_health_Ileana,Goessmann,chemistry_lab,UMass Amherst,co2,0.028410160000000004
2016-01-08 17:00:00,3,Mouse_health_Ileana,Goessmann,chemistry_lab,UMass Amherst,co2,0.028410160000000004
2016-01-08 18:00:00,3,Mouse_health_Ileana,Goessmann,chemistry_lab,UMass Amherst,co2,0.028410160000000004
2016-01-08 19:00:00,3,Mouse_health_Ileana,Goessmann,chemistry_lab,UMass Amherst,co2,0.028410160000000004
2016-01-08 20:00:00,3,Mouse_health_Ileana,Goessmann,chemistry_lab,UMass Amherst,co2,0.028410160000000004
2016-01-08 21:00:00,3,Mouse_health_Ileana,Goessmann,chemistry_lab,UMass Amherst,co2,0.028410160000000004
2016-01-08 22:00:00,3,Mouse_health_Ileana,Goessmann,chemistry_lab,UMass Amherst,co2,0.028410160000000004
2016-01-08 23:00:00,3,Mouse_health_Ileana,Goessmann,chemistry_lab,UMass Amherst,co2,0.028410160000000004
2016-01-09 00:00:00,3,Mouse_health_Ileana,Goessmann,chemistry_lab,UMass Amherst,co2,0.028410160000000004
2016-01-09 01:00:00,3,Mouse_health_Ileana,Goessmann,chemistry_lab,UMass Amherst,co2,0.028410160000000004
2016-01-09 02:00:00,3,Mouse_health_Ileana,Goessmann,chemistry_lab,UMass Amherst,co2,0.028410160000000004
2016-01-09 03:00:00,3,Mouse_health_Ileana,Goessmann,chemistry_lab,UMass Amherst,co2,0.028410160000000004
2016-01-09 04:00:00,3,Mouse_health_Ileana,Goessmann,chemistry_lab,UMass Amherst,co2,0.028410160000000004
2016-01-09 05:00:00,3,Mouse_health_Ileana,Goessmann,chemistry_lab,UMass Amherst,co2,0.028410160000000004
2016-01-09 06:00:00,3,Mouse_health_Ileana,Goessmann,chemistry_lab,UMass Amherst,co2,0.028410160000000004
2016-01-09 07:00:00,3,Mouse_health_Ileana,Goessmann,chemistry_lab,UMass Amherst,co2,0.028410160000000004
2016-01-09 08:00:00,3,Mouse_health_Ileana,Goessmann,chemistry_lab,UMass Amherst,co2,0.028410160000000004
2016-01-09 09:00:00,3,Mouse_health_Ileana,Goessmann,chemistry_lab,UMass Amherst,co2,0.028410160000000004
2016-01-09 10:00:00,3,Mouse_health_Ileana,Goessmann,chemistry_lab,UMass Amherst,co2,0.028410160000000004
2016-01-09 11:00:00,3,Mouse_health_Ileana,Goessmann,chemistry_lab,UMass Amherst,co2,0.028410160000000004
2016-01-09 12:00:00,3,Mouse_health_Ileana,Goessmann,chemistry_lab,UMass Amherst,co2,0.028410160000000004
2016-01-09 13:00:00,3,Mouse_health_Ileana,Goessmann,chemistry_lab,UMass Amherst,co2,0.028410160000000004
2016-01-09 14:00:00,3,Mouse_health_Ileana,Goessmann,chemistry_lab,UMass Amherst,co2,0.028410160000000004
2016-01-09 15:00:00,3,Mouse_health_Ileana,Goessmann,chemistry_lab,UMass Amherst,co2,0.028410160000000004
2016-01-09 16:00:00,3,Mouse_health_Ileana,Goessmann,chemistry_lab,UMass Amherst,co2,0.028410160000000004
2016-01-09 17:00:00,3,Mouse_health_Ileana,Goessmann,chemistry_lab,UMass Amherst,co2,0.028410160000000004
2016-01-09 18:00:00,3,Mouse_health_Ileana,Goessmann,chemistry_lab,UMass Amherst,co2,0.028410160000000004
2016-01-09 19:00:00,3,Mouse_health_Ileana,Goessmann,chemistry_lab,UMass Amherst,co2,0.028410160000000004
2016-01-09 20:00:00,3,Mouse_health_Ileana,Goessmann,chemistry_lab,UMass Amherst,co2,0.028410160000000004
2016-01-09 21:00:00,3,Mouse_health_Ileana,Goessmann,chemistry_lab,UMass Amherst,co2,0.028410160000000004
2016-01-09 22:00:00,3,Mouse_health_Ileana,Goessmann,chemistry_lab,UMass Amherst,co2,0.028410160000000004
2016-01-09 23:00:00,3,Mouse_health_Ileana,Goessmann,chemistry_lab,UMass Amherst,co2,0.028410160000000004
2016-01-10 00:00:00,3,Mouse_health_Ileana,Goessmann,chemistry_lab,UMass Amherst,co2,0.028410160000000004
2016-01-10 01:00:00,3,Mouse_health_Ileana,Goessmann,chemistry_lab,UMass Amherst,co2,0.028410160000000004
2016-01-10 02:00:00,3,Mouse_health_Ileana,Goessmann,chemistry_lab,UMass Amherst,co2,0.028410160000000004
2016-01-10 03:00:00,3,Mouse_health_Ileana,Goessmann,chemistry_lab,UMass Amherst,co2,0.028410160000000004
2016-01-10 04:00:00,3,Mouse_health_Ileana,Goessmann,chemistry_lab,UMass Amherst,co2,0.028410160000000004
2016-01-10 05:00:00,3,Mouse_health_Ileana,Goessmann,chemistry_lab,UMass Amherst,co2,0.028410160000000004
2016-01-10 06:00:00,3,Mouse_health_Ileana,Goessmann,chemistry_lab,UMass Amherst,co2,0.028410160000000004
2016-01-10 07:00:00,3,Mouse_health_Ileana,Goessmann,chemistry_lab,UMass Amherst,co2,0.028410160000000004
2016-01-10 08:00:00,3,Mouse_health_Ileana,Goessmann,chemistry_lab,UMass Amherst,co2,0.028410160000000004
2016-01-10 09:00:00,3,Mouse_health_Ileana,Goessmann,chemistry_lab,UMass Amherst,co2,0.028410160000000004
2016-01-10 10:00:00,3,Mouse_health_Ileana,Goessmann,chemistry_lab,UMass Amherst,co2,0.028410160000000004
2016-01-10 11:00:00,3,Mouse_health_Ileana,Goessmann,chemistry_lab,UMass Amherst,co2,0.028410160000000004
2016-01-10 12:00:00,3,Mouse_health_Ileana,Goessmann,chemistry_lab,UMass Amherst,co2,0.028410160000000004
2016-01-10 13:00:00,3,Mouse_health_Ileana,Goessmann,chemistry_lab,UMass Amherst,co2,0.028410160000000004
2016-01-10 14:00:00,3,Mouse_health_Ileana,Goessmann,chemistry_lab,UMass Amherst,co2,0.028410160000000004
2016-01-10 15:00:00,3,Mouse_health_Ileana,Goessmann,chemistry_lab,UMass Amherst,co2,0.028410160000000004
2016-01-10 16:00:00,3,Mouse_health_Ileana,Goessmann,chemistry_lab,UMass Amherst,co2,0.028410160000000004
2016-01-10 17:00:00,3,Mouse_health_Ileana,Goessmann,chemistry_lab,UMass Amherst,co2,0.028410160000000004
2016-01-10 18:00:00,3,Mouse_health_Ileana,Goessmann,chemistry_lab,UMass Amherst,co2,0.028410160000000004
2016-01-10 19:00:00,3,Mouse_health_Ileana,Goessmann,chemistry_lab,UMass Amherst,co2,0.028410160000000004
2016-01-10 20:00:00,3,Mouse_health_Ileana,Goessmann,chemistry_lab,UMass Amherst,co2,0.028410160000000004
2016-01-10 21:00:00,3,Mouse_health_Ileana,Goessmann,chemistry_lab,UMass Amherst,co2,0.028410160000000004
2016-01-10 22:00:00,3,Mouse_health_Ileana,Goessmann,chemistry_lab,UMass Amherst,co2,0.028410160000000004
2016-01-10 23:00:00,3,Mouse_health_Ileana,Goessmann,chemistry_lab,UMass Amherst,co2,0.028410160000000004
2016-01-11 00:00:00,3,Mouse_health_Ileana,Goessmann,chemistry_lab,UMass Amherst,co2,0.028410160000000004
2016-01-11 01:00:00,3,Mouse_health_Ileana,Goessmann,chemistry_lab,UMass Amherst,co2,0.028410160000000004
2016-01-11 02:00:00,3,Mouse_health_Ileana,Goessmann,chemistry_lab,UMass Amherst,co2,0.028410160000000004
2016-01-11 03:00:00,3,Mouse_health_Ileana,Goessmann,chemistry_lab,UMass Amherst,co2,0.028410160000000004
2016-01-11 04:00:00,3,Mouse_health_Ileana,Goessmann,chemistry_lab,UMass Amherst,co2,0.028410160000000004
2016-01-11 05:00:00,3,Mouse_health_Ileana,Goessmann,chemistry_lab,UMass Amherst,co2,0.028410160000000004
2016-01-11 06:00:00,3,Mouse_health_Ileana,Goessmann,chemistry_lab,UMass Amherst,co2,0.028410160000000004
2016-01-11 07:00:00,3,Mouse_health_Ileana,Goessmann,chemistry_lab,UMass Amherst,co2,0.028410160000000004
2016-01-11 08:00:00,3,Mouse_health_Ileana,Goessmann,chemistry_lab,UMass Amherst,co2,0.028410160000000004
2016-01-11 09:00:00,3,Mouse_health_Ileana,Goessmann,chemistry_lab,UMass Amherst,co2,0.028410160000000004
2016-01-11 10:00:00,3,Mouse_health_Ileana,Goessmann,chemistry_lab,UMass Amherst,co2,0.028410160000000004
2016-01-11 11:00:00,3,Mouse_health_Ileana,Goessmann,chemistry_lab,UMass Amherst,co2,0.028410160000000004
2016-01-11 12:00:00,3,Mouse_health_Ileana,Goessmann,chemistry_lab,UMass Amherst,co2,0.028410160000000004
2016-01-11 13:00:00,3,Mouse_health_Ileana,Goessmann,chemistry_lab,UMass Amherst,co2,0.028410160000000004
2016-01-11 14:00:00,3,Mouse_health_Ileana,Goessmann,chemistry_lab,UMass Amherst,co2,0.028410160000000004
2016-01-11 15:00:00,3,Mouse_health_Ileana,Goessmann,chemistry_lab,UMass Amherst,co2,0.028410160000000004
2016-01-11 16:00:00,3,Mouse_health_Ileana,Goessmann,chemistry_lab,UMass Amherst,co2,0.028410160000000004
2016-01-11 17:00:00,3,Mouse_health_Ileana,Goessmann,chemistry_lab,UMass Amherst,co2,0.028410160000000004
2016-01-11 18:00:00,3,Mouse_health_Ileana,Goessmann,chemistry_lab,UMass Amherst,co2,0.028410160000000004
2016-01-11 19:00:00,3,Mouse_health_Ileana,Goessmann,chemistry_lab,UMass Amherst,co2,0.028410160000000004
2016-01-11 20:00:00,3,Mouse_health_Ileana,Goessmann,chemistry_lab,UMass Amherst,co2,0.028410160000000004
2016-01-11 21:00:00,3,Mouse_health_Ileana,Goessmann,chemistry_lab,UMass Amherst,co2,0.028410160000000004
2016-01-11 22:00:00,3,Mouse_health_Ileana,Goessmann,chemistry_lab,UMass Amherst,co2,0.028410160000000004
2016-01-11 23:00:00,3,Mouse_health_Ileana,Goessmann,chemistry_lab,UMass Amherst,co2,0.028410160000000004
2016-01-12 00:00:00,3,Mouse_health_Ileana,Goessmann,chemistry_lab,UMass Amherst,co2,0.028410160000000004
2016-01-12 01:00:00,3,Mouse_health_Ileana,Goessmann,chemistry_lab,UMass Amherst,co2,0.028410160000000004
2016-01-12 02:00:00,3,Mouse_health_Ileana,Goessmann,chemistry_lab,UMass Amherst,co2,0.028410160000000004
2016-01-12 03:00:00,3,Mouse_health_Ileana,Goessmann,chemistry_lab,UMass Amherst,co2,0.028410160000000004
2016-01-12 04:00:00,3,Mouse_health_Ileana,Goessmann,chemistry_lab,UMass Amherst,co2,0.028410160000000004
2016-01-12 05:00:00,3,Mouse_health_Ileana,Goessmann,chemistry_lab,UMass Amherst,co2,0.028410160000000004
2016-01-12 06:00:00,3,Mouse_health_Ileana,Goessmann,chemistry_lab,UMass Amherst,co2,0.028410160000000004
2016-01-12 07:00:00,3,Mouse_health_Ileana,Goessmann,chemistry_lab,UMass Amherst,co2,0.028410160000000004
2016-01-12 08:00:00,3,Mouse_health_Ileana,Goessmann,chemistry_lab,UMass Amherst,co2,0.028410160000000004
2016-01-12 09:00:00,3,Mouse_health_Ileana,Goessmann,chemistry_lab,UMass Amherst,co2,0.028410160000000004
2016-01-12 10:00:00,3,Mouse_health_Ileana,Goessmann,chemistry_lab,UMass Amherst,co2,0.028410160000000004
2016-01-12 11:00:00,3,Mouse_health_Ileana,Goessmann,chemistry_lab,UMass Amherst,co2,0.028410160000000004
2016-01-12 12:00:00,3,Mouse_health_Ileana,Goessmann,chemistry_lab,UMass Amherst,co2,0.028410160000000004
2016-01-12 13:00:00,3,Mouse_health_Ileana,Goessmann,chemistry_lab,UMass Amherst,co2,0.028410160000000004
2016-01-12 14:00:00,3,Mouse_health_Ileana,Goessmann,chemistry_lab,UMass Amherst,co2,0.028410160000000004
2016-01-12 15:00:00,3,Mouse_health_Ileana,Goessmann,chemistry_lab,UMass Amherst,co2,0.028410160000000004
2016-01-12 16:00:00,3,Mouse_health_Ileana,Goessmann,chemistry_lab,UMass Amherst,co2,0.028410160000000004
2016-01-12 17:00:00,3,Mouse_health_Ileana,Goessmann,chemistry_lab,UMass Amherst,co2,0.028410160000000004
2016-01-12 18:00:00,3,Mouse_health_Ileana,Goessmann,chemistry_lab,UMass Amherst,co2,0.028410160000000004
2016-01-12 19:00:00,3,Mouse_health_Ileana,Goessmann,chemistry_lab,UMass Amherst,co2,0.028410160000000004
2016-01-12 20:00:00,3,Mouse_health_Ileana,Goessmann,chemistry_lab,UMass Amherst,co2,0.028410160000000004
2016-01-12 21:00:00,3,Mouse_health_Ileana,Goessmann,chemistry_lab,UMass Amherst,co2,0.028410160000000004
2016-01-12 22:00:00,3,Mouse_health_Ileana,Goessmann,chemistry_lab,UMass Amherst,co2,0.028410160000000004
2016-01-12 23:00:00,3,Mouse_health_Ileana,Goessmann,chemistry_lab,UMass Amherst,co2,0.028410160000000004
2016-01-13 00:00:00,3,Mouse_health_Ileana,Goessmann,chemistry_lab,UMass Amherst,co2,0.028410160000000004
2016-01-13 01:00:00,3,Mouse_health_Ileana,Goessmann,chemistry_lab,UMass Amherst,co2,0.028410160000000004
2016-01-13 02:00:00,3,Mouse_health_Ileana,Goessmann,chemistry_lab,UMass Amherst,co2,0.028410160000000004
2016-01-13 03:00:00,3,Mouse_health_Ileana,Goessmann,chemistry_lab,UMass Amherst,co2,0.028410160000000004
2016-01-13 04:00:00,3,Mouse_health_Ileana,Goessmann,chemistry_lab,UMass Amherst,co2,0.028410160000000004
2016-01-13 05:00:00,3,Mouse_health_Ileana,Goessmann,chemistry_lab,UMass Amherst,co2,0.028410160000000004
2016-01-13 06:00:00,3,Mouse_health_Ileana,Goessmann,chemistry_lab,UMass Amherst,co2,0.028410160000000004
2016-01-13 07:00:00,3,Mouse_health_Ileana,Goessmann,chemistry_lab,UMass Amherst,co2,0.028410160000000004
2016-01-13 08:00:00,3,Mouse_health_Ileana,Goessmann,chemistry_lab,UMass Amherst,co2,0.028410160000000004
2016-01-13 09:00:00,3,Mouse_health_Ileana,Goessmann,chemistry_lab,UMass Amherst,co2,0.028410160000000004
2016-01-13 10:00:00,3,Mouse_health_Ileana,Goessmann,chemistry_lab,UMass Amherst,co2,0.028410160000000004
2016-01-13 11:00:00,3,Mouse_health_Ileana,Goessmann,chemistry_lab,UMass Amherst,co2,0.028410160000000004
2016-01-13 12:00:00,3,Mouse_health_Ileana,Goessmann,chemistry_lab,UMass Amherst,co2,0.028410160000000004
2016-01-13 13:00:00,3,Mouse_health_Ileana,Goessmann,chemistry_lab,UMass Amherst,co2,0.028410160000000004
2016-01-13 14:00:00,3,Mouse_health_Ileana,Goessmann,chemistry_lab,UMass Amherst,co2,0.028410160000000004
2016-01-13 15:00:00,3,Mouse_health_Ileana,Goessmann,chemistry_lab,UMass Amherst,co2,0.028410160000000004
2016-01-13 16:00:00,3,Mouse_health_Ileana,Goessmann,chemistry_lab,UMass Amherst,co2,0.028410160000000004
2016-01-13 17:00:00,3,Mouse_health_Ileana,Goessmann,chemistry_lab,UMass Amherst,co2,0.028410160000000004
2016-01-13 18:00:00,3,Mouse_health_Ileana,Goessmann,chemistry_lab,UMass Amherst,co2,0.028410160000000004
2016-01-13 19:00:00,3,Mouse_health_Ileana,Goessmann,chemistry_lab,UMass Amherst,co2,0.028410160000000004
2016-01-13 20:00:00,3,Mouse_health_Ileana,Goessmann,chemistry_lab,UMass Amherst,co2,0.028410160000000004
2016-01-13 21:00:00,3,Mouse_health_Ileana,Goessmann,chemistry_lab,UMass Amherst,co2,0.028410160000000004
2016-01-13 22:00:00,3,Mouse_health_Ileana,Goessmann,chemistry_lab,UMass Amherst,co2,0.028410160000000004
2016-01-13 23:00:00,3,Mouse_health_Ileana,Goessmann,chemistry_lab,UMass Amherst,co2,0.028410160000000004
2016-01-14 00:00:00,3,Mouse_health_Ileana,Goessmann,chemistry_lab,UMass Amherst,co2,0.028410160000000004
2016-01-14 01:00:00,3,Mouse_health_Ileana,Goessmann,chemistry_lab,UMass Amherst,co2,0.028410160000000004
2016-01-14 02:00:00,3,Mouse_health_Ileana,Goessmann,chemistry_lab,UMass Amherst,co2,0.028410160000000004
2016-01-14 03:00:00,3,Mouse_health_Ileana,Goessmann,chemistry_lab,UMass Amherst,co2,0.028410160000000004
2016-01-14 04:00:00,3,Mouse_health_Ileana,Goessmann,chemistry_lab,UMass Amherst,co2,0.028410160000000004
2016-01-14 05:00:00,3,Mouse_health_Ileana,Goessmann,chemistry_lab,UMass Amherst,co2,0.028410160000000004
2016-01-14 06:00:00,3,Mouse_health_Ileana,Goessmann,chemistry_lab,UMass Amherst,co2,0.028410160000000004
2016-01-14 07:00:00,3,Mouse_health_Ileana,Goessmann,chemistry_lab,UMass Amherst,co2,0.028410160000000004
2016-01-14 08:00:00,3,Mouse_health_Ileana,Goessmann,chemistry_lab,UMass Amherst,co2,0.028410160000000004
2016-01-14 09:00:00,3,Mouse_health_Ileana,Goessmann,chemistry_lab,UMass Amherst,co2,0.028410160000000004
2016-01-14 10:00:00,3,Mouse_health_Ileana,Goessmann,chemistry_lab,UMass Amherst,co2,0.028410160000000004
2016-01-14 11:00:00,3,Mouse_health_Ileana,Goessmann,chemistry_lab,UMass Amherst,co2,0.028410160000000004
2016-01-14 12:00:00,3,Mouse_health_Ileana,Goessmann,chemistry_lab,UMass Amherst,co2,0.028410160000000004
2016-01-14 13:00:00,3,Mouse_health_Ileana,Goessmann,chemistry_lab,UMass Amherst,co2,0.028410160000000004
2016-01-14 14:00:00,3,Mouse_health_Ileana,Goessmann,chemistry_lab,UMass Amherst,co2,0.028410160000000004
2016-01-14 15:00:00,3,Mouse_health_Ileana,Goessmann,chemistry_lab,UMass Amherst,co2,0.028410160000000004
2016-01-14 16:00:00,3,Mouse_health_Ileana,Goessmann,chemistry_lab,UMass Amherst,co2,0.028410160000000004
2016-01-14 17:00:00,3,Mouse_health_Ileana,Goessmann,chemistry_lab,UMass Amherst,co2,0.028410160000000004
2016-01-14 18:00:00,3,Mouse_health_Ileana,Goessmann,chemistry_lab,UMass Amherst,co2,0.028410160000000004
2016-01-14 19:00:00,3,Mouse_health_Ileana,Goessmann,chemistry_lab,UMass Amherst,co2,0.028410160000000004
2016-01-14 20:00:00,3,Mouse_health_Ileana,Goessmann,chemistry_lab,UMass Amherst,co2,0.028410160000000004
2016-01-14 21:00:00,3,Mouse_health_Ileana,Goessmann,chemistry_lab,UMass Amherst,co2,0.028410160000000004
2016-01-14 22:00:00,3,Mouse_health_Ileana,Goessmann,chemistry_lab,UMass Amherst,co2,0.028410160000000004
2016-01-14 23:00:00,3,Mouse_health_Ileana,Goessmann,chemistry_lab,UMass Amherst,co2,0.028410160000000004
2016-01-15 00:00:00,3,Mouse_health_Ileana,Goessmann,chemistry_lab,UMass Amherst,co2,0.02340508
2016-01-15 01:00:00,3,Mouse_health_Ileana,Goessmann,chemistry_lab,UMass Amherst,co2,0.023805080000000003
2016-01-15 02:00:00,3,Mouse_health_Ileana,Goessmann,chemistry_lab,UMass Amherst,co2,0.02
2016-01-15 03:00:00,3,Mouse_health_Ileana,Goessmann,chemistry_lab,UMass Amherst,co2,0.0196
2016-01-15 04:00:00,3,Mouse_health_Ileana,Goessmann,chemistry_lab,UMass Amherst,co2,0.0196
2016-01-15 05:00:00,3,Mouse_health_Ileana,Goessmann,chemistry_lab,UMass Amherst,co2,0.0204
2016-01-15 06:00:00,3,Mouse_health_Ileana,Goessmann,chemistry_lab,UMass Amherst,co2,0.02
2016-01-15 07:00:00,3,Mouse_health_Ileana,Goessmann,chemistry_lab,UMass Amherst,co2,0.0196
2016-01-15 08:00:00,3,Mouse_health_Ileana,Goessmann,chemistry_lab,UMass Amherst,co2,0.0252
2016-01-15 09:00:00,3,Mouse_health_Ileana,Goessmann,chemistry_lab,UMass Amherst,co2,0.0368
2016-01-15 10:00:00,3,Mouse_health_Ileana,Goessmann,chemistry_lab,UMass Amherst,co2,0.0436
2016-01-15 11:00:00,3,Mouse_health_Ileana,Goessmann,chemistry_lab,UMass Amherst,co2,0.0448
2016-01-15 12:00:00,3,Mouse_health_Ileana,Goessmann,chemistry_lab,UMass Amherst,co2,0.0448
2016-01-15 13:00:00,3,Mouse_health_Ileana,Goessmann,chemistry_lab,UMass Amherst,co2,0.0448
2016-01-15 14:00:00,3,Mouse_health_Ileana,Goessmann,chemistry_lab,UMass Amherst,co2,0.044000000000000004
2016-01-15 15:00:00,3,Mouse_health_Ileana,Goessmann,chemistry_lab,UMass Amherst,co2,0.0444
2016-01-15 16:00:00,3,Mouse_health_Ileana,Goessmann,chemistry_lab,UMass Amherst,co2,0.044000000000000004
2016-01-15 17:00:00,3,Mouse_health_Ileana,Goessmann,chemistry_lab,UMass Amherst,co2,0.042800000000000005
2016-01-15 18:00:00,3,Mouse_health_Ileana,Goessmann,chemistry_lab,UMass Amherst,co2,0.038
2016-01-15 19:00:00,3,Mouse_health_Ileana,Goessmann,chemistry_lab,UMass Amherst,co2,0.0328
2016-01-15 20:00:00,3,Mouse_health_Ileana,Goessmann,chemistry_lab,UMass Amherst,co2,0.0296
2016-01-15 21:00:00,3,Mouse_health_Ileana,Goessmann,chemistry_lab,UMass Amherst,co2,0.027200000000000002
2016-01-15 22:00:00,3,Mouse_health_Ileana,Goessmann,chemistry_lab,UMass Amherst,co2,0.0216
2016-01-15 23:00:00,3,Mouse_health_Ileana,Goessmann,chemistry_lab,UMass Amherst,co2,0.0196
2016-01-16 00:00:00,3,Mouse_health_Ileana,Goessmann,chemistry_lab,UMass Amherst,co2,0.0188
2016-01-16 01:00:00,3,Mouse_health_Ileana,Goessmann,chemistry_lab,UMass Amherst,co2,0.0184
2016-01-16 02:00:00,3,Mouse_health_Ileana,Goessmann,chemistry_lab,UMass Amherst,co2,0.0184
2016-01-16 03:00:00,3,Mouse_health_Ileana,Goessmann,chemistry_lab,UMass Amherst,co2,0.018000000000000002
2016-01-16 04:00:00,3,Mouse_health_Ileana,Goessmann,chemistry_lab,UMass Amherst,co2,0.018000000000000002
2016-01-16 05:00:00,3,Mouse_health_Ileana,Goessmann,chemistry_lab,UMass Amherst,co2,0.0188
2016-01-16 06:00:00,3,Mouse_health_Ileana,Goessmann,chemistry_lab,UMass Amherst,co2,0.0184
2016-01-16 07:00:00,3,Mouse_health_Ileana,Goessmann,chemistry_lab,UMass Amherst,co2,0.0184
2016-01-16 08:00:00,3,Mouse_health_Ileana,Goessmann,chemistry_lab,UMass Amherst,co2,0.0188
2016-01-16 09:00:00,3,Mouse_health_Ileana,Goessmann,chemistry_lab,UMass Amherst,co2,0.0196
2016-01-16 10:00:00,3,Mouse_health_Ileana,Goessmann,chemistry_lab,UMass Amherst,co2,0.02
2016-01-16 11:00:00,3,Mouse_health_Ileana,Goessmann,chemistry_lab,UMass Amherst,co2,0.02
2016-01-16 12:00:00,3,Mouse_health_Ileana,Goessmann,chemistry_lab,UMass Amherst,co2,0.0196
2016-01-16 13:00:00,3,Mouse_health_Ileana,Goessmann,chemistry_lab,UMass Amherst,co2,0.0204
2016-01-16 14:00:00,3,Mouse_health_Ileana,Goessmann,chemistry_lab,UMass Amherst,co2,0.020800000000000003
2016-01-16 15:00:00,3,Mouse_health_Ileana,Goessmann,chemistry_lab,UMass Amherst,co2,0.02
2016-01-16 16:00:00,3,Mouse_health_Ileana,Goessmann,chemistry_lab,UMass Amherst,co2,0.0204
2016-01-16 17:00:00,3,Mouse_health_Ileana,Goessmann,chemistry_lab,UMass Amherst,co2,0.02
2016-01-16 18:00:00,3,Mouse_health_Ileana,Goessmann,chemistry_lab,UMass Amherst,co2,0.02
2016-01-16 19:00:00,3,Mouse_health_Ileana,Goessmann,chemistry_lab,UMass Amherst,co2,0.0196
2016-01-16 20:00:00,3,Mouse_health_Ileana,Goessmann,chemistry_lab,UMass Amherst,co2,0.02
2016-01-16 21:00:00,3,Mouse_health_Ileana,Goessmann,chemistry_lab,UMass Amherst,co2,0.0196
2016-01-16 22:00:00,3,Mouse_health_Ileana,Goessmann,chemistry_lab,UMass Amherst,co2,0.0196
2016-01-16 23:00:00,3,Mouse_health_Ileana,Goessmann,chemistry_lab,UMass Amherst,co2,0.019200000000000002
2016-01-17 00:00:00,3,Mouse_health_Ileana,Goessmann,chemistry_lab,UMass Amherst,co2,0.019200000000000002
2016-01-17 01:00:00,3,Mouse_health_Ileana,Goessmann,chemistry_lab,UMass Amherst,co2,0.019200000000000002
2016-01-17 02:00:00,3,Mouse_health_Ileana,Goessmann,chemistry_lab,UMass Amherst,co2,0.0188
2016-01-17 03:00:00,3,Mouse_health_Ileana,Goessmann,chemistry_lab,UMass Amherst,co2,0.0188
2016-01-17 04:00:00,3,Mouse_health_Ileana,Goessmann,chemistry_lab,UMass Amherst,co2,0.019200000000000002
2016-01-17 05:00:00,3,Mouse_health_Ileana,Goessmann,chemistry_lab,UMass Amherst,co2,0.019200000000000002
2016-01-17 06:00:00,3,Mouse_health_Ileana,Goessmann,chemistry_lab,UMass Amherst,co2,0.0196
2016-01-17 07:00:00,3,Mouse_health_Ileana,Goessmann,chemistry_lab,UMass Amherst,co2,0.0188
2016-01-17 08:00:00,3,Mouse_health_Ileana,Goessmann,chemistry_lab,UMass Amherst,co2,0.0196
2016-01-17 09:00:00,3,Mouse_health_Ileana,Goessmann,chemistry_lab,UMass Amherst,co2,0.0196
2016-01-17 10:00:00,3,Mouse_health_Ileana,Goessmann,chemistry_lab,UMass Amherst,co2,0.020800000000000003
2016-01-17 11:00:00,3,Mouse_health_Ileana,Goessmann,chemistry_lab,UMass Amherst,co2,0.0204
2016-01-17 12:00:00,3,Mouse_health_Ileana,Goessmann,chemistry_lab,UMass Amherst,co2,0.0196
2016-01-17 13:00:00,3,Mouse_health_Ileana,Goessmann,chemistry_lab,UMass Amherst,co2,0.020800000000000003
2016-01-17 14:00:00,3,Mouse_health_Ileana,Goessmann,chemistry_lab,UMass Amherst,co2,0.0196
2016-01-17 15:00:00,3,Mouse_health_Ileana,Goessmann,chemistry_lab,UMass Amherst,co2,0.02
2016-01-17 16:00:00,3,Mouse_health_Ileana,Goessmann,chemistry_lab,UMass Amherst,co2,0.02
2016-01-17 17:00:00,3,Mouse_health_Ileana,Goessmann,chemistry_lab,UMass Amherst,co2,0.0196
2016-01-17 18:00:00,3,Mouse_health_Ileana,Goessmann,chemistry_lab,UMass Amherst,co2,0.02
2016-01-17 19:00:00,3,Mouse_health_Ileana,Goessmann,chemistry_lab,UMass Amherst,co2,0.02
2016-01-17 20:00:00,3,Mouse_health_Ileana,Goessmann,chemistry_lab,UMass Amherst,co2,0.02
2016-01-17 21:00:00,3,Mouse_health_Ileana,Goessmann,chemistry_lab,UMass Amherst,co2,0.019200000000000002
2016-01-17 22:00:00,3,Mouse_health_Ileana,Goessmann,chemistry_lab,UMass Amherst,co2,0.019200000000000002
2016-01-17 23:00:00,3,Mouse_health_Ileana,Goessmann,chemistry_lab,UMass Amherst,co2,0.0188
2016-01-18 00:00:00,3,Mouse_health_Ileana,Goessmann,chemistry_lab,UMass Amherst,co2,0.0204
2016-01-18 01:00:00,3,Mouse_health_Ileana,Goessmann,chemistry_lab,UMass Amherst,co2,0.0184
2016-01-18 02:00:00,3,Mouse_health_Ileana,Goessmann,chemistry_lab,UMass Amherst,co2,0.0188
2016-01-18 03:00:00,3,Mouse_health_Ileana,Goessmann,chemistry_lab,UMass Amherst,co2,0.018000000000000002
2016-01-18 04:00:00,3,Mouse_health_Ileana,Goessmann,chemistry_lab,UMass Amherst,co2,0.0184
2016-01-18 05:00:00,3,Mouse_health_Ileana,Goessmann,chemistry_lab,UMass Amherst,co2,0.0188
2016-01-18 06:00:00,3,Mouse_health_Ileana,Goessmann,chemistry_lab,UMass Amherst,co2,0.0184
2016-01-18 07:00:00,3,Mouse_health_Ileana,Goessmann,chemistry_lab,UMass Amherst,co2,0.0188
2016-01-18 08:00:00,3,Mouse_health_Ileana,Goessmann,chemistry_lab,UMass Amherst,co2,0.024
2016-01-18 09:00:00,3,Mouse_health_Ileana,Goessmann,chemistry_lab,UMass Amherst,co2,0.0364
2016-01-18 10:00:00,3,Mouse_health_Ileana,Goessmann,chemistry_lab,UMass Amherst,co2,0.042800000000000005
2016-01-18 11:00:00,3,Mouse_health_Ileana,Goessmann,chemistry_lab,UMass Amherst,co2,0.0436
2016-01-18 12:00:00,3,Mouse_health_Ileana,Goessmann,chemistry_lab,UMass Amherst,co2,0.0432
2016-01-18 13:00:00,3,Mouse_health_Ileana,Goessmann,chemistry_lab,UMass Amherst,co2,0.0432
2016-01-18 14:00:00,3,Mouse_health_Ileana,Goessmann,chemistry_lab,UMass Amherst,co2,0.045200000000000004
2016-01-18 15:00:00,3,Mouse_health_Ileana,Goessmann,chemistry_lab,UMass Amherst,co2,0.0448
2016-01-18 16:00:00,3,Mouse_health_Ileana,Goessmann,chemistry_lab,UMass Amherst,co2,0.0456
2016-01-18 17:00:00,3,Mouse_health_Ileana,Goessmann,chemistry_lab,UMass Amherst,co2,0.042800000000000005
2016-01-18 18:00:00,3,Mouse_health_Ileana,Goessmann,chemistry_lab,UMass Amherst,co2,0.0408
2016-01-18 19:00:00,3,Mouse_health_Ileana,Goessmann,chemistry_lab,UMass Amherst,co2,0.034
2016-01-18 20:00:00,3,Mouse_health_Ileana,Goessmann,chemistry_lab,UMass Amherst,co2,0.0296
2016-01-18 21:00:00,3,Mouse_health_Ileana,Goessmann,chemistry_lab,UMass Amherst,co2,0.027600000000000003
2016-01-18 22:00:00,3,Mouse_health_Ileana,Goessmann,chemistry_lab,UMass Amherst,co2,0.024
2016-01-18 23:00:00,3,Mouse_health_Ileana,Goessmann,chemistry_lab,UMass Amherst,co2,0.022000000000000002
2016-01-19 00:00:00,3,Mouse_health_Ileana,Goessmann,chemistry_lab,UMass Amherst,co2,0.0216
2016-01-19 01:00:00,3,Mouse_health_Ileana,Goessmann,chemistry_lab,UMass Amherst,co2,0.0216
2016-01-19 02:00:00,3,Mouse_health_Ileana,Goessmann,chemistry_lab,UMass Amherst,co2,0.0212
2016-01-19 03:00:00,3,Mouse_health_Ileana,Goessmann,chemistry_lab,UMass Amherst,co2,0.0216
2016-01-19 04:00:00,3,Mouse_health_Ileana,Goessmann,chemistry_lab,UMass Amherst,co2,0.0212
2016-01-19 05:00:00,3,Mouse_health_Ileana,Goessmann,chemistry_lab,UMass Amherst,co2,0.0212
2016-01-19 06:00:00,3,Mouse_health_Ileana,Goessmann,chemistry_lab,UMass Amherst,co2,0.0216
2016-01-19 07:00:00,3,Mouse_health_Ileana,Goessmann,chemistry_lab,UMass Amherst,co2,0.022000000000000002
2016-01-19 08:00:00,3,Mouse_health_Ileana,Goessmann,chemistry_lab,UMass Amherst,co2,0.027600000000000003
2016-01-19 09:00:00,3,Mouse_health_Ileana,Goessmann,chemistry_lab,UMass Amherst,co2,0.0368
2016-01-19 10:00:00,3,Mouse_health_Ileana,Goessmann,chemistry_lab,UMass Amherst,co2,0.0448
2016-01-19 11:00:00,3,Mouse_health_Ileana,Goessmann,chemistry_lab,UMass Amherst,co2,0.0492
2016-01-19 12:00:00,3,Mouse_health_Ileana,Goessmann,chemistry_lab,UMass Amherst,co2,0.0504
2016-01-19 13:00:00,3,Mouse_health_Ileana,Goessmann,chemistry_lab,UMass Amherst,co2,0.0492
2016-01-19 14:00:00,3,Mouse_health_Ileana,Goessmann,chemistry_lab,UMass Amherst,co2,0.0492
2016-01-19 15:00:00,3,Mouse_health_Ileana,Goessmann,chemistry_lab,UMass Amherst,co2,0.048
2016-01-19 16:00:00,3,Mouse_health_Ileana,Goessmann,chemistry_lab,UMass Amherst,co2,0.0472
2016-01-19 17:00:00,3,Mouse_health_Ileana,Goessmann,chemistry_lab,UMass Amherst,co2,0.045200000000000004
2016-01-19 18:00:00,3,Mouse_health_Ileana,Goessmann,chemistry_lab,UMass Amherst,co2,0.042800000000000005
2016-01-19 19:00:00,3,Mouse_health_Ileana,Goessmann,chemistry_lab,UMass Amherst,co2,0.0332
2016-01-19 20:00:00,3,Mouse_health_Ileana,Goessmann,chemistry_lab,UMass Amherst,co2,0.0296
2016-01-19 21:00:00,3,Mouse_health_Ileana,Goessmann,chemistry_lab,UMass Amherst,co2,0.027600000000000003
2016-01-19 22:00:00,3,Mouse_health_Ileana,Goessmann,chemistry_lab,UMass Amherst,co2,0.0216
2016-01-19 23:00:00,3,Mouse_health_Ileana,Goessmann,chemistry_lab,UMass Amherst,co2,0.022000000000000002
2016-01-20 00:00:00,3,Mouse_health_Ileana,Goessmann,chemistry_lab,UMass Amherst,co2,0.0212
2016-01-20 01:00:00,3,Mouse_health_Ileana,Goessmann,chemistry_lab,UMass Amherst,co2,0.0204
2016-01-20 02:00:00,3,Mouse_health_Ileana,Goessmann,chemistry_lab,UMass Amherst,co2,0.02
2016-01-20 03:00:00,3,Mouse_health_Ileana,Goessmann,chemistry_lab,UMass Amherst,co2,0.0204
2016-01-20 04:00:00,3,Mouse_health_Ileana,Goessmann,chemistry_lab,UMass Amherst,co2,0.0204
2016-01-20 05:00:00,3,Mouse_health_Ileana,Goessmann,chemistry_lab,UMass Amherst,co2,0.020800000000000003
2016-01-20 06:00:00,3,Mouse_health_Ileana,Goessmann,chemistry_lab,UMass Amherst,co2,0.0204
2016-01-20 07:00:00,3,Mouse_health_Ileana,Goessmann,chemistry_lab,UMass Amherst,co2,0.0204
2016-01-20 08:00:00,3,Mouse_health_Ileana,Goessmann,chemistry_lab,UMass Amherst,co2,0.0296
2016-01-20 09:00:00,3,Mouse_health_Ileana,Goessmann,chemistry_lab,UMass Amherst,co2,0.0396
2016-01-20 10:00:00,3,Mouse_health_Ileana,Goessmann,chemistry_lab,UMass Amherst,co2,0.048
2016-01-20 11:00:00,3,Mouse_health_Ileana,Goessmann,chemistry_lab,UMass Amherst,co2,0.048
2016-01-20 12:00:00,3,Mouse_health_Ileana,Goessmann,chemistry_lab,UMass Amherst,co2,0.0492
2016-01-20 13:00:00,3,Mouse_health_Ileana,Goessmann,chemistry_lab,UMass Amherst,co2,0.048
2016-01-20 14:00:00,3,Mouse_health_Ileana,Goessmann,chemistry_lab,UMass Amherst,co2,0.0476
2016-01-20 15:00:00,3,Mouse_health_Ileana,Goessmann,chemistry_lab,UMass Amherst,co2,0.0468
2016-01-20 16:00:00,3,Mouse_health_Ileana,Goessmann,chemistry_lab,UMass Amherst,co2,0.048400000000000006
2016-01-20 17:00:00,3,Mouse_health_Ileana,Goessmann,chemistry_lab,UMass Amherst,co2,0.044000000000000004
2016-01-20 18:00:00,3,Mouse_health_Ileana,Goessmann,chemistry_lab,UMass Amherst,co2,0.0424
2016-01-20 19:00:00,3,Mouse_health_Ileana,Goessmann,chemistry_lab,UMass Amherst,co2,0.034
2016-01-20 20:00:00,3,Mouse_health_Ileana,Goessmann,chemistry_lab,UMass Amherst,co2,0.028
2016-01-20 21:00:00,3,Mouse_health_Ileana,Goessmann,chemistry_lab,UMass Amherst,co2,0.0264
2016-01-20 22:00:00,3,Mouse_health_Ileana,Goessmann,chemistry_lab,UMass Amherst,co2,0.0224
2016-01-20 23:00:00,3,Mouse_health_Ileana,Goessmann,chemistry_lab,UMass Amherst,co2,0.0212
2016-01-21 00:00:00,3,Mouse_health_Ileana,Goessmann,chemistry_lab,UMass Amherst,co2,0.020800000000000003
2016-01-21 01:00:00,3,Mouse_health_Ileana,Goessmann,chemistry_lab,UMass Amherst,co2,0.02
2016-01-21 02:00:00,3,Mouse_health_Ileana,Goessmann,chemistry_lab,UMass Amherst,co2,0.02
2016-01-21 03:00:00,3,Mouse_health_Ileana,Goessmann,chemistry_lab,UMass Amherst,co2,0.02
2016-01-21 04:00:00,3,Mouse_health_Ileana,Goessmann,chemistry_lab,UMass Amherst,co2,0.0204
2016-01-21 05:00:00,3,Mouse_health_Ileana,Goessmann,chemistry_lab,UMass Amherst,co2,0.0204
2016-01-21 06:00:00,3,Mouse_health_Ileana,Goessmann,chemistry_lab,UMass Amherst,co2,0.0204
2016-01-21 07:00:00,3,Mouse_health_Ileana,Goessmann,chemistry_lab,UMass Amherst,co2,0.0204
2016-01-21 08:00:00,3,Mouse_health_Ileana,Goessmann,chemistry_lab,UMass Amherst,co2,0.030000000000000002
2016-01-21 09:00:00,3,Mouse_health_Ileana,Goessmann,chemistry_lab,UMass Amherst,co2,0.0392
2016-01-21 10:00:00,3,Mouse_health_Ileana,Goessmann,chemistry_lab,UMass Amherst,co2,0.046400000000000004
2016-01-21 11:00:00,3,Mouse_health_Ileana,Goessmann,chemistry_lab,UMass Amherst,co2,0.046400000000000004
2016-01-21 12:00:00,3,Mouse_health_Ileana,Goessmann,chemistry_lab,UMass Amherst,co2,0.046400000000000004
2016-01-21 13:00:00,3,Mouse_health_Ileana,Goessmann,chemistry_lab,UMass Amherst,co2,0.0448
2016-01-21 14:00:00,3,Mouse_health_Ileana,Goessmann,chemistry_lab,UMass Amherst,co2,0.045200000000000004
2016-01-21 15:00:00,3,Mouse_health_Ileana,Goessmann,chemistry_lab,UMass Amherst,co2,0.044000000000000004
2016-01-21 16:00:00,3,Mouse_health_Ileana,Goessmann,chemistry_lab,UMass Amherst,co2,0.046
2016-01-21 17:00:00,3,Mouse_health_Ileana,Goessmann,chemistry_lab,UMass Amherst,co2,0.0436
2016-01-21 18:00:00,3,Mouse_health_Ileana,Goessmann,chemistry_lab,UMass Amherst,co2,0.04
2016-01-21 19:00:00,3,Mouse_health_Ileana,Goessmann,chemistry_lab,UMass Amherst,co2,0.0308
2016-01-21 20:00:00,3,Mouse_health_Ileana,Goessmann,chemistry_lab,UMass Amherst,co2,0.0268
2016-01-21 21:00:00,3,Mouse_health_Ileana,Goessmann,chemistry_lab,UMass Amherst,co2,0.0256
2016-01-21 22:00:00,3,Mouse_health_Ileana,Goessmann,chemistry_lab,UMass Amherst,co2,0.022000000000000002
2016-01-21 23:00:00,3,Mouse_health_Ileana,Goessmann,chemistry_lab,UMass Amherst,co2,0.020800000000000003
2016-01-22 00:00:00,3,Mouse_health_Ileana,Goessmann,chemistry_lab,UMass Amherst,co2,0.019200000000000002
2016-01-22 01:00:00,3,Mouse_health_Ileana,Goessmann,chemistry_lab,UMass Amherst,co2,0.019200000000000002
2016-01-22 02:00:00,3,Mouse_health_Ileana,Goessmann,chemistry_lab,UMass Amherst,co2,0.019200000000000002
2016-01-22 03:00:00,3,Mouse_health_Ileana,Goessmann,chemistry_lab,UMass Amherst,co2,0.019200000000000002
2016-01-22 04:00:00,3,Mouse_health_Ileana,Goessmann,chemistry_lab,UMass Amherst,co2,0.019200000000000002
2016-01-22 05:00:00,3,Mouse_health_Ileana,Goessmann,chemistry_lab,UMass Amherst,co2,0.019200000000000002
2016-01-22 06:00:00,3,Mouse_health_Ileana,Goessmann,chemistry_lab,UMass Amherst,co2,0.0188
2016-01-22 07:00:00,3,Mouse_health_Ileana,Goessmann,chemistry_lab,UMass Amherst,co2,0.0188
2016-01-22 08:00:00,3,Mouse_health_Ileana,Goessmann,chemistry_lab,UMass Amherst,co2,0.0264
2016-01-22 09:00:00,3,Mouse_health_Ileana,Goessmann,chemistry_lab,UMass Amherst,co2,0.0368
2016-01-22 10:00:00,3,Mouse_health_Ileana,Goessmann,chemistry_lab,UMass Amherst,co2,0.045200000000000004
2016-01-22 11:00:00,3,Mouse_health_Ileana,Goessmann,chemistry_lab,UMass Amherst,co2,0.0456
2016-01-22 12:00:00,3,Mouse_health_Ileana,Goessmann,chemistry_lab,UMass Amherst,co2,0.046
2016-01-22 13:00:00,3,Mouse_health_Ileana,Goessmann,chemistry_lab,UMass Amherst,co2,0.0444
2016-01-22 14:00:00,3,Mouse_health_Ileana,Goessmann,chemistry_lab,UMass Amherst,co2,0.0448
2016-01-22 15:00:00,3,Mouse_health_Ileana,Goessmann,chemistry_lab,UMass Amherst,co2,0.042800000000000005
2016-01-22 16:00:00,3,Mouse_health_Ileana,Goessmann,chemistry_lab,UMass Amherst,co2,0.042
2016-01-22 17:00:00,3,Mouse_health_Ileana,Goessmann,chemistry_lab,UMass Amherst,co2,0.0396
2016-01-22 18:00:00,3,Mouse_health_Ileana,Goessmann,chemistry_lab,UMass Amherst,co2,0.0368
2016-01-22 19:00:00,3,Mouse_health_Ileana,Goessmann,chemistry_lab,UMass Amherst,co2,0.0316
2016-01-22 20:00:00,3,Mouse_health_Ileana,Goessmann,chemistry_lab,UMass Amherst,co2,0.027600000000000003
2016-01-22 21:00:00,3,Mouse_health_Ileana,Goessmann,chemistry_lab,UMass Amherst,co2,0.024800000000000003
2016-01-22 22:00:00,3,Mouse_health_Ileana,Goessmann,chemistry_lab,UMass Amherst,co2,0.020800000000000003
2016-01-22 23:00:00,3,Mouse_health_Ileana,Goessmann,chemistry_lab,UMass Amherst,co2,0.019200000000000002
2016-01-23 00:00:00,3,Mouse_health_Ileana,Goessmann,chemistry_lab,UMass Amherst,co2,0.0184
2016-01-23 01:00:00,3,Mouse_health_Ileana,Goessmann,chemistry_lab,UMass Amherst,co2,0.0184
2016-01-23 02:00:00,3,Mouse_health_Ileana,Goessmann,chemistry_lab,UMass Amherst,co2,0.0188
2016-01-23 03:00:00,3,Mouse_health_Ileana,Goessmann,chemistry_lab,UMass Amherst,co2,0.018000000000000002
2016-01-23 04:00:00,3,Mouse_health_Ileana,Goessmann,chemistry_lab,UMass Amherst,co2,0.018000000000000002
2016-01-23 05:00:00,3,Mouse_health_Ileana,Goessmann,chemistry_lab,UMass Amherst,co2,0.018000000000000002
2016-01-23 06:00:00,3,Mouse_health_Ileana,Goessmann,chemistry_lab,UMass Amherst,co2,0.018000000000000002
2016-01-23 07:00:00,3,Mouse_health_Ileana,Goessmann,chemistry_lab,UMass Amherst,co2,0.018000000000000002
2016-01-23 08:00:00,3,Mouse_health_Ileana,Goessmann,chemistry_lab,UMass Amherst,co2,0.0184
2016-01-23 09:00:00,3,Mouse_health_Ileana,Goessmann,chemistry_lab,UMass Amherst,co2,0.0188
2016-01-23 10:00:00,3,Mouse_health_Ileana,Goessmann,chemistry_lab,UMass Amherst,co2,0.0204
2016-01-23 11:00:00,3,Mouse_health_Ileana,Goessmann,chemistry_lab,UMass Amherst,co2,0.0196
2016-01-23 12:00:00,3,Mouse_health_Ileana,Goessmann,chemistry_lab,UMass Amherst,co2,0.0196
2016-01-23 13:00:00,3,Mouse_health_Ileana,Goessmann,chemistry_lab,UMass Amherst,co2,0.0204
2016-01-23 14:00:00,3,Mouse_health_Ileana,Goessmann,chemistry_lab,UMass Amherst,co2,0.0196
2016-01-23 15:00:00,3,Mouse_health_Ileana,Goessmann,chemistry_lab,UMass Amherst,co2,0.019200000000000002
2016-01-23 16:00:00,3,Mouse_health_Ileana,Goessmann,chemistry_lab,UMass Amherst,co2,0.019200000000000002
2016-01-23 17:00:00,3,Mouse_health_Ileana,Goessmann,chemistry_lab,UMass Amherst,co2,0.0196
2016-01-23 18:00:00,3,Mouse_health_Ileana,Goessmann,chemistry_lab,UMass Amherst,co2,0.019200000000000002
2016-01-23 19:00:00,3,Mouse_health_Ileana,Goessmann,chemistry_lab,UMass Amherst,co2,0.0188
2016-01-23 20:00:00,3,Mouse_health_Ileana,Goessmann,chemistry_lab,UMass Amherst,co2,0.0196
2016-01-23 21:00:00,3,Mouse_health_Ileana,Goessmann,chemistry_lab,UMass Amherst,co2,0.019200000000000002
2016-01-23 22:00:00,3,Mouse_health_Ileana,Goessmann,chemistry_lab,UMass Amherst,co2,0.0188
2016-01-23 23:00:00,3,Mouse_health_Ileana,Goessmann,chemistry_lab,UMass Amherst,co2,0.0184
2016-01-24 00:00:00,3,Mouse_health_Ileana,Goessmann,chemistry_lab,UMass Amherst,co2,0.018000000000000002
2016-01-24 01:00:00,3,Mouse_health_Ileana,Goessmann,chemistry_lab,UMass Amherst,co2,0.0176
2016-01-24 02:00:00,3,Mouse_health_Ileana,Goessmann,chemistry_lab,UMass Amherst,co2,0.018000000000000002
2016-01-24 03:00:00,3,Mouse_health_Ileana,Goessmann,chemistry_lab,UMass Amherst,co2,0.0176
2016-01-24 04:00:00,3,Mouse_health_Ileana,Goessmann,chemistry_lab,UMass Amherst,co2,0.018000000000000002
2016-01-24 05:00:00,3,Mouse_health_Ileana,Goessmann,chemistry_lab,UMass Amherst,co2,0.018000000000000002
2016-01-24 06:00:00,3,Mouse_health_Ileana,Goessmann,chemistry_lab,UMass Amherst,co2,0.0176
2016-01-24 07:00:00,3,Mouse_health_Ileana,Goessmann,chemistry_lab,UMass Amherst,co2,0.0176
2016-01-24 08:00:00,3,Mouse_health_Ileana,Goessmann,chemistry_lab,UMass Amherst,co2,0.018000000000000002
2016-01-24 09:00:00,3,Mouse_health_Ileana,Goessmann,chemistry_lab,UMass Amherst,co2,0.0176
2016-01-24 10:00:00,3,Mouse_health_Ileana,Goessmann,chemistry_lab,UMass Amherst,co2,0.0188
2016-01-24 11:00:00,3,Mouse_health_Ileana,Goessmann,chemistry_lab,UMass Amherst,co2,0.0184
2016-01-24 12:00:00,3,Mouse_health_Ileana,Goessmann,chemistry_lab,UMass Amherst,co2,0.0184
2016-01-24 13:00:00,3,Mouse_health_Ileana,Goessmann,chemistry_lab,UMass Amherst,co2,0.018000000000000002
2016-01-24 14:00:00,3,Mouse_health_Ileana,Goessmann,chemistry_lab,UMass Amherst,co2,0.0188
2016-01-24 15:00:00,3,Mouse_health_Ileana,Goessmann,chemistry_lab,UMass Amherst,co2,0.0184
2016-01-24 16:00:00,3,Mouse_health_Ileana,Goessmann,chemistry_lab,UMass Amherst,co2,0.0188
2016-01-24 17:00:00,3,Mouse_health_Ileana,Goessmann,chemistry_lab,UMass Amherst,co2,0.0184
2016-01-24 18:00:00,3,Mouse_health_Ileana,Goessmann,chemistry_lab,UMass Amherst,co2,0.019200000000000002
2016-01-24 19:00:00,3,Mouse_health_Ileana,Goessmann,chemistry_lab,UMass Amherst,co2,0.0184
2016-01-24 20:00:00,3,Mouse_health_Ileana,Goessmann,chemistry_lab,UMass Amherst,co2,0.0188
2016-01-24 21:00:00,3,Mouse_health_Ileana,Goessmann,chemistry_lab,UMass Amherst,co2,0.0184
2016-01-24 22:00:00,3,Mouse_health_Ileana,Goessmann,chemistry_lab,UMass Amherst,co2,0.0184
2016-01-24 23:00:00,3,Mouse_health_Ileana,Goessmann,chemistry_lab,UMass Amherst,co2,0.0184
2016-01-25 00:00:00,3,Mouse_health_Ileana,Goessmann,chemistry_lab,UMass Amherst,co2,0.02
2016-01-25 01:00:00,3,Mouse_health_Ileana,Goessmann,chemistry_lab,UMass Amherst,co2,0.0172
2016-01-25 02:00:00,3,Mouse_health_Ileana,Goessmann,chemistry_lab,UMass Amherst,co2,0.0176
2016-01-25 03:00:00,3,Mouse_health_Ileana,Goessmann,chemistry_lab,UMass Amherst,co2,0.0176
2016-01-25 04:00:00,3,Mouse_health_Ileana,Goessmann,chemistry_lab,UMass Amherst,co2,0.018000000000000002
2016-01-25 05:00:00,3,Mouse_health_Ileana,Goessmann,chemistry_lab,UMass Amherst,co2,0.0184
2016-01-25 06:00:00,3,Mouse_health_Ileana,Goessmann,chemistry_lab,UMass Amherst,co2,0.018000000000000002
2016-01-25 07:00:00,3,Mouse_health_Ileana,Goessmann,chemistry_lab,UMass Amherst,co2,0.018000000000000002
2016-01-25 08:00:00,3,Mouse_health_Ileana,Goessmann,chemistry_lab,UMass Amherst,co2,0.0252
2016-01-25 09:00:00,3,Mouse_health_Ileana,Goessmann,chemistry_lab,UMass Amherst,co2,0.0332
2016-01-25 10:00:00,3,Mouse_health_Ileana,Goessmann,chemistry_lab,UMass Amherst,co2,0.0396
2016-01-25 11:00:00,3,Mouse_health_Ileana,Goessmann,chemistry_lab,UMass Amherst,co2,0.0396
2016-01-25 12:00:00,3,Mouse_health_Ileana,Goessmann,chemistry_lab,UMass Amherst,co2,0.0412
2016-01-25 13:00:00,3,Mouse_health_Ileana,Goessmann,chemistry_lab,UMass Amherst,co2,0.0412
2016-01-25 14:00:00,3,Mouse_health_Ileana,Goessmann,chemistry_lab,UMass Amherst,co2,0.0424
2016-01-25 15:00:00,3,Mouse_health_Ileana,Goessmann,chemistry_lab,UMass Amherst,co2,0.042800000000000005
2016-01-25 16:00:00,3,Mouse_health_Ileana,Goessmann,chemistry_lab,UMass Amherst,co2,0.044000000000000004
2016-01-25 17:00:00,3,Mouse_health_Ileana,Goessmann,chemistry_lab,UMass Amherst,co2,0.042
2016-01-25 18:00:00,3,Mouse_health_Ileana,Goessmann,chemistry_lab,UMass Amherst,co2,0.0388
2016-01-25 19:00:00,3,Mouse_health_Ileana,Goessmann,chemistry_lab,UMass Amherst,co2,0.031200000000000002
2016-01-25 20:00:00,3,Mouse_health_Ileana,Goessmann,chemistry_lab,UMass Amherst,co2,0.028
2016-01-25 21:00:00,3,Mouse_health_Ileana,Goessmann,chemistry_lab,UMass Amherst,co2,0.027600000000000003
2016-01-25 22:00:00,3,Mouse_health_Ileana,Goessmann,chemistry_lab,UMass Amherst,co2,0.0236
2016-01-25 23:00:00,3,Mouse_health_Ileana,Goessmann,chemistry_lab,UMass Amherst,co2,0.0216
2016-01-26 00:00:00,3,Mouse_health_Ileana,Goessmann,chemistry_lab,UMass Amherst,co2,0.0204
2016-01-26 01:00:00,3,Mouse_health_Ileana,Goessmann,chemistry_lab,UMass Amherst,co2,0.020800000000000003
2016-01-26 02:00:00,3,Mouse_health_Ileana,Goessmann,chemistry_lab,UMass Amherst,co2,0.0204
2016-01-26 03:00:00,3,Mouse_health_Ileana,Goessmann,chemistry_lab,UMass Amherst,co2,0.020800000000000003
2016-01-26 04:00:00,3,Mouse_health_Ileana,Goessmann,chemistry_lab,UMass Amherst,co2,0.020800000000000003
2016-01-26 05:00:00,3,Mouse_health_Ileana,Goessmann,chemistry_lab,UMass Amherst,co2,0.020800000000000003
2016-01-26 06:00:00,3,Mouse_health_Ileana,Goessmann,chemistry_lab,UMass Amherst,co2,0.0204
2016-01-26 07:00:00,3,Mouse_health_Ileana,Goessmann,chemistry_lab,UMass Amherst,co2,0.0212
2016-01-26 08:00:00,3,Mouse_health_Ileana,Goessmann,chemistry_lab,UMass Amherst,co2,0.0264
2016-01-26 09:00:00,3,Mouse_health_Ileana,Goessmann,chemistry_lab,UMass Amherst,co2,0.0328
2016-01-26 10:00:00,3,Mouse_health_Ileana,Goessmann,chemistry_lab,UMass Amherst,co2,0.042
2016-01-26 11:00:00,3,Mouse_health_Ileana,Goessmann,chemistry_lab,UMass Amherst,co2,0.0424
2016-01-26 12:00:00,3,Mouse_health_Ileana,Goessmann,chemistry_lab,UMass Amherst,co2,0.042800000000000005
2016-01-26 13:00:00,3,Mouse_health_Ileana,Goessmann,chemistry_lab,UMass Amherst,co2,0.042
2016-01-26 14:00:00,3,Mouse_health_Ileana,Goessmann,chemistry_lab,UMass Amherst,co2,0.0432
2016-01-26 15:00:00,3,Mouse_health_Ileana,Goessmann,chemistry_lab,UMass Amherst,co2,0.0436
2016-01-26 16:00:00,3,Mouse_health_Ileana,Goessmann,chemistry_lab,UMass Amherst,co2,0.042800000000000005
2016-01-26 17:00:00,3,Mouse_health_Ileana,Goessmann,chemistry_lab,UMass Amherst,co2,0.0408
2016-01-26 18:00:00,3,Mouse_health_Ileana,Goessmann,chemistry_lab,UMass Amherst,co2,0.038
2016-01-26 19:00:00,3,Mouse_health_Ileana,Goessmann,chemistry_lab,UMass Amherst,co2,0.0328
2016-01-26 20:00:00,3,Mouse_health_Ileana,Goessmann,chemistry_lab,UMass Amherst,co2,0.0296
2016-01-26 21:00:00,3,Mouse_health_Ileana,Goessmann,chemistry_lab,UMass Amherst,co2,0.0256
2016-01-26 22:00:00,3,Mouse_health_Ileana,Goessmann,chemistry_lab,UMass Amherst,co2,0.022000000000000002
2016-01-26 23:00:00,3,Mouse_health_Ileana,Goessmann,chemistry_lab,UMass Amherst,co2,0.02
2016-01-27 00:00:00,3,Mouse_health_Ileana,Goessmann,chemistry_lab,UMass Amherst,co2,0.0196
2016-01-27 01:00:00,3,Mouse_health_Ileana,Goessmann,chemistry_lab,UMass Amherst,co2,0.019200000000000002
2016-01-27 02:00:00,3,Mouse_health_Ileana,Goessmann,chemistry_lab,UMass Amherst,co2,0.019200000000000002
2016-01-27 03:00:00,3,Mouse_health_Ileana,Goessmann,chemistry_lab,UMass Amherst,co2,0.019200000000000002
2016-01-27 04:00:00,3,Mouse_health_Ileana,Goessmann,chemistry_lab,UMass Amherst,co2,0.0188
2016-01-27 05:00:00,3,Mouse_health_Ileana,Goessmann,chemistry_lab,UMass Amherst,co2,0.019200000000000002
2016-01-27 06:00:00,3,Mouse_health_Ileana,Goessmann,chemistry_lab,UMass Amherst,co2,0.0188
2016-01-27 07:00:00,3,Mouse_health_Ileana,Goessmann,chemistry_lab,UMass Amherst,co2,0.019200000000000002
2016-01-27 08:00:00,3,Mouse_health_Ileana,Goessmann,chemistry_lab,UMass Amherst,co2,0.023200000000000002
2016-01-27 09:00:00,3,Mouse_health_Ileana,Goessmann,chemistry_lab,UMass Amherst,co2,0.033600000000000005
2016-01-27 10:00:00,3,Mouse_health_Ileana,Goessmann,chemistry_lab,UMass Amherst,co2,0.0424
2016-01-27 11:00:00,3,Mouse_health_Ileana,Goessmann,chemistry_lab,UMass Amherst,co2,0.0444
2016-01-27 12:00:00,3,Mouse_health_Ileana,Goessmann,chemistry_lab,UMass Amherst,co2,0.044000000000000004
2016-01-27 13:00:00,3,Mouse_health_Ileana,Goessmann,chemistry_lab,UMass Amherst,co2,0.0444
2016-01-27 14:00:00,3,Mouse_health_Ileana,Goessmann,chemistry_lab,UMass Amherst,co2,0.044000000000000004
2016-01-27 15:00:00,3,Mouse_health_Ileana,Goessmann,chemistry_lab,UMass Amherst,co2,0.0444
2016-01-27 16:00:00,3,Mouse_health_Ileana,Goessmann,chemistry_lab,UMass Amherst,co2,0.0436
2016-01-27 17:00:00,3,Mouse_health_Ileana,Goessmann,chemistry_lab,UMass Amherst,co2,0.042
2016-01-27 18:00:00,3,Mouse_health_Ileana,Goessmann,chemistry_lab,UMass Amherst,co2,0.0376
2016-01-27 19:00:00,3,Mouse_health_Ileana,Goessmann,chemistry_lab,UMass Amherst,co2,0.031200000000000002
2016-01-27 20:00:00,3,Mouse_health_Ileana,Goessmann,chemistry_lab,UMass Amherst,co2,0.028800000000000003
2016-01-27 21:00:00,3,Mouse_health_Ileana,Goessmann,chemistry_lab,UMass Amherst,co2,0.0268
2016-01-27 22:00:00,3,Mouse_health_Ileana,Goessmann,chemistry_lab,UMass Amherst,co2,0.0224
2016-01-27 23:00:00,3,Mouse_health_Ileana,Goessmann,chemistry_lab,UMass Amherst,co2,0.0196
2016-01-28 00:00:00,3,Mouse_health_Ileana,Goessmann,chemistry_lab,UMass Amherst,co2,0.0204
2016-01-28 01:00:00,3,Mouse_health_Ileana,Goessmann,chemistry_lab,UMass Amherst,co2,0.0188
2016-01-28 02:00:00,3,Mouse_health_Ileana,Goessmann,chemistry_lab,UMass Amherst,co2,0.019200000000000002
2016-01-28 03:00:00,3,Mouse_health_Ileana,Goessmann,chemistry_lab,UMass Amherst,co2,0.0188
2016-01-28 04:00:00,3,Mouse_health_Ileana,Goessmann,chemistry_lab,UMass Amherst,co2,0.019200000000000002
2016-01-28 05:00:00,3,Mouse_health_Ileana,Goessmann,chemistry_lab,UMass Amherst,co2,0.019200000000000002
2016-01-28 06:00:00,3,Mouse_health_Ileana,Goessmann,chemistry_lab,UMass Amherst,co2,0.0196
2016-01-28 07:00:00,3,Mouse_health_Ileana,Goessmann,chemistry_lab,UMass Amherst,co2,0.02
2016-01-28 08:00:00,3,Mouse_health_Ileana,Goessmann,chemistry_lab,UMass Amherst,co2,0.0284
2016-01-28 09:00:00,3,Mouse_health_Ileana,Goessmann,chemistry_lab,UMass Amherst,co2,0.038400000000000004
2016-01-28 10:00:00,3,Mouse_health_Ileana,Goessmann,chemistry_lab,UMass Amherst,co2,0.044000000000000004
2016-01-28 11:00:00,3,Mouse_health_Ileana,Goessmann,chemistry_lab,UMass Amherst,co2,0.045200000000000004
2016-01-28 12:00:00,3,Mouse_health_Ileana,Goessmann,chemistry_lab,UMass Amherst,co2,0.0444
2016-01-28 13:00:00,3,Mouse_health_Ileana,Goessmann,chemistry_lab,UMass Amherst,co2,0.0448
2016-01-28 14:00:00,3,Mouse_health_Ileana,Goessmann,chemistry_lab,UMass Amherst,co2,0.0448
2016-01-28 15:00:00,3,Mouse_health_Ileana,Goessmann,chemistry_lab,UMass Amherst,co2,0.0444
2016-01-28 16:00:00,3,Mouse_health_Ileana,Goessmann,chemistry_lab,UMass Amherst,co2,0.044000000000000004
2016-01-28 17:00:00,3,Mouse_health_Ileana,Goessmann,chemistry_lab,UMass Amherst,co2,0.042
2016-01-28 18:00:00,3,Mouse_health_Ileana,Goessmann,chemistry_lab,UMass Amherst,co2,0.0388
2016-01-28 19:00:00,3,Mouse_health_Ileana,Goessmann,chemistry_lab,UMass Amherst,co2,0.0324
2016-01-28 20:00:00,3,Mouse_health_Ileana,Goessmann,chemistry_lab,UMass Amherst,co2,0.0292
2016-01-28 21:00:00,3,Mouse_health_Ileana,Goessmann,chemistry_lab,UMass Amherst,co2,0.0268
2016-01-28 22:00:00,3,Mouse_health_Ileana,Goessmann,chemistry_lab,UMass Amherst,co2,0.0224
2016-01-28 23:00:00,3,Mouse_health_Ileana,Goessmann,chemistry_lab,UMass Amherst,co2,0.0212
2016-01-29 00:00:00,3,Mouse_health_Ileana,Goessmann,chemistry_lab,UMass Amherst,co2,0.02
2016-01-29 01:00:00,3,Mouse_health_Ileana,Goessmann,chemistry_lab,UMass Amherst,co2,0.019200000000000002
2016-01-29 02:00:00,3,Mouse_health_Ileana,Goessmann,chemistry_lab,UMass Amherst,co2,0.019200000000000002
2016-01-29 03:00:00,3,Mouse_health_Ileana,Goessmann,chemistry_lab,UMass Amherst,co2,0.0196
2016-01-29 04:00:00,3,Mouse_health_Ileana,Goessmann,chemistry_lab,UMass Amherst,co2,0.0196
2016-01-29 05:00:00,3,Mouse_health_Ileana,Goessmann,chemistry_lab,UMass Amherst,co2,0.0196
2016-01-29 06:00:00,3,Mouse_health_Ileana,Goessmann,chemistry_lab,UMass Amherst,co2,0.019200000000000002
2016-01-29 07:00:00,3,Mouse_health_Ileana,Goessmann,chemistry_lab,UMass Amherst,co2,0.02
2016-01-29 08:00:00,3,Mouse_health_Ileana,Goessmann,chemistry_lab,UMass Amherst,co2,0.024
2016-01-29 09:00:00,3,Mouse_health_Ileana,Goessmann,chemistry_lab,UMass Amherst,co2,0.034
2016-01-29 10:00:00,3,Mouse_health_Ileana,Goessmann,chemistry_lab,UMass Amherst,co2,0.040400000000000005
2016-01-29 11:00:00,3,Mouse_health_Ileana,Goessmann,chemistry_lab,UMass Amherst,co2,0.0412
2016-01-29 12:00:00,3,Mouse_health_Ileana,Goessmann,chemistry_lab,UMass Amherst,co2,0.042800000000000005
2016-01-29 13:00:00,3,Mouse_health_Ileana,Goessmann,chemistry_lab,UMass Amherst,co2,0.040400000000000005
2016-01-29 14:00:00,3,Mouse_health_Ileana,Goessmann,chemistry_lab,UMass Amherst,co2,0.042
2016-01-29 15:00:00,3,Mouse_health_Ileana,Goessmann,chemistry_lab,UMass Amherst,co2,0.041600000000000005
2016-01-29 16:00:00,3,Mouse_health_Ileana,Goessmann,chemistry_lab,UMass Amherst,co2,0.0408
2016-01-29 17:00:00,3,Mouse_health_Ileana,Goessmann,chemistry_lab,UMass Amherst,co2,0.0396
2016-01-29 18:00:00,3,Mouse_health_Ileana,Goessmann,chemistry_lab,UMass Amherst,co2,0.0368
2016-01-29 19:00:00,3,Mouse_health_Ileana,Goessmann,chemistry_lab,UMass Amherst,co2,0.0316
2016-01-29 20:00:00,3,Mouse_health_Ileana,Goessmann,chemistry_lab,UMass Amherst,co2,0.0296
2016-01-29 21:00:00,3,Mouse_health_Ileana,Goessmann,chemistry_lab,UMass Amherst,co2,0.0256
2016-01-29 22:00:00,3,Mouse_health_Ileana,Goessmann,chemistry_lab,UMass Amherst,co2,0.022000000000000002
2016-01-29 23:00:00,3,Mouse_health_Ileana,Goessmann,chemistry_lab,UMass Amherst,co2,0.0204
2016-01-30 00:00:00,3,Mouse_health_Ileana,Goessmann,chemistry_lab,UMass Amherst,co2,0.019200000000000002
2016-01-30 01:00:00,3,Mouse_health_Ileana,Goessmann,chemistry_lab,UMass Amherst,co2,0.019200000000000002
2016-01-30 02:00:00,3,Mouse_health_Ileana,Goessmann,chemistry_lab,UMass Amherst,co2,0.0188
2016-01-30 03:00:00,3,Mouse_health_Ileana,Goessmann,chemistry_lab,UMass Amherst,co2,0.019200000000000002
2016-01-30 04:00:00,3,Mouse_health_Ileana,Goessmann,chemistry_lab,UMass Amherst,co2,0.019200000000000002
2016-01-30 05:00:00,3,Mouse_health_Ileana,Goessmann,chemistry_lab,UMass Amherst,co2,0.0188
2016-01-30 06:00:00,3,Mouse_health_Ileana,Goessmann,chemistry_lab,UMass Amherst,co2,0.0188
2016-01-30 07:00:00,3,Mouse_health_Ileana,Goessmann,chemistry_lab,UMass Amherst,co2,0.0188
2016-01-30 08:00:00,3,Mouse_health_Ileana,Goessmann,chemistry_lab,UMass Amherst,co2,0.019200000000000002
2016-01-30 09:00:00,3,Mouse_health_Ileana,Goessmann,chemistry_lab,UMass Amherst,co2,0.020800000000000003
2016-01-30 10:00:00,3,Mouse_health_Ileana,Goessmann,chemistry_lab,UMass Amherst,co2,0.0212
2016-01-30 11:00:00,3,Mouse_health_Ileana,Goessmann,chemistry_lab,UMass Amherst,co2,0.0224
2016-01-30 12:00:00,3,Mouse_health_Ileana,Goessmann,chemistry_lab,UMass Amherst,co2,0.0216
2016-01-30 13:00:00,3,Mouse_health_Ileana,Goessmann,chemistry_lab,UMass Amherst,co2,0.0216
2016-01-30 14:00:00,3,Mouse_health_Ileana,Goessmann,chemistry_lab,UMass Amherst,co2,0.022000000000000002
2016-01-30 15:00:00,3,Mouse_health_Ileana,Goessmann,chemistry_lab,UMass Amherst,co2,0.022000000000000002
2016-01-30 16:00:00,3,Mouse_health_Ileana,Goessmann,chemistry_lab,UMass Amherst,co2,0.020800000000000003
2016-01-30 17:00:00,3,Mouse_health_Ileana,Goessmann,chemistry_lab,UMass Amherst,co2,0.0204
2016-01-30 18:00:00,3,Mouse_health_Ileana,Goessmann,chemistry_lab,UMass Amherst,co2,0.0204
2016-01-30 19:00:00,3,Mouse_health_Ileana,Goessmann,chemistry_lab,UMass Amherst,co2,0.0196
2016-01-30 20:00:00,3,Mouse_health_Ileana,Goessmann,chemistry_lab,UMass Amherst,co2,0.0196
2016-01-30 21:00:00,3,Mouse_health_Ileana,Goessmann,chemistry_lab,UMass Amherst,co2,0.0196
2016-01-30 22:00:00,3,Mouse_health_Ileana,Goessmann,chemistry_lab,UMass Amherst,co2,0.019200000000000002
2016-01-30 23:00:00,3,Mouse_health_Ileana,Goessmann,chemistry_lab,UMass Amherst,co2,0.019200000000000002
2016-01-01 00:00:00,4,Mouse_health_Justin,Integrated Sciences,interdisciplinary_science,UMass Amherst,co2,0.11319860000000001
2016-01-01 01:00:00,4,Mouse_health_Justin,Integrated Sciences,interdisciplinary_science,UMass Amherst,co2,0.22997060000000002
2016-01-01 02:00:00,4,Mouse_health_Justin,Integrated Sciences,interdisciplinary_science,UMass Amherst,co2,0.22811120000000001
2016-01-01 03:00:00,4,Mouse_health_Justin,Integrated Sciences,interdisciplinary_science,UMass Amherst,co2,0.22445879999999993
2016-01-01 04:00:00,4,Mouse_health_Justin,Integrated Sciences,interdisciplinary_science,UMass Amherst,co2,0.22574780000000003
2016-01-01 05:00:00,4,Mouse_health_Justin,Integrated Sciences,interdisciplinary_science,UMass Amherst,co2,0.224529
2016-01-01 06:00:00,4,Mouse_health_Justin,Integrated Sciences,interdisciplinary_science,UMass Amherst,co2,0.2224176
2016-01-01 07:00:00,4,Mouse_health_Justin,Integrated Sciences,interdisciplinary_science,UMass Amherst,co2,0.23848260000000002
2016-01-01 08:00:00,4,Mouse_health_Justin,Integrated Sciences,interdisciplinary_science,UMass Amherst,co2,0.2617454
2016-01-01 09:00:00,4,Mouse_health_Justin,Integrated Sciences,interdisciplinary_science,UMass Amherst,co2,0.26835879999999995
2016-01-01 10:00:00,4,Mouse_health_Justin,Integrated Sciences,interdisciplinary_science,UMass Amherst,co2,0.27441340000000003
2016-01-01 11:00:00,4,Mouse_health_Justin,Integrated Sciences,interdisciplinary_science,UMass Amherst,co2,0.28061460000000005
2016-01-01 12:00:00,4,Mouse_health_Justin,Integrated Sciences,interdisciplinary_science,UMass Amherst,co2,0.2787546
2016-01-01 13:00:00,4,Mouse_health_Justin,Integrated Sciences,interdisciplinary_science,UMass Amherst,co2,0.2783244
2016-01-01 14:00:00,4,Mouse_health_Justin,Integrated Sciences,interdisciplinary_science,UMass Amherst,co2,0.2789492
2016-01-01 15:00:00,4,Mouse_health_Justin,Integrated Sciences,interdisciplinary_science,UMass Amherst,co2,0.28089980000000003
2016-01-01 16:00:00,4,Mouse_health_Justin,Integrated Sciences,interdisciplinary_science,UMass Amherst,co2,0.2759026
2016-01-01 17:00:00,4,Mouse_health_Justin,Integrated Sciences,interdisciplinary_science,UMass Amherst,co2,0.2617934
2016-01-01 18:00:00,4,Mouse_health_Justin,Integrated Sciences,interdisciplinary_science,UMass Amherst,co2,0.2518078
2016-01-01 19:00:00,4,Mouse_health_Justin,Integrated Sciences,interdisciplinary_science,UMass Amherst,co2,0.24937199999999998
2016-01-01 20:00:00,4,Mouse_health_Justin,Integrated Sciences,interdisciplinary_science,UMass Amherst,co2,0.24705920000000003
2016-01-01 21:00:00,4,Mouse_health_Justin,Integrated Sciences,interdisciplinary_science,UMass Amherst,co2,0.24202060000000003
2016-01-01 22:00:00,4,Mouse_health_Justin,Integrated Sciences,interdisciplinary_science,UMass Amherst,co2,0.2320354
2016-01-01 23:00:00,4,Mouse_health_Justin,Integrated Sciences,interdisciplinary_science,UMass Amherst,co2,0.22742120000000002
2016-01-02 00:00:00,4,Mouse_health_Justin,Integrated Sciences,interdisciplinary_science,UMass Amherst,co2,0.24008000000000004
2016-01-02 01:00:00,4,Mouse_health_Justin,Integrated Sciences,interdisciplinary_science,UMass Amherst,co2,0.2343156
2016-01-02 02:00:00,4,Mouse_health_Justin,Integrated Sciences,interdisciplinary_science,UMass Amherst,co2,0.2350692
2016-01-02 03:00:00,4,Mouse_health_Justin,Integrated Sciences,interdisciplinary_science,UMass Amherst,co2,0.23273400000000002
2016-01-02 04:00:00,4,Mouse_health_Justin,Integrated Sciences,interdisciplinary_science,UMass Amherst,co2,0.23455279999999998
2016-01-02 05:00:00,4,Mouse_health_Justin,Integrated Sciences,interdisciplinary_science,UMass Amherst,co2,0.23703960000000002
2016-01-02 06:00:00,4,Mouse_health_Justin,Integrated Sciences,interdisciplinary_science,UMass Amherst,co2,0.23858320000000008
2016-01-02 07:00:00,4,Mouse_health_Justin,Integrated Sciences,interdisciplinary_science,UMass Amherst,co2,0.23755720000000002
2016-01-02 08:00:00,4,Mouse_health_Justin,Integrated Sciences,interdisciplinary_science,UMass Amherst,co2,0.2609676
2016-01-02 09:00:00,4,Mouse_health_Justin,Integrated Sciences,interdisciplinary_science,UMass Amherst,co2,0.27927240000000003
2016-01-02 10:00:00,4,Mouse_health_Justin,Integrated Sciences,interdisciplinary_science,UMass Amherst,co2,0.2922172
2016-01-02 11:00:00,4,Mouse_health_Justin,Integrated Sciences,interdisciplinary_science,UMass Amherst,co2,0.29809240000000004
2016-01-02 12:00:00,4,Mouse_health_Justin,Integrated Sciences,interdisciplinary_science,UMass Amherst,co2,0.30706
2016-01-02 13:00:00,4,Mouse_health_Justin,Integrated Sciences,interdisciplinary_science,UMass Amherst,co2,0.3042607999999999
2016-01-02 14:00:00,4,Mouse_health_Justin,Integrated Sciences,interdisciplinary_science,UMass Amherst,co2,0.2990104000000001
2016-01-02 15:00:00,4,Mouse_health_Justin,Integrated Sciences,interdisciplinary_science,UMass Amherst,co2,0.2994544000000001
2016-01-02 16:00:00,4,Mouse_health_Justin,Integrated Sciences,interdisciplinary_science,UMass Amherst,co2,0.3008672
2016-01-02 17:00:00,4,Mouse_health_Justin,Integrated Sciences,interdisciplinary_science,UMass Amherst,co2,0.2942132
2016-01-02 18:00:00,4,Mouse_health_Justin,Integrated Sciences,interdisciplinary_science,UMass Amherst,co2,0.28277399999999997
2016-01-02 19:00:00,4,Mouse_health_Justin,Integrated Sciences,interdisciplinary_science,UMass Amherst,co2,0.27337480000000003
2016-01-02 20:00:00,4,Mouse_health_Justin,Integrated Sciences,interdisciplinary_science,UMass Amherst,co2,0.2722616
2016-01-02 21:00:00,4,Mouse_health_Justin,Integrated Sciences,interdisciplinary_science,UMass Amherst,co2,0.26018800000000003
2016-01-02 22:00:00,4,Mouse_health_Justin,Integrated Sciences,interdisciplinary_science,UMass Amherst,co2,0.2521212
2016-01-02 23:00:00,4,Mouse_health_Justin,Integrated Sciences,interdisciplinary_science,UMass Amherst,co2,0.2521508
2016-01-03 00:00:00,4,Mouse_health_Justin,Integrated Sciences,interdisciplinary_science,UMass Amherst,co2,0.24112600000000003
2016-01-03 01:00:00,4,Mouse_health_Justin,Integrated Sciences,interdisciplinary_science,UMass Amherst,co2,0.2501772
2016-01-03 02:00:00,4,Mouse_health_Justin,Integrated Sciences,interdisciplinary_science,UMass Amherst,co2,0.23781679999999994
2016-01-03 03:00:00,4,Mouse_health_Justin,Integrated Sciences,interdisciplinary_science,UMass Amherst,co2,0.23729640000000002
2016-01-03 04:00:00,4,Mouse_health_Justin,Integrated Sciences,interdisciplinary_science,UMass Amherst,co2,0.2322884
2016-01-03 05:00:00,4,Mouse_health_Justin,Integrated Sciences,interdisciplinary_science,UMass Amherst,co2,0.22906079999999993
2016-01-03 06:00:00,4,Mouse_health_Justin,Integrated Sciences,interdisciplinary_science,UMass Amherst,co2,0.22774160000000002
2016-01-03 07:00:00,4,Mouse_health_Justin,Integrated Sciences,interdisciplinary_science,UMass Amherst,co2,0.23084800000000003
2016-01-03 08:00:00,4,Mouse_health_Justin,Integrated Sciences,interdisciplinary_science,UMass Amherst,co2,0.24686479999999994
2016-01-03 09:00:00,4,Mouse_health_Justin,Integrated Sciences,interdisciplinary_science,UMass Amherst,co2,0.27137600000000006
2016-01-03 10:00:00,4,Mouse_health_Justin,Integrated Sciences,interdisciplinary_science,UMass Amherst,co2,0.2867812
2016-01-03 11:00:00,4,Mouse_health_Justin,Integrated Sciences,interdisciplinary_science,UMass Amherst,co2,0.2874272
2016-01-03 12:00:00,4,Mouse_health_Justin,Integrated Sciences,interdisciplinary_science,UMass Amherst,co2,0.2919236
2016-01-03 13:00:00,4,Mouse_health_Justin,Integrated Sciences,interdisciplinary_science,UMass Amherst,co2,0.2833872000000001
2016-01-03 14:00:00,4,Mouse_health_Justin,Integrated Sciences,interdisciplinary_science,UMass Amherst,co2,0.27663800000000005
2016-01-03 15:00:00,4,Mouse_health_Justin,Integrated Sciences,interdisciplinary_science,UMass Amherst,co2,0.2810424000000001
2016-01-03 16:00:00,4,Mouse_health_Justin,Integrated Sciences,interdisciplinary_science,UMass Amherst,co2,0.2898248
2016-01-03 17:00:00,4,Mouse_health_Justin,Integrated Sciences,interdisciplinary_science,UMass Amherst,co2,0.28107600000000005
2016-01-03 18:00:00,4,Mouse_health_Justin,Integrated Sciences,interdisciplinary_science,UMass Amherst,co2,0.26193960000000005
2016-01-03 19:00:00,4,Mouse_health_Justin,Integrated Sciences,interdisciplinary_science,UMass Amherst,co2,0.256116
2016-01-03 20:00:00,4,Mouse_health_Justin,Integrated Sciences,interdisciplinary_science,UMass Amherst,co2,0.2540748
2016-01-03 21:00:00,4,Mouse_health_Justin,Integrated Sciences,interdisciplinary_science,UMass Amherst,co2,0.2445176
2016-01-03 22:00:00,4,Mouse_health_Justin,Integrated Sciences,interdisciplinary_science,UMass Amherst,co2,0.23904240000000002
2016-01-03 23:00:00,4,Mouse_health_Justin,Integrated Sciences,interdisciplinary_science,UMass Amherst,co2,0.240208
2016-01-04 00:00:00,4,Mouse_health_Justin,Integrated Sciences,interdisciplinary_science,UMass Amherst,co2,0.2466428
2016-01-04 01:00:00,4,Mouse_health_Justin,Integrated Sciences,interdisciplinary_science,UMass Amherst,co2,0.23191
2016-01-04 02:00:00,4,Mouse_health_Justin,Integrated Sciences,interdisciplinary_science,UMass Amherst,co2,0.2363692
2016-01-04 03:00:00,4,Mouse_health_Justin,Integrated Sciences,interdisciplinary_science,UMass Amherst,co2,0.2284136
2016-01-04 04:00:00,4,Mouse_health_Justin,Integrated Sciences,interdisciplinary_science,UMass Amherst,co2,0.2287556
2016-01-04 05:00:00,4,Mouse_health_Justin,Integrated Sciences,interdisciplinary_science,UMass Amherst,co2,0.2264316000000001
2016-01-04 06:00:00,4,Mouse_health_Justin,Integrated Sciences,interdisciplinary_science,UMass Amherst,co2,0.22637680000000002
2016-01-04 07:00:00,4,Mouse_health_Justin,Integrated Sciences,interdisciplinary_science,UMass Amherst,co2,0.2388084
2016-01-04 08:00:00,4,Mouse_health_Justin,Integrated Sciences,interdisciplinary_science,UMass Amherst,co2,0.2736292
2016-01-04 09:00:00,4,Mouse_health_Justin,Integrated Sciences,interdisciplinary_science,UMass Amherst,co2,0.2941855999999999
2016-01-04 10:00:00,4,Mouse_health_Justin,Integrated Sciences,interdisciplinary_science,UMass Amherst,co2,0.3157428
2016-01-04 11:00:00,4,Mouse_health_Justin,Integrated Sciences,interdisciplinary_science,UMass Amherst,co2,0.328148
2016-01-04 12:00:00,4,Mouse_health_Justin,Integrated Sciences,interdisciplinary_science,UMass Amherst,co2,0.3524408
2016-01-04 13:00:00,4,Mouse_health_Justin,Integrated Sciences,interdisciplinary_science,UMass Amherst,co2,0.3491256
2016-01-04 14:00:00,4,Mouse_health_Justin,Integrated Sciences,interdisciplinary_science,UMass Amherst,co2,0.3446
2016-01-04 15:00:00,4,Mouse_health_Justin,Integrated Sciences,interdisciplinary_science,UMass Amherst,co2,0.3414935999999999
2016-01-04 16:00:00,4,Mouse_health_Justin,Integrated Sciences,interdisciplinary_science,UMass Amherst,co2,0.346856
2016-01-04 17:00:00,4,Mouse_health_Justin,Integrated Sciences,interdisciplinary_science,UMass Amherst,co2,0.3335776
2016-01-04 18:00:00,4,Mouse_health_Justin,Integrated Sciences,interdisciplinary_science,UMass Amherst,co2,0.3139935999999999
2016-01-04 19:00:00,4,Mouse_health_Justin,Integrated Sciences,interdisciplinary_science,UMass Amherst,co2,0.29359920000000006
2016-01-04 20:00:00,4,Mouse_health_Justin,Integrated Sciences,interdisciplinary_science,UMass Amherst,co2,0.2833524000000001
2016-01-04 21:00:00,4,Mouse_health_Justin,Integrated Sciences,interdisciplinary_science,UMass Amherst,co2,0.2625388
2016-01-04 22:00:00,4,Mouse_health_Justin,Integrated Sciences,interdisciplinary_science,UMass Amherst,co2,0.25358800000000004
2016-01-04 23:00:00,4,Mouse_health_Justin,Integrated Sciences,interdisciplinary_science,UMass Amherst,co2,0.2570652
2016-01-05 00:00:00,4,Mouse_health_Justin,Integrated Sciences,interdisciplinary_science,UMass Amherst,co2,0.2599424
2016-01-05 01:00:00,4,Mouse_health_Justin,Integrated Sciences,interdisciplinary_science,UMass Amherst,co2,0.255702
2016-01-05 02:00:00,4,Mouse_health_Justin,Integrated Sciences,interdisciplinary_science,UMass Amherst,co2,0.2557376
2016-01-05 03:00:00,4,Mouse_health_Justin,Integrated Sciences,interdisciplinary_science,UMass Amherst,co2,0.25095720000000005
2016-01-05 04:00:00,4,Mouse_health_Justin,Integrated Sciences,interdisciplinary_science,UMass Amherst,co2,0.2498468
2016-01-05 05:00:00,4,Mouse_health_Justin,Integrated Sciences,interdisciplinary_science,UMass Amherst,co2,0.24912520000000002
2016-01-05 06:00:00,4,Mouse_health_Justin,Integrated Sciences,interdisciplinary_science,UMass Amherst,co2,0.2470188
2016-01-05 07:00:00,4,Mouse_health_Justin,Integrated Sciences,interdisciplinary_science,UMass Amherst,co2,0.2553032
2016-01-05 08:00:00,4,Mouse_health_Justin,Integrated Sciences,interdisciplinary_science,UMass Amherst,co2,0.2919084000000001
2016-01-05 09:00:00,4,Mouse_health_Justin,Integrated Sciences,interdisciplinary_science,UMass Amherst,co2,0.3151736
2016-01-05 10:00:00,4,Mouse_health_Justin,Integrated Sciences,interdisciplinary_science,UMass Amherst,co2,0.29244040000000004
2016-01-05 11:00:00,4,Mouse_health_Justin,Integrated Sciences,interdisciplinary_science,UMass Amherst,co2,0.2765868
2016-01-05 12:00:00,4,Mouse_health_Justin,Integrated Sciences,interdisciplinary_science,UMass Amherst,co2,0.2808107999999999
2016-01-05 13:00:00,4,Mouse_health_Justin,Integrated Sciences,interdisciplinary_science,UMass Amherst,co2,0.2828895999999999
2016-01-05 14:00:00,4,Mouse_health_Justin,Integrated Sciences,interdisciplinary_science,UMass Amherst,co2,0.2866032
2016-01-05 15:00:00,4,Mouse_health_Justin,Integrated Sciences,interdisciplinary_science,UMass Amherst,co2,0.3389764
2016-01-05 16:00:00,4,Mouse_health_Justin,Integrated Sciences,interdisciplinary_science,UMass Amherst,co2,0.32604040000000006
2016-01-05 17:00:00,4,Mouse_health_Justin,Integrated Sciences,interdisciplinary_science,UMass Amherst,co2,0.3091716
2016-01-05 18:00:00,4,Mouse_health_Justin,Integrated Sciences,interdisciplinary_science,UMass Amherst,co2,0.3153475999999999
2016-01-05 19:00:00,4,Mouse_health_Justin,Integrated Sciences,interdisciplinary_science,UMass Amherst,co2,0.296142
2016-01-05 20:00:00,4,Mouse_health_Justin,Integrated Sciences,interdisciplinary_science,UMass Amherst,co2,0.28148
2016-01-05 21:00:00,4,Mouse_health_Justin,Integrated Sciences,interdisciplinary_science,UMass Amherst,co2,0.2749404000000001
2016-01-05 22:00:00,4,Mouse_health_Justin,Integrated Sciences,interdisciplinary_science,UMass Amherst,co2,0.2684892000000001
2016-01-05 23:00:00,4,Mouse_health_Justin,Integrated Sciences,interdisciplinary_science,UMass Amherst,co2,0.26009000000000004
2016-01-06 00:00:00,4,Mouse_health_Justin,Integrated Sciences,interdisciplinary_science,UMass Amherst,co2,0.26146472
2016-01-06 01:00:00,4,Mouse_health_Justin,Integrated Sciences,interdisciplinary_science,UMass Amherst,co2,0.26533703999999997
2016-01-06 02:00:00,4,Mouse_health_Justin,Integrated Sciences,interdisciplinary_science,UMass Amherst,co2,0.26533703999999997
2016-01-06 03:00:00,4,Mouse_health_Justin,Integrated Sciences,interdisciplinary_science,UMass Amherst,co2,0.26533703999999997
2016-01-06 04:00:00,4,Mouse_health_Justin,Integrated Sciences,interdisciplinary_science,UMass Amherst,co2,0.26533703999999997
2016-01-06 05:00:00,4,Mouse_health_Justin,Integrated Sciences,interdisciplinary_science,UMass Amherst,co2,0.26533703999999997
2016-01-06 06:00:00,4,Mouse_health_Justin,Integrated Sciences,interdisciplinary_science,UMass Amherst,co2,0.26533703999999997
2016-01-06 07:00:00,4,Mouse_health_Justin,Integrated Sciences,interdisciplinary_science,UMass Amherst,co2,0.26533703999999997
2016-01-06 08:00:00,4,Mouse_health_Justin,Integrated Sciences,interdisciplinary_science,UMass Amherst,co2,0.26533703999999997
2016-01-06 09:00:00,4,Mouse_health_Justin,Integrated Sciences,interdisciplinary_science,UMass Amherst,co2,0.26533703999999997
2016-01-06 10:00:00,4,Mouse_health_Justin,Integrated Sciences,interdisciplinary_science,UMass Amherst,co2,0.26533703999999997
2016-01-06 11:00:00,4,Mouse_health_Justin,Integrated Sciences,interdisciplinary_science,UMass Amherst,co2,0.26533703999999997
2016-01-06 12:00:00,4,Mouse_health_Justin,Integrated Sciences,interdisciplinary_science,UMass Amherst,co2,0.26533703999999997
2016-01-06 13:00:00,4,Mouse_health_Justin,Integrated Sciences,interdisciplinary_science,UMass Amherst,co2,0.26533703999999997
2016-01-06 14:00:00,4,Mouse_health_Justin,Integrated Sciences,interdisciplinary_science,UMass Amherst,co2,0.26533703999999997
2016-01-06 15:00:00,4,Mouse_health_Justin,Integrated Sciences,interdisciplinary_science,UMass Amherst,co2,0.26533703999999997
2016-01-06 16:00:00,4,Mouse_health_Justin,Integrated Sciences,interdisciplinary_science,UMass Amherst,co2,0.26533703999999997
2016-01-06 17:00:00,4,Mouse_health_Justin,Integrated Sciences,interdisciplinary_science,UMass Amherst,co2,0.26533703999999997
2016-01-06 18:00:00,4,Mouse_health_Justin,Integrated Sciences,interdisciplinary_science,UMass Amherst,co2,0.26533703999999997
2016-01-06 19:00:00,4,Mouse_health_Justin,Integrated Sciences,interdisciplinary_science,UMass Amherst,co2,0.26533703999999997
2016-01-06 20:00:00,4,Mouse_health_Justin,Integrated Sciences,interdisciplinary_science,UMass Amherst,co2,0.26533703999999997
2016-01-06 21:00:00,4,Mouse_health_Justin,Integrated Sciences,interdisciplinary_science,UMass Amherst,co2,0.26533703999999997
2016-01-06 22:00:00,4,Mouse_health_Justin,Integrated Sciences,interdisciplinary_science,UMass Amherst,co2,0.26533703999999997
2016-01-06 23:00:00,4,Mouse_health_Justin,Integrated Sciences,interdisciplinary_science,UMass Amherst,co2,0.26533703999999997
2016-01-07 00:00:00,4,Mouse_health_Justin,Integrated Sciences,interdisciplinary_science,UMass Amherst,co2,0.26533703999999997
2016-01-07 01:00:00,4,Mouse_health_Justin,Integrated Sciences,interdisciplinary_science,UMass Amherst,co2,0.26533703999999997
2016-01-07 02:00:00,4,Mouse_health_Justin,Integrated Sciences,interdisciplinary_science,UMass Amherst,co2,0.26533703999999997
2016-01-07 03:00:00,4,Mouse_health_Justin,Integrated Sciences,interdisciplinary_science,UMass Amherst,co2,0.26533703999999997
2016-01-07 04:00:00,4,Mouse_health_Justin,Integrated Sciences,interdisciplinary_science,UMass Amherst,co2,0.26533703999999997
2016-01-07 05:00:00,4,Mouse_health_Justin,Integrated Sciences,interdisciplinary_science,UMass Amherst,co2,0.26533703999999997
2016-01-07 06:00:00,4,Mouse_health_Justin,Integrated Sciences,interdisciplinary_science,UMass Amherst,co2,0.26533703999999997
2016-01-07 07:00:00,4,Mouse_health_Justin,Integrated Sciences,interdisciplinary_science,UMass Amherst,co2,0.26533703999999997
2016-01-07 08:00:00,4,Mouse_health_Justin,Integrated Sciences,interdisciplinary_science,UMass Amherst,co2,0.26533703999999997
2016-01-07 09:00:00,4,Mouse_health_Justin,Integrated Sciences,interdisciplinary_science,UMass Amherst,co2,0.26533703999999997
2016-01-07 10:00:00,4,Mouse_health_Justin,Integrated Sciences,interdisciplinary_science,UMass Amherst,co2,0.26533703999999997
2016-01-07 11:00:00,4,Mouse_health_Justin,Integrated Sciences,interdisciplinary_science,UMass Amherst,co2,0.26533703999999997
2016-01-07 12:00:00,4,Mouse_health_Justin,Integrated Sciences,interdisciplinary_science,UMass Amherst,co2,0.26533703999999997
2016-01-07 13:00:00,4,Mouse_health_Justin,Integrated Sciences,interdisciplinary_science,UMass Amherst,co2,0.26533703999999997
2016-01-07 14:00:00,4,Mouse_health_Justin,Integrated Sciences,interdisciplinary_science,UMass Amherst,co2,0.26533703999999997
2016-01-07 15:00:00,4,Mouse_health_Justin,Integrated Sciences,interdisciplinary_science,UMass Amherst,co2,0.26533703999999997
2016-01-07 16:00:00,4,Mouse_health_Justin,Integrated Sciences,interdisciplinary_science,UMass Amherst,co2,0.26533703999999997
2016-01-07 17:00:00,4,Mouse_health_Justin,Integrated Sciences,interdisciplinary_science,UMass Amherst,co2,0.26533703999999997
2016-01-07 18:00:00,4,Mouse_health_Justin,Integrated Sciences,interdisciplinary_science,UMass Amherst,co2,0.26533703999999997
2016-01-07 19:00:00,4,Mouse_health_Justin,Integrated Sciences,interdisciplinary_science,UMass Amherst,co2,0.26533703999999997
2016-01-07 20:00:00,4,Mouse_health_Justin,Integrated Sciences,interdisciplinary_science,UMass Amherst,co2,0.26533703999999997
2016-01-07 21:00:00,4,Mouse_health_Justin,Integrated Sciences,interdisciplinary_science,UMass Amherst,co2,0.26533703999999997
2016-01-07 22:00:00,4,Mouse_health_Justin,Integrated Sciences,interdisciplinary_science,UMass Amherst,co2,0.26533703999999997
2016-01-07 23:00:00,4,Mouse_health_Justin,Integrated Sciences,interdisciplinary_science,UMass Amherst,co2,0.26533703999999997
2016-01-08 00:00:00,4,Mouse_health_Justin,Integrated Sciences,interdisciplinary_science,UMass Amherst,co2,0.26533703999999997
2016-01-08 01:00:00,4,Mouse_health_Justin,Integrated Sciences,interdisciplinary_science,UMass Amherst,co2,0.26533703999999997
2016-01-08 02:00:00,4,Mouse_health_Justin,Integrated Sciences,interdisciplinary_science,UMass Amherst,co2,0.26533703999999997
2016-01-08 03:00:00,4,Mouse_health_Justin,Integrated Sciences,interdisciplinary_science,UMass Amherst,co2,0.26533703999999997
2016-01-08 04:00:00,4,Mouse_health_Justin,Integrated Sciences,interdisciplinary_science,UMass Amherst,co2,0.26533703999999997
2016-01-08 05:00:00,4,Mouse_health_Justin,Integrated Sciences,interdisciplinary_science,UMass Amherst,co2,0.26533703999999997
2016-01-08 06:00:00,4,Mouse_health_Justin,Integrated Sciences,interdisciplinary_science,UMass Amherst,co2,0.26533703999999997
2016-01-08 07:00:00,4,Mouse_health_Justin,Integrated Sciences,interdisciplinary_science,UMass Amherst,co2,0.26533703999999997
2016-01-08 08:00:00,4,Mouse_health_Justin,Integrated Sciences,interdisciplinary_science,UMass Amherst,co2,0.26533703999999997
2016-01-08 09:00:00,4,Mouse_health_Justin,Integrated Sciences,interdisciplinary_science,UMass Amherst,co2,0.26533703999999997
2016-01-08 10:00:00,4,Mouse_health_Justin,Integrated Sciences,interdisciplinary_science,UMass Amherst,co2,0.26533703999999997
2016-01-08 11:00:00,4,Mouse_health_Justin,Integrated Sciences,interdisciplinary_science,UMass Amherst,co2,0.26533703999999997
2016-01-08 12:00:00,4,Mouse_health_Justin,Integrated Sciences,interdisciplinary_science,UMass Amherst,co2,0.26533703999999997
2016-01-08 13:00:00,4,Mouse_health_Justin,Integrated Sciences,interdisciplinary_science,UMass Amherst,co2,0.26533703999999997
2016-01-08 14:00:00,4,Mouse_health_Justin,Integrated Sciences,interdisciplinary_science,UMass Amherst,co2,0.26533703999999997
2016-01-08 15:00:00,4,Mouse_health_Justin,Integrated Sciences,interdisciplinary_science,UMass Amherst,co2,0.26533703999999997
2016-01-08 16:00:00,4,Mouse_health_Justin,Integrated Sciences,interdisciplinary_science,UMass Amherst,co2,0.26533703999999997
2016-01-08 17:00:00,4,Mouse_health_Justin,Integrated Sciences,interdisciplinary_science,UMass Amherst,co2,0.26533703999999997
2016-01-08 18:00:00,4,Mouse_health_Justin,Integrated Sciences,interdisciplinary_science,UMass Amherst,co2,0.26533703999999997
2016-01-08 19:00:00,4,Mouse_health_Justin,Integrated Sciences,interdisciplinary_science,UMass Amherst,co2,0.26533703999999997
2016-01-08 20:00:00,4,Mouse_health_Justin,Integrated Sciences,interdisciplinary_science,UMass Amherst,co2,0.26533703999999997
2016-01-08 21:00:00,4,Mouse_health_Justin,Integrated Sciences,interdisciplinary_science,UMass Amherst,co2,0.26533703999999997
2016-01-08 22:00:00,4,Mouse_health_Justin,Integrated Sciences,interdisciplinary_science,UMass Amherst,co2,0.26533703999999997
2016-01-08 23:00:00,4,Mouse_health_Justin,Integrated Sciences,interdisciplinary_science,UMass Amherst,co2,0.26533703999999997
2016-01-09 00:00:00,4,Mouse_health_Justin,Integrated Sciences,interdisciplinary_science,UMass Amherst,co2,0.26533703999999997
2016-01-09 01:00:00,4,Mouse_health_Justin,Integrated Sciences,interdisciplinary_science,UMass Amherst,co2,0.26533703999999997
2016-01-09 02:00:00,4,Mouse_health_Justin,Integrated Sciences,interdisciplinary_science,UMass Amherst,co2,0.26533703999999997
2016-01-09 03:00:00,4,Mouse_health_Justin,Integrated Sciences,interdisciplinary_science,UMass Amherst,co2,0.26533703999999997
2016-01-09 04:00:00,4,Mouse_health_Justin,Integrated Sciences,interdisciplinary_science,UMass Amherst,co2,0.26533703999999997
2016-01-09 05:00:00,4,Mouse_health_Justin,Integrated Sciences,interdisciplinary_science,UMass Amherst,co2,0.26533703999999997
2016-01-09 06:00:00,4,Mouse_health_Justin,Integrated Sciences,interdisciplinary_science,UMass Amherst,co2,0.26533703999999997
2016-01-09 07:00:00,4,Mouse_health_Justin,Integrated Sciences,interdisciplinary_science,UMass Amherst,co2,0.26533703999999997
2016-01-09 08:00:00,4,Mouse_health_Justin,Integrated Sciences,interdisciplinary_science,UMass Amherst,co2,0.26533703999999997
2016-01-09 09:00:00,4,Mouse_health_Justin,Integrated Sciences,interdisciplinary_science,UMass Amherst,co2,0.26533703999999997
2016-01-09 10:00:00,4,Mouse_health_Justin,Integrated Sciences,interdisciplinary_science,UMass Amherst,co2,0.26533703999999997
2016-01-09 11:00:00,4,Mouse_health_Justin,Integrated Sciences,interdisciplinary_science,UMass Amherst,co2,0.26533703999999997
2016-01-09 12:00:00,4,Mouse_health_Justin,Integrated Sciences,interdisciplinary_science,UMass Amherst,co2,0.26533703999999997
2016-01-09 13:00:00,4,Mouse_health_Justin,Integrated Sciences,interdisciplinary_science,UMass Amherst,co2,0.26533703999999997
2016-01-09 14:00:00,4,Mouse_health_Justin,Integrated Sciences,interdisciplinary_science,UMass Amherst,co2,0.26533703999999997
2016-01-09 15:00:00,4,Mouse_health_Justin,Integrated Sciences,interdisciplinary_science,UMass Amherst,co2,0.26533703999999997
2016-01-09 16:00:00,4,Mouse_health_Justin,Integrated Sciences,interdisciplinary_science,UMass Amherst,co2,0.26533703999999997
2016-01-09 17:00:00,4,Mouse_health_Justin,Integrated Sciences,interdisciplinary_science,UMass Amherst,co2,0.26533703999999997
2016-01-09 18:00:00,4,Mouse_health_Justin,Integrated Sciences,interdisciplinary_science,UMass Amherst,co2,0.26533703999999997
2016-01-09 19:00:00,4,Mouse_health_Justin,Integrated Sciences,interdisciplinary_science,UMass Amherst,co2,0.26533703999999997
2016-01-09 20:00:00,4,Mouse_health_Justin,Integrated Sciences,interdisciplinary_science,UMass Amherst,co2,0.26533703999999997
2016-01-09 21:00:00,4,Mouse_health_Justin,Integrated Sciences,interdisciplinary_science,UMass Amherst,co2,0.26533703999999997
2016-01-09 22:00:00,4,Mouse_health_Justin,Integrated Sciences,interdisciplinary_science,UMass Amherst,co2,0.26533703999999997
2016-01-09 23:00:00,4,Mouse_health_Justin,Integrated Sciences,interdisciplinary_science,UMass Amherst,co2,0.26533703999999997
2016-01-10 00:00:00,4,Mouse_health_Justin,Integrated Sciences,interdisciplinary_science,UMass Amherst,co2,0.26533703999999997
2016-01-10 01:00:00,4,Mouse_health_Justin,Integrated Sciences,interdisciplinary_science,UMass Amherst,co2,0.26533703999999997
2016-01-10 02:00:00,4,Mouse_health_Justin,Integrated Sciences,interdisciplinary_science,UMass Amherst,co2,0.26533703999999997
2016-01-10 03:00:00,4,Mouse_health_Justin,Integrated Sciences,interdisciplinary_science,UMass Amherst,co2,0.26533703999999997
2016-01-10 04:00:00,4,Mouse_health_Justin,Integrated Sciences,interdisciplinary_science,UMass Amherst,co2,0.26533703999999997
2016-01-10 05:00:00,4,Mouse_health_Justin,Integrated Sciences,interdisciplinary_science,UMass Amherst,co2,0.26533703999999997
2016-01-10 06:00:00,4,Mouse_health_Justin,Integrated Sciences,interdisciplinary_science,UMass Amherst,co2,0.26533703999999997
2016-01-10 07:00:00,4,Mouse_health_Justin,Integrated Sciences,interdisciplinary_science,UMass Amherst,co2,0.26533703999999997
2016-01-10 08:00:00,4,Mouse_health_Justin,Integrated Sciences,interdisciplinary_science,UMass Amherst,co2,0.26533703999999997
2016-01-10 09:00:00,4,Mouse_health_Justin,Integrated Sciences,interdisciplinary_science,UMass Amherst,co2,0.26533703999999997
2016-01-10 10:00:00,4,Mouse_health_Justin,Integrated Sciences,interdisciplinary_science,UMass Amherst,co2,0.26533703999999997
2016-01-10 11:00:00,4,Mouse_health_Justin,Integrated Sciences,interdisciplinary_science,UMass Amherst,co2,0.26533703999999997
2016-01-10 12:00:00,4,Mouse_health_Justin,Integrated Sciences,interdisciplinary_science,UMass Amherst,co2,0.26533703999999997
2016-01-10 13:00:00,4,Mouse_health_Justin,Integrated Sciences,interdisciplinary_science,UMass Amherst,co2,0.26533703999999997
2016-01-10 14:00:00,4,Mouse_health_Justin,Integrated Sciences,interdisciplinary_science,UMass Amherst,co2,0.26533703999999997
2016-01-10 15:00:00,4,Mouse_health_Justin,Integrated Sciences,interdisciplinary_science,UMass Amherst,co2,0.26533703999999997
2016-01-10 16:00:00,4,Mouse_health_Justin,Integrated Sciences,interdisciplinary_science,UMass Amherst,co2,0.26533703999999997
2016-01-10 17:00:00,4,Mouse_health_Justin,Integrated Sciences,interdisciplinary_science,UMass Amherst,co2,0.26533703999999997
2016-01-10 18:00:00,4,Mouse_health_Justin,Integrated Sciences,interdisciplinary_science,UMass Amherst,co2,0.26533703999999997
2016-01-10 19:00:00,4,Mouse_health_Justin,Integrated Sciences,interdisciplinary_science,UMass Amherst,co2,0.26533703999999997
2016-01-10 20:00:00,4,Mouse_health_Justin,Integrated Sciences,interdisciplinary_science,UMass Amherst,co2,0.26533703999999997
2016-01-10 21:00:00,4,Mouse_health_Justin,Integrated Sciences,interdisciplinary_science,UMass Amherst,co2,0.26533703999999997
2016-01-10 22:00:00,4,Mouse_health_Justin,Integrated Sciences,interdisciplinary_science,UMass Amherst,co2,0.26533703999999997
2016-01-10 23:00:00,4,Mouse_health_Justin,Integrated Sciences,interdisciplinary_science,UMass Amherst,co2,0.26533703999999997
2016-01-11 00:00:00,4,Mouse_health_Justin,Integrated Sciences,interdisciplinary_science,UMass Amherst,co2,0.26533703999999997
2016-01-11 01:00:00,4,Mouse_health_Justin,Integrated Sciences,interdisciplinary_science,UMass Amherst,co2,0.26533703999999997
2016-01-11 02:00:00,4,Mouse_health_Justin,Integrated Sciences,interdisciplinary_science,UMass Amherst,co2,0.26533703999999997
2016-01-11 03:00:00,4,Mouse_health_Justin,Integrated Sciences,interdisciplinary_science,UMass Amherst,co2,0.26533703999999997
2016-01-11 04:00:00,4,Mouse_health_Justin,Integrated Sciences,interdisciplinary_science,UMass Amherst,co2,0.26533703999999997
2016-01-11 05:00:00,4,Mouse_health_Justin,Integrated Sciences,interdisciplinary_science,UMass Amherst,co2,0.26533703999999997
2016-01-11 06:00:00,4,Mouse_health_Justin,Integrated Sciences,interdisciplinary_science,UMass Amherst,co2,0.26533703999999997
2016-01-11 07:00:00,4,Mouse_health_Justin,Integrated Sciences,interdisciplinary_science,UMass Amherst,co2,0.26533703999999997
2016-01-11 08:00:00,4,Mouse_health_Justin,Integrated Sciences,interdisciplinary_science,UMass Amherst,co2,0.26533703999999997
2016-01-11 09:00:00,4,Mouse_health_Justin,Integrated Sciences,interdisciplinary_science,UMass Amherst,co2,0.26533703999999997
2016-01-11 10:00:00,4,Mouse_health_Justin,Integrated Sciences,interdisciplinary_science,UMass Amherst,co2,0.26533703999999997
2016-01-11 11:00:00,4,Mouse_health_Justin,Integrated Sciences,interdisciplinary_science,UMass Amherst,co2,0.26533703999999997
2016-01-11 12:00:00,4,Mouse_health_Justin,Integrated Sciences,interdisciplinary_science,UMass Amherst,co2,0.26533703999999997
2016-01-11 13:00:00,4,Mouse_health_Justin,Integrated Sciences,interdisciplinary_science,UMass Amherst,co2,0.26533703999999997
2016-01-11 14:00:00,4,Mouse_health_Justin,Integrated Sciences,interdisciplinary_science,UMass Amherst,co2,0.26533703999999997
2016-01-11 15:00:00,4,Mouse_health_Justin,Integrated Sciences,interdisciplinary_science,UMass Amherst,co2,0.26533703999999997
2016-01-11 16:00:00,4,Mouse_health_Justin,Integrated Sciences,interdisciplinary_science,UMass Amherst,co2,0.26533703999999997
2016-01-11 17:00:00,4,Mouse_health_Justin,Integrated Sciences,interdisciplinary_science,UMass Amherst,co2,0.26533703999999997
2016-01-11 18:00:00,4,Mouse_health_Justin,Integrated Sciences,interdisciplinary_science,UMass Amherst,co2,0.26533703999999997
2016-01-11 19:00:00,4,Mouse_health_Justin,Integrated Sciences,interdisciplinary_science,UMass Amherst,co2,0.26533703999999997
2016-01-11 20:00:00,4,Mouse_health_Justin,Integrated Sciences,interdisciplinary_science,UMass Amherst,co2,0.26533703999999997
2016-01-11 21:00:00,4,Mouse_health_Justin,Integrated Sciences,interdisciplinary_science,UMass Amherst,co2,0.26533703999999997
2016-01-11 22:00:00,4,Mouse_health_Justin,Integrated Sciences,interdisciplinary_science,UMass Amherst,co2,0.26533703999999997
2016-01-11 23:00:00,4,Mouse_health_Justin,Integrated Sciences,interdisciplinary_science,UMass Amherst,co2,0.26533703999999997
2016-01-12 00:00:00,4,Mouse_health_Justin,Integrated Sciences,interdisciplinary_science,UMass Amherst,co2,0.26533703999999997
2016-01-12 01:00:00,4,Mouse_health_Justin,Integrated Sciences,interdisciplinary_science,UMass Amherst,co2,0.26533703999999997
2016-01-12 02:00:00,4,Mouse_health_Justin,Integrated Sciences,interdisciplinary_science,UMass Amherst,co2,0.26533703999999997
2016-01-12 03:00:00,4,Mouse_health_Justin,Integrated Sciences,interdisciplinary_science,UMass Amherst,co2,0.26533703999999997
2016-01-12 04:00:00,4,Mouse_health_Justin,Integrated Sciences,interdisciplinary_science,UMass Amherst,co2,0.26533703999999997
2016-01-12 05:00:00,4,Mouse_health_Justin,Integrated Sciences,interdisciplinary_science,UMass Amherst,co2,0.26533703999999997
2016-01-12 06:00:00,4,Mouse_health_Justin,Integrated Sciences,interdisciplinary_science,UMass Amherst,co2,0.26533703999999997
2016-01-12 07:00:00,4,Mouse_health_Justin,Integrated Sciences,interdisciplinary_science,UMass Amherst,co2,0.26533703999999997
2016-01-12 08:00:00,4,Mouse_health_Justin,Integrated Sciences,interdisciplinary_science,UMass Amherst,co2,0.26533703999999997
2016-01-12 09:00:00,4,Mouse_health_Justin,Integrated Sciences,interdisciplinary_science,UMass Amherst,co2,0.26533703999999997
2016-01-12 10:00:00,4,Mouse_health_Justin,Integrated Sciences,interdisciplinary_science,UMass Amherst,co2,0.26533703999999997
2016-01-12 11:00:00,4,Mouse_health_Justin,Integrated Sciences,interdisciplinary_science,UMass Amherst,co2,0.26533703999999997
2016-01-12 12:00:00,4,Mouse_health_Justin,Integrated Sciences,interdisciplinary_science,UMass Amherst,co2,0.26533703999999997
2016-01-12 13:00:00,4,Mouse_health_Justin,Integrated Sciences,interdisciplinary_science,UMass Amherst,co2,0.26533703999999997
2016-01-12 14:00:00,4,Mouse_health_Justin,Integrated Sciences,interdisciplinary_science,UMass Amherst,co2,0.26533703999999997
2016-01-12 15:00:00,4,Mouse_health_Justin,Integrated Sciences,interdisciplinary_science,UMass Amherst,co2,0.26533703999999997
2016-01-12 16:00:00,4,Mouse_health_Justin,Integrated Sciences,interdisciplinary_science,UMass Amherst,co2,0.26533703999999997
2016-01-12 17:00:00,4,Mouse_health_Justin,Integrated Sciences,interdisciplinary_science,UMass Amherst,co2,0.26533703999999997
2016-01-12 18:00:00,4,Mouse_health_Justin,Integrated Sciences,interdisciplinary_science,UMass Amherst,co2,0.26533703999999997
2016-01-12 19:00:00,4,Mouse_health_Justin,Integrated Sciences,interdisciplinary_science,UMass Amherst,co2,0.26533703999999997
2016-01-12 20:00:00,4,Mouse_health_Justin,Integrated Sciences,interdisciplinary_science,UMass Amherst,co2,0.26533703999999997
2016-01-12 21:00:00,4,Mouse_health_Justin,Integrated Sciences,interdisciplinary_science,UMass Amherst,co2,0.26533703999999997
2016-01-12 22:00:00,4,Mouse_health_Justin,Integrated Sciences,interdisciplinary_science,UMass Amherst,co2,0.26533703999999997
2016-01-12 23:00:00,4,Mouse_health_Justin,Integrated Sciences,interdisciplinary_science,UMass Amherst,co2,0.26533703999999997
2016-01-13 00:00:00,4,Mouse_health_Justin,Integrated Sciences,interdisciplinary_science,UMass Amherst,co2,0.26533703999999997
2016-01-13 01:00:00,4,Mouse_health_Justin,Integrated Sciences,interdisciplinary_science,UMass Amherst,co2,0.26533703999999997
2016-01-13 02:00:00,4,Mouse_health_Justin,Integrated Sciences,interdisciplinary_science,UMass Amherst,co2,0.26533703999999997
2016-01-13 03:00:00,4,Mouse_health_Justin,Integrated Sciences,interdisciplinary_science,UMass Amherst,co2,0.26533703999999997
2016-01-13 04:00:00,4,Mouse_health_Justin,Integrated Sciences,interdisciplinary_science,UMass Amherst,co2,0.26533703999999997
2016-01-13 05:00:00,4,Mouse_health_Justin,Integrated Sciences,interdisciplinary_science,UMass Amherst,co2,0.26533703999999997
2016-01-13 06:00:00,4,Mouse_health_Justin,Integrated Sciences,interdisciplinary_science,UMass Amherst,co2,0.26533703999999997
2016-01-13 07:00:00,4,Mouse_health_Justin,Integrated Sciences,interdisciplinary_science,UMass Amherst,co2,0.26533703999999997
2016-01-13 08:00:00,4,Mouse_health_Justin,Integrated Sciences,interdisciplinary_science,UMass Amherst,co2,0.26533703999999997
2016-01-13 09:00:00,4,Mouse_health_Justin,Integrated Sciences,interdisciplinary_science,UMass Amherst,co2,0.26533703999999997
2016-01-13 10:00:00,4,Mouse_health_Justin,Integrated Sciences,interdisciplinary_science,UMass Amherst,co2,0.26533703999999997
2016-01-13 11:00:00,4,Mouse_health_Justin,Integrated Sciences,interdisciplinary_science,UMass Amherst,co2,0.26533703999999997
2016-01-13 12:00:00,4,Mouse_health_Justin,Integrated Sciences,interdisciplinary_science,UMass Amherst,co2,0.26533703999999997
2016-01-13 13:00:00,4,Mouse_health_Justin,Integrated Sciences,interdisciplinary_science,UMass Amherst,co2,0.26533703999999997
2016-01-13 14:00:00,4,Mouse_health_Justin,Integrated Sciences,interdisciplinary_science,UMass Amherst,co2,0.26533703999999997
2016-01-13 15:00:00,4,Mouse_health_Justin,Integrated Sciences,interdisciplinary_science,UMass Amherst,co2,0.26533703999999997
2016-01-13 16:00:00,4,Mouse_health_Justin,Integrated Sciences,interdisciplinary_science,UMass Amherst,co2,0.26533703999999997
2016-01-13 17:00:00,4,Mouse_health_Justin,Integrated Sciences,interdisciplinary_science,UMass Amherst,co2,0.26533703999999997
2016-01-13 18:00:00,4,Mouse_health_Justin,Integrated Sciences,interdisciplinary_science,UMass Amherst,co2,0.26533703999999997
2016-01-13 19:00:00,4,Mouse_health_Justin,Integrated Sciences,interdisciplinary_science,UMass Amherst,co2,0.26533703999999997
2016-01-13 20:00:00,4,Mouse_health_Justin,Integrated Sciences,interdisciplinary_science,UMass Amherst,co2,0.26533703999999997
2016-01-13 21:00:00,4,Mouse_health_Justin,Integrated Sciences,interdisciplinary_science,UMass Amherst,co2,0.26533703999999997
2016-01-13 22:00:00,4,Mouse_health_Justin,Integrated Sciences,interdisciplinary_science,UMass Amherst,co2,0.26533703999999997
2016-01-13 23:00:00,4,Mouse_health_Justin,Integrated Sciences,interdisciplinary_science,UMass Amherst,co2,0.26533703999999997
2016-01-14 00:00:00,4,Mouse_health_Justin,Integrated Sciences,interdisciplinary_science,UMass Amherst,co2,0.26533703999999997
2016-01-14 01:00:00,4,Mouse_health_Justin,Integrated Sciences,interdisciplinary_science,UMass Amherst,co2,0.26533703999999997
2016-01-14 02:00:00,4,Mouse_health_Justin,Integrated Sciences,interdisciplinary_science,UMass Amherst,co2,0.26533703999999997
2016-01-14 03:00:00,4,Mouse_health_Justin,Integrated Sciences,interdisciplinary_science,UMass Amherst,co2,0.26533703999999997
2016-01-14 04:00:00,4,Mouse_health_Justin,Integrated Sciences,interdisciplinary_science,UMass Amherst,co2,0.26533703999999997
2016-01-14 05:00:00,4,Mouse_health_Justin,Integrated Sciences,interdisciplinary_science,UMass Amherst,co2,0.26533703999999997
2016-01-14 06:00:00,4,Mouse_health_Justin,Integrated Sciences,interdisciplinary_science,UMass Amherst,co2,0.26533703999999997
2016-01-14 07:00:00,4,Mouse_health_Justin,Integrated Sciences,interdisciplinary_science,UMass Amherst,co2,0.26533703999999997
2016-01-14 08:00:00,4,Mouse_health_Justin,Integrated Sciences,interdisciplinary_science,UMass Amherst,co2,0.26533703999999997
2016-01-14 09:00:00,4,Mouse_health_Justin,Integrated Sciences,interdisciplinary_science,UMass Amherst,co2,0.26533703999999997
2016-01-14 10:00:00,4,Mouse_health_Justin,Integrated Sciences,interdisciplinary_science,UMass Amherst,co2,0.26533703999999997
2016-01-14 11:00:00,4,Mouse_health_Justin,Integrated Sciences,interdisciplinary_science,UMass Amherst,co2,0.26533703999999997
2016-01-14 12:00:00,4,Mouse_health_Justin,Integrated Sciences,interdisciplinary_science,UMass Amherst,co2,0.26533703999999997
2016-01-14 13:00:00,4,Mouse_health_Justin,Integrated Sciences,interdisciplinary_science,UMass Amherst,co2,0.26533703999999997
2016-01-14 14:00:00,4,Mouse_health_Justin,Integrated Sciences,interdisciplinary_science,UMass Amherst,co2,0.26533703999999997
2016-01-14 15:00:00,4,Mouse_health_Justin,Integrated Sciences,interdisciplinary_science,UMass Amherst,co2,0.26533703999999997
2016-01-14 16:00:00,4,Mouse_health_Justin,Integrated Sciences,interdisciplinary_science,UMass Amherst,co2,0.26533703999999997
2016-01-14 17:00:00,4,Mouse_health_Justin,Integrated Sciences,interdisciplinary_science,UMass Amherst,co2,0.26533703999999997
2016-01-14 18:00:00,4,Mouse_health_Justin,Integrated Sciences,interdisciplinary_science,UMass Amherst,co2,0.26533703999999997
2016-01-14 19:00:00,4,Mouse_health_Justin,Integrated Sciences,interdisciplinary_science,UMass Amherst,co2,0.26533703999999997
2016-01-14 20:00:00,4,Mouse_health_Justin,Integrated Sciences,interdisciplinary_science,UMass Amherst,co2,0.26533703999999997
2016-01-14 21:00:00,4,Mouse_health_Justin,Integrated Sciences,interdisciplinary_science,UMass Amherst,co2,0.26533703999999997
2016-01-14 22:00:00,4,Mouse_health_Justin,Integrated Sciences,interdisciplinary_science,UMass Amherst,co2,0.26533703999999997
2016-01-14 23:00:00,4,Mouse_health_Justin,Integrated Sciences,interdisciplinary_science,UMass Amherst,co2,0.26533703999999997
2016-01-15 00:00:00,4,Mouse_health_Justin,Integrated Sciences,interdisciplinary_science,UMass Amherst,co2,0.23694112
2016-01-15 01:00:00,4,Mouse_health_Justin,Integrated Sciences,interdisciplinary_science,UMass Amherst,co2,0.24983404
2016-01-15 02:00:00,4,Mouse_health_Justin,Integrated Sciences,interdisciplinary_science,UMass Amherst,co2,0.215264
2016-01-15 03:00:00,4,Mouse_health_Justin,Integrated Sciences,interdisciplinary_science,UMass Amherst,co2,0.2138748
2016-01-15 04:00:00,4,Mouse_health_Justin,Integrated Sciences,interdisciplinary_science,UMass Amherst,co2,0.2099996
2016-01-15 05:00:00,4,Mouse_health_Justin,Integrated Sciences,interdisciplinary_science,UMass Amherst,co2,0.21321120000000002
2016-01-15 06:00:00,4,Mouse_health_Justin,Integrated Sciences,interdisciplinary_science,UMass Amherst,co2,0.20944000000000002
2016-01-15 07:00:00,4,Mouse_health_Justin,Integrated Sciences,interdisciplinary_science,UMass Amherst,co2,0.21791120000000003
2016-01-15 08:00:00,4,Mouse_health_Justin,Integrated Sciences,interdisciplinary_science,UMass Amherst,co2,0.2487232
2016-01-15 09:00:00,4,Mouse_health_Justin,Integrated Sciences,interdisciplinary_science,UMass Amherst,co2,0.2717716
2016-01-15 10:00:00,4,Mouse_health_Justin,Integrated Sciences,interdisciplinary_science,UMass Amherst,co2,0.2809196
2016-01-15 11:00:00,4,Mouse_health_Justin,Integrated Sciences,interdisciplinary_science,UMass Amherst,co2,0.28974120000000014
2016-01-15 12:00:00,4,Mouse_health_Justin,Integrated Sciences,interdisciplinary_science,UMass Amherst,co2,0.30137840000000005
2016-01-15 13:00:00,4,Mouse_health_Justin,Integrated Sciences,interdisciplinary_science,UMass Amherst,co2,0.30072600000000005
2016-01-15 14:00:00,4,Mouse_health_Justin,Integrated Sciences,interdisciplinary_science,UMass Amherst,co2,0.3014192
2016-01-15 15:00:00,4,Mouse_health_Justin,Integrated Sciences,interdisciplinary_science,UMass Amherst,co2,0.29146320000000003
2016-01-15 16:00:00,4,Mouse_health_Justin,Integrated Sciences,interdisciplinary_science,UMass Amherst,co2,0.2881288
2016-01-15 17:00:00,4,Mouse_health_Justin,Integrated Sciences,interdisciplinary_science,UMass Amherst,co2,0.28549440000000004
2016-01-15 18:00:00,4,Mouse_health_Justin,Integrated Sciences,interdisciplinary_science,UMass Amherst,co2,0.2667336
2016-01-15 19:00:00,4,Mouse_health_Justin,Integrated Sciences,interdisciplinary_science,UMass Amherst,co2,0.247118
2016-01-15 20:00:00,4,Mouse_health_Justin,Integrated Sciences,interdisciplinary_science,UMass Amherst,co2,0.23452199999999998
2016-01-15 21:00:00,4,Mouse_health_Justin,Integrated Sciences,interdisciplinary_science,UMass Amherst,co2,0.2186044
2016-01-15 22:00:00,4,Mouse_health_Justin,Integrated Sciences,interdisciplinary_science,UMass Amherst,co2,0.2075536
2016-01-15 23:00:00,4,Mouse_health_Justin,Integrated Sciences,interdisciplinary_science,UMass Amherst,co2,0.21213440000000003
2016-01-16 00:00:00,4,Mouse_health_Justin,Integrated Sciences,interdisciplinary_science,UMass Amherst,co2,0.2112394
2016-01-16 01:00:00,4,Mouse_health_Justin,Integrated Sciences,interdisciplinary_science,UMass Amherst,co2,0.2073508
2016-01-16 02:00:00,4,Mouse_health_Justin,Integrated Sciences,interdisciplinary_science,UMass Amherst,co2,0.20689200000000002
2016-01-16 03:00:00,4,Mouse_health_Justin,Integrated Sciences,interdisciplinary_science,UMass Amherst,co2,0.2056828
2016-01-16 04:00:00,4,Mouse_health_Justin,Integrated Sciences,interdisciplinary_science,UMass Amherst,co2,0.20006880000000002
2016-01-16 05:00:00,4,Mouse_health_Justin,Integrated Sciences,interdisciplinary_science,UMass Amherst,co2,0.20911839999999993
2016-01-16 06:00:00,4,Mouse_health_Justin,Integrated Sciences,interdisciplinary_science,UMass Amherst,co2,0.208988
2016-01-16 07:00:00,4,Mouse_health_Justin,Integrated Sciences,interdisciplinary_science,UMass Amherst,co2,0.2068812
2016-01-16 08:00:00,4,Mouse_health_Justin,Integrated Sciences,interdisciplinary_science,UMass Amherst,co2,0.2318368
2016-01-16 09:00:00,4,Mouse_health_Justin,Integrated Sciences,interdisciplinary_science,UMass Amherst,co2,0.2440812
2016-01-16 10:00:00,4,Mouse_health_Justin,Integrated Sciences,interdisciplinary_science,UMass Amherst,co2,0.2495516
2016-01-16 11:00:00,4,Mouse_health_Justin,Integrated Sciences,interdisciplinary_science,UMass Amherst,co2,0.2550692
2016-01-16 12:00:00,4,Mouse_health_Justin,Integrated Sciences,interdisciplinary_science,UMass Amherst,co2,0.2630776
2016-01-16 13:00:00,4,Mouse_health_Justin,Integrated Sciences,interdisciplinary_science,UMass Amherst,co2,0.25822280000000003
2016-01-16 14:00:00,4,Mouse_health_Justin,Integrated Sciences,interdisciplinary_science,UMass Amherst,co2,0.2562872000000001
2016-01-16 15:00:00,4,Mouse_health_Justin,Integrated Sciences,interdisciplinary_science,UMass Amherst,co2,0.26065320000000003
2016-01-16 16:00:00,4,Mouse_health_Justin,Integrated Sciences,interdisciplinary_science,UMass Amherst,co2,0.2594644
2016-01-16 17:00:00,4,Mouse_health_Justin,Integrated Sciences,interdisciplinary_science,UMass Amherst,co2,0.24988320000000008
2016-01-16 18:00:00,4,Mouse_health_Justin,Integrated Sciences,interdisciplinary_science,UMass Amherst,co2,0.23275720000000003
2016-01-16 19:00:00,4,Mouse_health_Justin,Integrated Sciences,interdisciplinary_science,UMass Amherst,co2,0.2235688
2016-01-16 20:00:00,4,Mouse_health_Justin,Integrated Sciences,interdisciplinary_science,UMass Amherst,co2,0.22448680000000001
2016-01-16 21:00:00,4,Mouse_health_Justin,Integrated Sciences,interdisciplinary_science,UMass Amherst,co2,0.21649720000000003
2016-01-16 22:00:00,4,Mouse_health_Justin,Integrated Sciences,interdisciplinary_science,UMass Amherst,co2,0.2124584
2016-01-16 23:00:00,4,Mouse_health_Justin,Integrated Sciences,interdisciplinary_science,UMass Amherst,co2,0.2126388
2016-01-17 00:00:00,4,Mouse_health_Justin,Integrated Sciences,interdisciplinary_science,UMass Amherst,co2,0.21326920000000002
2016-01-17 01:00:00,4,Mouse_health_Justin,Integrated Sciences,interdisciplinary_science,UMass Amherst,co2,0.2103448
2016-01-17 02:00:00,4,Mouse_health_Justin,Integrated Sciences,interdisciplinary_science,UMass Amherst,co2,0.21219600000000002
2016-01-17 03:00:00,4,Mouse_health_Justin,Integrated Sciences,interdisciplinary_science,UMass Amherst,co2,0.2117676
2016-01-17 04:00:00,4,Mouse_health_Justin,Integrated Sciences,interdisciplinary_science,UMass Amherst,co2,0.2089752
2016-01-17 05:00:00,4,Mouse_health_Justin,Integrated Sciences,interdisciplinary_science,UMass Amherst,co2,0.20958400000000002
2016-01-17 06:00:00,4,Mouse_health_Justin,Integrated Sciences,interdisciplinary_science,UMass Amherst,co2,0.20969000000000002
2016-01-17 07:00:00,4,Mouse_health_Justin,Integrated Sciences,interdisciplinary_science,UMass Amherst,co2,0.2115008
2016-01-17 08:00:00,4,Mouse_health_Justin,Integrated Sciences,interdisciplinary_science,UMass Amherst,co2,0.23339360000000003
2016-01-17 09:00:00,4,Mouse_health_Justin,Integrated Sciences,interdisciplinary_science,UMass Amherst,co2,0.24329720000000002
2016-01-17 10:00:00,4,Mouse_health_Justin,Integrated Sciences,interdisciplinary_science,UMass Amherst,co2,0.2455464
2016-01-17 11:00:00,4,Mouse_health_Justin,Integrated Sciences,interdisciplinary_science,UMass Amherst,co2,0.2507512
2016-01-17 12:00:00,4,Mouse_health_Justin,Integrated Sciences,interdisciplinary_science,UMass Amherst,co2,0.2568332000000001
2016-01-17 13:00:00,4,Mouse_health_Justin,Integrated Sciences,interdisciplinary_science,UMass Amherst,co2,0.24287720000000002
2016-01-17 14:00:00,4,Mouse_health_Justin,Integrated Sciences,interdisciplinary_science,UMass Amherst,co2,0.2509232
2016-01-17 15:00:00,4,Mouse_health_Justin,Integrated Sciences,interdisciplinary_science,UMass Amherst,co2,0.25021
2016-01-17 16:00:00,4,Mouse_health_Justin,Integrated Sciences,interdisciplinary_science,UMass Amherst,co2,0.2583748
2016-01-17 17:00:00,4,Mouse_health_Justin,Integrated Sciences,interdisciplinary_science,UMass Amherst,co2,0.24785160000000003
2016-01-17 18:00:00,4,Mouse_health_Justin,Integrated Sciences,interdisciplinary_science,UMass Amherst,co2,0.2323424
2016-01-17 19:00:00,4,Mouse_health_Justin,Integrated Sciences,interdisciplinary_science,UMass Amherst,co2,0.22611520000000002
2016-01-17 20:00:00,4,Mouse_health_Justin,Integrated Sciences,interdisciplinary_science,UMass Amherst,co2,0.22523560000000004
2016-01-17 21:00:00,4,Mouse_health_Justin,Integrated Sciences,interdisciplinary_science,UMass Amherst,co2,0.21928000000000003
2016-01-17 22:00:00,4,Mouse_health_Justin,Integrated Sciences,interdisciplinary_science,UMass Amherst,co2,0.2143732
2016-01-17 23:00:00,4,Mouse_health_Justin,Integrated Sciences,interdisciplinary_science,UMass Amherst,co2,0.2143488
2016-01-18 00:00:00,4,Mouse_health_Justin,Integrated Sciences,interdisciplinary_science,UMass Amherst,co2,0.21709340000000002
2016-01-18 01:00:00,4,Mouse_health_Justin,Integrated Sciences,interdisciplinary_science,UMass Amherst,co2,0.21111839999999993
2016-01-18 02:00:00,4,Mouse_health_Justin,Integrated Sciences,interdisciplinary_science,UMass Amherst,co2,0.20839720000000003
2016-01-18 03:00:00,4,Mouse_health_Justin,Integrated Sciences,interdisciplinary_science,UMass Amherst,co2,0.2080676
2016-01-18 04:00:00,4,Mouse_health_Justin,Integrated Sciences,interdisciplinary_science,UMass Amherst,co2,0.2058788
2016-01-18 05:00:00,4,Mouse_health_Justin,Integrated Sciences,interdisciplinary_science,UMass Amherst,co2,0.20824040000000002
2016-01-18 06:00:00,4,Mouse_health_Justin,Integrated Sciences,interdisciplinary_science,UMass Amherst,co2,0.208854
2016-01-18 07:00:00,4,Mouse_health_Justin,Integrated Sciences,interdisciplinary_science,UMass Amherst,co2,0.218894
2016-01-18 08:00:00,4,Mouse_health_Justin,Integrated Sciences,interdisciplinary_science,UMass Amherst,co2,0.25368040000000003
2016-01-18 09:00:00,4,Mouse_health_Justin,Integrated Sciences,interdisciplinary_science,UMass Amherst,co2,0.2706915999999999
2016-01-18 10:00:00,4,Mouse_health_Justin,Integrated Sciences,interdisciplinary_science,UMass Amherst,co2,0.289742
2016-01-18 11:00:00,4,Mouse_health_Justin,Integrated Sciences,interdisciplinary_science,UMass Amherst,co2,0.2991188
2016-01-18 12:00:00,4,Mouse_health_Justin,Integrated Sciences,interdisciplinary_science,UMass Amherst,co2,0.308558
2016-01-18 13:00:00,4,Mouse_health_Justin,Integrated Sciences,interdisciplinary_science,UMass Amherst,co2,0.30334440000000007
2016-01-18 14:00:00,4,Mouse_health_Justin,Integrated Sciences,interdisciplinary_science,UMass Amherst,co2,0.30079320000000015
2016-01-18 15:00:00,4,Mouse_health_Justin,Integrated Sciences,interdisciplinary_science,UMass Amherst,co2,0.304162
2016-01-18 16:00:00,4,Mouse_health_Justin,Integrated Sciences,interdisciplinary_science,UMass Amherst,co2,0.302366
2016-01-18 17:00:00,4,Mouse_health_Justin,Integrated Sciences,interdisciplinary_science,UMass Amherst,co2,0.29421440000000015
2016-01-18 18:00:00,4,Mouse_health_Justin,Integrated Sciences,interdisciplinary_science,UMass Amherst,co2,0.2723144000000001
2016-01-18 19:00:00,4,Mouse_health_Justin,Integrated Sciences,interdisciplinary_science,UMass Amherst,co2,0.25231679999999995
2016-01-18 20:00:00,4,Mouse_health_Justin,Integrated Sciences,interdisciplinary_science,UMass Amherst,co2,0.24677600000000002
2016-01-18 21:00:00,4,Mouse_health_Justin,Integrated Sciences,interdisciplinary_science,UMass Amherst,co2,0.23063600000000004
2016-01-18 22:00:00,4,Mouse_health_Justin,Integrated Sciences,interdisciplinary_science,UMass Amherst,co2,0.21700760000000002
2016-01-18 23:00:00,4,Mouse_health_Justin,Integrated Sciences,interdisciplinary_science,UMass Amherst,co2,0.2219176
2016-01-19 00:00:00,4,Mouse_health_Justin,Integrated Sciences,interdisciplinary_science,UMass Amherst,co2,0.219062
2016-01-19 01:00:00,4,Mouse_health_Justin,Integrated Sciences,interdisciplinary_science,UMass Amherst,co2,0.21855960000000002
2016-01-19 02:00:00,4,Mouse_health_Justin,Integrated Sciences,interdisciplinary_science,UMass Amherst,co2,0.21719960000000002
2016-01-19 03:00:00,4,Mouse_health_Justin,Integrated Sciences,interdisciplinary_science,UMass Amherst,co2,0.21417440000000001
2016-01-19 04:00:00,4,Mouse_health_Justin,Integrated Sciences,interdisciplinary_science,UMass Amherst,co2,0.2120296000000001
2016-01-19 05:00:00,4,Mouse_health_Justin,Integrated Sciences,interdisciplinary_science,UMass Amherst,co2,0.2111364
2016-01-19 06:00:00,4,Mouse_health_Justin,Integrated Sciences,interdisciplinary_science,UMass Amherst,co2,0.20895360000000002
2016-01-19 07:00:00,4,Mouse_health_Justin,Integrated Sciences,interdisciplinary_science,UMass Amherst,co2,0.2220292
2016-01-19 08:00:00,4,Mouse_health_Justin,Integrated Sciences,interdisciplinary_science,UMass Amherst,co2,0.2532896
2016-01-19 09:00:00,4,Mouse_health_Justin,Integrated Sciences,interdisciplinary_science,UMass Amherst,co2,0.27266679999999993
2016-01-19 10:00:00,4,Mouse_health_Justin,Integrated Sciences,interdisciplinary_science,UMass Amherst,co2,0.2893067999999999
2016-01-19 11:00:00,4,Mouse_health_Justin,Integrated Sciences,interdisciplinary_science,UMass Amherst,co2,0.29792
2016-01-19 12:00:00,4,Mouse_health_Justin,Integrated Sciences,interdisciplinary_science,UMass Amherst,co2,0.30304240000000005
2016-01-19 13:00:00,4,Mouse_health_Justin,Integrated Sciences,interdisciplinary_science,UMass Amherst,co2,0.3045576
2016-01-19 14:00:00,4,Mouse_health_Justin,Integrated Sciences,interdisciplinary_science,UMass Amherst,co2,0.30456720000000004
2016-01-19 15:00:00,4,Mouse_health_Justin,Integrated Sciences,interdisciplinary_science,UMass Amherst,co2,0.3028888
2016-01-19 16:00:00,4,Mouse_health_Justin,Integrated Sciences,interdisciplinary_science,UMass Amherst,co2,0.3070872000000001
2016-01-19 17:00:00,4,Mouse_health_Justin,Integrated Sciences,interdisciplinary_science,UMass Amherst,co2,0.2884592
2016-01-19 18:00:00,4,Mouse_health_Justin,Integrated Sciences,interdisciplinary_science,UMass Amherst,co2,0.27094359999999995
2016-01-19 19:00:00,4,Mouse_health_Justin,Integrated Sciences,interdisciplinary_science,UMass Amherst,co2,0.25488200000000005
2016-01-19 20:00:00,4,Mouse_health_Justin,Integrated Sciences,interdisciplinary_science,UMass Amherst,co2,0.24558560000000004
2016-01-19 21:00:00,4,Mouse_health_Justin,Integrated Sciences,interdisciplinary_science,UMass Amherst,co2,0.2277044
2016-01-19 22:00:00,4,Mouse_health_Justin,Integrated Sciences,interdisciplinary_science,UMass Amherst,co2,0.22229320000000008
2016-01-19 23:00:00,4,Mouse_health_Justin,Integrated Sciences,interdisciplinary_science,UMass Amherst,co2,0.21904400000000002
2016-01-20 00:00:00,4,Mouse_health_Justin,Integrated Sciences,interdisciplinary_science,UMass Amherst,co2,0.219747
2016-01-20 01:00:00,4,Mouse_health_Justin,Integrated Sciences,interdisciplinary_science,UMass Amherst,co2,0.21837640000000003
2016-01-20 02:00:00,4,Mouse_health_Justin,Integrated Sciences,interdisciplinary_science,UMass Amherst,co2,0.21361079999999993
2016-01-20 03:00:00,4,Mouse_health_Justin,Integrated Sciences,interdisciplinary_science,UMass Amherst,co2,0.2143048
2016-01-20 04:00:00,4,Mouse_health_Justin,Integrated Sciences,interdisciplinary_science,UMass Amherst,co2,0.21350679999999994
2016-01-20 05:00:00,4,Mouse_health_Justin,Integrated Sciences,interdisciplinary_science,UMass Amherst,co2,0.212304
2016-01-20 06:00:00,4,Mouse_health_Justin,Integrated Sciences,interdisciplinary_science,UMass Amherst,co2,0.2114408
2016-01-20 07:00:00,4,Mouse_health_Justin,Integrated Sciences,interdisciplinary_science,UMass Amherst,co2,0.22272640000000002
2016-01-20 08:00:00,4,Mouse_health_Justin,Integrated Sciences,interdisciplinary_science,UMass Amherst,co2,0.2566183999999999
2016-01-20 09:00:00,4,Mouse_health_Justin,Integrated Sciences,interdisciplinary_science,UMass Amherst,co2,0.2768592
2016-01-20 10:00:00,4,Mouse_health_Justin,Integrated Sciences,interdisciplinary_science,UMass Amherst,co2,0.2907388
2016-01-20 11:00:00,4,Mouse_health_Justin,Integrated Sciences,interdisciplinary_science,UMass Amherst,co2,0.2971796
2016-01-20 12:00:00,4,Mouse_health_Justin,Integrated Sciences,interdisciplinary_science,UMass Amherst,co2,0.30322920000000003
2016-01-20 13:00:00,4,Mouse_health_Justin,Integrated Sciences,interdisciplinary_science,UMass Amherst,co2,0.3023984000000001
2016-01-20 14:00:00,4,Mouse_health_Justin,Integrated Sciences,interdisciplinary_science,UMass Amherst,co2,0.302006
2016-01-20 15:00:00,4,Mouse_health_Justin,Integrated Sciences,interdisciplinary_science,UMass Amherst,co2,0.299306
2016-01-20 16:00:00,4,Mouse_health_Justin,Integrated Sciences,interdisciplinary_science,UMass Amherst,co2,0.29954959999999986
2016-01-20 17:00:00,4,Mouse_health_Justin,Integrated Sciences,interdisciplinary_science,UMass Amherst,co2,0.28484040000000005
2016-01-20 18:00:00,4,Mouse_health_Justin,Integrated Sciences,interdisciplinary_science,UMass Amherst,co2,0.27192600000000006
2016-01-20 19:00:00,4,Mouse_health_Justin,Integrated Sciences,interdisciplinary_science,UMass Amherst,co2,0.2566828
2016-01-20 20:00:00,4,Mouse_health_Justin,Integrated Sciences,interdisciplinary_science,UMass Amherst,co2,0.2507352000000001
2016-01-20 21:00:00,4,Mouse_health_Justin,Integrated Sciences,interdisciplinary_science,UMass Amherst,co2,0.229674
2016-01-20 22:00:00,4,Mouse_health_Justin,Integrated Sciences,interdisciplinary_science,UMass Amherst,co2,0.2210696
2016-01-20 23:00:00,4,Mouse_health_Justin,Integrated Sciences,interdisciplinary_science,UMass Amherst,co2,0.22081
2016-01-21 00:00:00,4,Mouse_health_Justin,Integrated Sciences,interdisciplinary_science,UMass Amherst,co2,0.221946
2016-01-21 01:00:00,4,Mouse_health_Justin,Integrated Sciences,interdisciplinary_science,UMass Amherst,co2,0.21846839999999995
2016-01-21 02:00:00,4,Mouse_health_Justin,Integrated Sciences,interdisciplinary_science,UMass Amherst,co2,0.2161904
2016-01-21 03:00:00,4,Mouse_health_Justin,Integrated Sciences,interdisciplinary_science,UMass Amherst,co2,0.2133948
2016-01-21 04:00:00,4,Mouse_health_Justin,Integrated Sciences,interdisciplinary_science,UMass Amherst,co2,0.21105000000000002
2016-01-21 05:00:00,4,Mouse_health_Justin,Integrated Sciences,interdisciplinary_science,UMass Amherst,co2,0.212184
2016-01-21 06:00:00,4,Mouse_health_Justin,Integrated Sciences,interdisciplinary_science,UMass Amherst,co2,0.21500679999999994
2016-01-21 07:00:00,4,Mouse_health_Justin,Integrated Sciences,interdisciplinary_science,UMass Amherst,co2,0.2281304
2016-01-21 08:00:00,4,Mouse_health_Justin,Integrated Sciences,interdisciplinary_science,UMass Amherst,co2,0.2555348
2016-01-21 09:00:00,4,Mouse_health_Justin,Integrated Sciences,interdisciplinary_science,UMass Amherst,co2,0.27624120000000013
2016-01-21 10:00:00,4,Mouse_health_Justin,Integrated Sciences,interdisciplinary_science,UMass Amherst,co2,0.2891964000000001
2016-01-21 11:00:00,4,Mouse_health_Justin,Integrated Sciences,interdisciplinary_science,UMass Amherst,co2,0.295582
2016-01-21 12:00:00,4,Mouse_health_Justin,Integrated Sciences,interdisciplinary_science,UMass Amherst,co2,0.30547080000000004
2016-01-21 13:00:00,4,Mouse_health_Justin,Integrated Sciences,interdisciplinary_science,UMass Amherst,co2,0.3013216
2016-01-21 14:00:00,4,Mouse_health_Justin,Integrated Sciences,interdisciplinary_science,UMass Amherst,co2,0.2999388
2016-01-21 15:00:00,4,Mouse_health_Justin,Integrated Sciences,interdisciplinary_science,UMass Amherst,co2,0.30357080000000003
2016-01-21 16:00:00,4,Mouse_health_Justin,Integrated Sciences,interdisciplinary_science,UMass Amherst,co2,0.3041368
2016-01-21 17:00:00,4,Mouse_health_Justin,Integrated Sciences,interdisciplinary_science,UMass Amherst,co2,0.2914044000000001
2016-01-21 18:00:00,4,Mouse_health_Justin,Integrated Sciences,interdisciplinary_science,UMass Amherst,co2,0.2682984000000001
2016-01-21 19:00:00,4,Mouse_health_Justin,Integrated Sciences,interdisciplinary_science,UMass Amherst,co2,0.2517408
2016-01-21 20:00:00,4,Mouse_health_Justin,Integrated Sciences,interdisciplinary_science,UMass Amherst,co2,0.2503772
2016-01-21 21:00:00,4,Mouse_health_Justin,Integrated Sciences,interdisciplinary_science,UMass Amherst,co2,0.2316276
2016-01-21 22:00:00,4,Mouse_health_Justin,Integrated Sciences,interdisciplinary_science,UMass Amherst,co2,0.2242404
2016-01-21 23:00:00,4,Mouse_health_Justin,Integrated Sciences,interdisciplinary_science,UMass Amherst,co2,0.22315200000000002
2016-01-22 00:00:00,4,Mouse_health_Justin,Integrated Sciences,interdisciplinary_science,UMass Amherst,co2,0.20987240000000001
2016-01-22 01:00:00,4,Mouse_health_Justin,Integrated Sciences,interdisciplinary_science,UMass Amherst,co2,0.2146776
2016-01-22 02:00:00,4,Mouse_health_Justin,Integrated Sciences,interdisciplinary_science,UMass Amherst,co2,0.2154116
2016-01-22 03:00:00,4,Mouse_health_Justin,Integrated Sciences,interdisciplinary_science,UMass Amherst,co2,0.20914760000000002
2016-01-22 04:00:00,4,Mouse_health_Justin,Integrated Sciences,interdisciplinary_science,UMass Amherst,co2,0.20579960000000003
2016-01-22 05:00:00,4,Mouse_health_Justin,Integrated Sciences,interdisciplinary_science,UMass Amherst,co2,0.20854440000000002
2016-01-22 06:00:00,4,Mouse_health_Justin,Integrated Sciences,interdisciplinary_science,UMass Amherst,co2,0.2110024
2016-01-22 07:00:00,4,Mouse_health_Justin,Integrated Sciences,interdisciplinary_science,UMass Amherst,co2,0.2205236
2016-01-22 08:00:00,4,Mouse_health_Justin,Integrated Sciences,interdisciplinary_science,UMass Amherst,co2,0.2523096
2016-01-22 09:00:00,4,Mouse_health_Justin,Integrated Sciences,interdisciplinary_science,UMass Amherst,co2,0.2769292
2016-01-22 10:00:00,4,Mouse_health_Justin,Integrated Sciences,interdisciplinary_science,UMass Amherst,co2,0.28596520000000003
2016-01-22 11:00:00,4,Mouse_health_Justin,Integrated Sciences,interdisciplinary_science,UMass Amherst,co2,0.2985667999999999
2016-01-22 12:00:00,4,Mouse_health_Justin,Integrated Sciences,interdisciplinary_science,UMass Amherst,co2,0.30610000000000004
2016-01-22 13:00:00,4,Mouse_health_Justin,Integrated Sciences,interdisciplinary_science,UMass Amherst,co2,0.30522320000000003
2016-01-22 14:00:00,4,Mouse_health_Justin,Integrated Sciences,interdisciplinary_science,UMass Amherst,co2,0.3066448
2016-01-22 15:00:00,4,Mouse_health_Justin,Integrated Sciences,interdisciplinary_science,UMass Amherst,co2,0.30047240000000003
2016-01-22 16:00:00,4,Mouse_health_Justin,Integrated Sciences,interdisciplinary_science,UMass Amherst,co2,0.3056584000000001
2016-01-22 17:00:00,4,Mouse_health_Justin,Integrated Sciences,interdisciplinary_science,UMass Amherst,co2,0.2873252
2016-01-22 18:00:00,4,Mouse_health_Justin,Integrated Sciences,interdisciplinary_science,UMass Amherst,co2,0.2669008
2016-01-22 19:00:00,4,Mouse_health_Justin,Integrated Sciences,interdisciplinary_science,UMass Amherst,co2,0.25356639999999997
2016-01-22 20:00:00,4,Mouse_health_Justin,Integrated Sciences,interdisciplinary_science,UMass Amherst,co2,0.24685520000000002
2016-01-22 21:00:00,4,Mouse_health_Justin,Integrated Sciences,interdisciplinary_science,UMass Amherst,co2,0.22605
2016-01-22 22:00:00,4,Mouse_health_Justin,Integrated Sciences,interdisciplinary_science,UMass Amherst,co2,0.2133364
2016-01-22 23:00:00,4,Mouse_health_Justin,Integrated Sciences,interdisciplinary_science,UMass Amherst,co2,0.20352560000000003
2016-01-23 00:00:00,4,Mouse_health_Justin,Integrated Sciences,interdisciplinary_science,UMass Amherst,co2,0.20755279999999998
2016-01-23 01:00:00,4,Mouse_health_Justin,Integrated Sciences,interdisciplinary_science,UMass Amherst,co2,0.2043404
2016-01-23 02:00:00,4,Mouse_health_Justin,Integrated Sciences,interdisciplinary_science,UMass Amherst,co2,0.2039004
2016-01-23 03:00:00,4,Mouse_health_Justin,Integrated Sciences,interdisciplinary_science,UMass Amherst,co2,0.20013640000000002
2016-01-23 04:00:00,4,Mouse_health_Justin,Integrated Sciences,interdisciplinary_science,UMass Amherst,co2,0.1974788
2016-01-23 05:00:00,4,Mouse_health_Justin,Integrated Sciences,interdisciplinary_science,UMass Amherst,co2,0.19746840000000002
2016-01-23 06:00:00,4,Mouse_health_Justin,Integrated Sciences,interdisciplinary_science,UMass Amherst,co2,0.19721160000000001
2016-01-23 07:00:00,4,Mouse_health_Justin,Integrated Sciences,interdisciplinary_science,UMass Amherst,co2,0.1986196
2016-01-23 08:00:00,4,Mouse_health_Justin,Integrated Sciences,interdisciplinary_science,UMass Amherst,co2,0.2244576
2016-01-23 09:00:00,4,Mouse_health_Justin,Integrated Sciences,interdisciplinary_science,UMass Amherst,co2,0.24181160000000002
2016-01-23 10:00:00,4,Mouse_health_Justin,Integrated Sciences,interdisciplinary_science,UMass Amherst,co2,0.2473884
2016-01-23 11:00:00,4,Mouse_health_Justin,Integrated Sciences,interdisciplinary_science,UMass Amherst,co2,0.25567080000000003
2016-01-23 12:00:00,4,Mouse_health_Justin,Integrated Sciences,interdisciplinary_science,UMass Amherst,co2,0.2641992
2016-01-23 13:00:00,4,Mouse_health_Justin,Integrated Sciences,interdisciplinary_science,UMass Amherst,co2,0.2614296000000001
2016-01-23 14:00:00,4,Mouse_health_Justin,Integrated Sciences,interdisciplinary_science,UMass Amherst,co2,0.2550252
2016-01-23 15:00:00,4,Mouse_health_Justin,Integrated Sciences,interdisciplinary_science,UMass Amherst,co2,0.25910360000000004
2016-01-23 16:00:00,4,Mouse_health_Justin,Integrated Sciences,interdisciplinary_science,UMass Amherst,co2,0.2561856
2016-01-23 17:00:00,4,Mouse_health_Justin,Integrated Sciences,interdisciplinary_science,UMass Amherst,co2,0.23860360000000003
2016-01-23 18:00:00,4,Mouse_health_Justin,Integrated Sciences,interdisciplinary_science,UMass Amherst,co2,0.23045920000000003
2016-01-23 19:00:00,4,Mouse_health_Justin,Integrated Sciences,interdisciplinary_science,UMass Amherst,co2,0.22626120000000002
2016-01-23 20:00:00,4,Mouse_health_Justin,Integrated Sciences,interdisciplinary_science,UMass Amherst,co2,0.2308232
2016-01-23 21:00:00,4,Mouse_health_Justin,Integrated Sciences,interdisciplinary_science,UMass Amherst,co2,0.21709360000000003
2016-01-23 22:00:00,4,Mouse_health_Justin,Integrated Sciences,interdisciplinary_science,UMass Amherst,co2,0.21391120000000002
2016-01-23 23:00:00,4,Mouse_health_Justin,Integrated Sciences,interdisciplinary_science,UMass Amherst,co2,0.21386039999999998
2016-01-24 00:00:00,4,Mouse_health_Justin,Integrated Sciences,interdisciplinary_science,UMass Amherst,co2,0.21768580000000004
2016-01-24 01:00:00,4,Mouse_health_Justin,Integrated Sciences,interdisciplinary_science,UMass Amherst,co2,0.20836760000000001
2016-01-24 02:00:00,4,Mouse_health_Justin,Integrated Sciences,interdisciplinary_science,UMass Amherst,co2,0.20906679999999994
2016-01-24 03:00:00,4,Mouse_health_Justin,Integrated Sciences,interdisciplinary_science,UMass Amherst,co2,0.20689000000000002
2016-01-24 04:00:00,4,Mouse_health_Justin,Integrated Sciences,interdisciplinary_science,UMass Amherst,co2,0.2014224
2016-01-24 05:00:00,4,Mouse_health_Justin,Integrated Sciences,interdisciplinary_science,UMass Amherst,co2,0.2049968
2016-01-24 06:00:00,4,Mouse_health_Justin,Integrated Sciences,interdisciplinary_science,UMass Amherst,co2,0.2056
2016-01-24 07:00:00,4,Mouse_health_Justin,Integrated Sciences,interdisciplinary_science,UMass Amherst,co2,0.20665120000000003
2016-01-24 08:00:00,4,Mouse_health_Justin,Integrated Sciences,interdisciplinary_science,UMass Amherst,co2,0.2287016
2016-01-24 09:00:00,4,Mouse_health_Justin,Integrated Sciences,interdisciplinary_science,UMass Amherst,co2,0.2430716
2016-01-24 10:00:00,4,Mouse_health_Justin,Integrated Sciences,interdisciplinary_science,UMass Amherst,co2,0.24558400000000002
2016-01-24 11:00:00,4,Mouse_health_Justin,Integrated Sciences,interdisciplinary_science,UMass Amherst,co2,0.2519488
2016-01-24 12:00:00,4,Mouse_health_Justin,Integrated Sciences,interdisciplinary_science,UMass Amherst,co2,0.2666948
2016-01-24 13:00:00,4,Mouse_health_Justin,Integrated Sciences,interdisciplinary_science,UMass Amherst,co2,0.261964
2016-01-24 14:00:00,4,Mouse_health_Justin,Integrated Sciences,interdisciplinary_science,UMass Amherst,co2,0.2628688
2016-01-24 15:00:00,4,Mouse_health_Justin,Integrated Sciences,interdisciplinary_science,UMass Amherst,co2,0.2571336000000001
2016-01-24 16:00:00,4,Mouse_health_Justin,Integrated Sciences,interdisciplinary_science,UMass Amherst,co2,0.2655948
2016-01-24 17:00:00,4,Mouse_health_Justin,Integrated Sciences,interdisciplinary_science,UMass Amherst,co2,0.2531852000000001
2016-01-24 18:00:00,4,Mouse_health_Justin,Integrated Sciences,interdisciplinary_science,UMass Amherst,co2,0.2431596
2016-01-24 19:00:00,4,Mouse_health_Justin,Integrated Sciences,interdisciplinary_science,UMass Amherst,co2,0.2351156
2016-01-24 20:00:00,4,Mouse_health_Justin,Integrated Sciences,interdisciplinary_science,UMass Amherst,co2,0.23325400000000002
2016-01-24 21:00:00,4,Mouse_health_Justin,Integrated Sciences,interdisciplinary_science,UMass Amherst,co2,0.2231448
2016-01-24 22:00:00,4,Mouse_health_Justin,Integrated Sciences,interdisciplinary_science,UMass Amherst,co2,0.2210312
2016-01-24 23:00:00,4,Mouse_health_Justin,Integrated Sciences,interdisciplinary_science,UMass Amherst,co2,0.2228728
2016-01-25 00:00:00,4,Mouse_health_Justin,Integrated Sciences,interdisciplinary_science,UMass Amherst,co2,0.214319
2016-01-25 01:00:00,4,Mouse_health_Justin,Integrated Sciences,interdisciplinary_science,UMass Amherst,co2,0.21228000000000002
2016-01-25 02:00:00,4,Mouse_health_Justin,Integrated Sciences,interdisciplinary_science,UMass Amherst,co2,0.2111172
2016-01-25 03:00:00,4,Mouse_health_Justin,Integrated Sciences,interdisciplinary_science,UMass Amherst,co2,0.21219720000000003
2016-01-25 04:00:00,4,Mouse_health_Justin,Integrated Sciences,interdisciplinary_science,UMass Amherst,co2,0.21283000000000002
2016-01-25 05:00:00,4,Mouse_health_Justin,Integrated Sciences,interdisciplinary_science,UMass Amherst,co2,0.2109872000000001
2016-01-25 06:00:00,4,Mouse_health_Justin,Integrated Sciences,interdisciplinary_science,UMass Amherst,co2,0.20953080000000002
2016-01-25 07:00:00,4,Mouse_health_Justin,Integrated Sciences,interdisciplinary_science,UMass Amherst,co2,0.21990160000000003
2016-01-25 08:00:00,4,Mouse_health_Justin,Integrated Sciences,interdisciplinary_science,UMass Amherst,co2,0.25383000000000006
2016-01-25 09:00:00,4,Mouse_health_Justin,Integrated Sciences,interdisciplinary_science,UMass Amherst,co2,0.2722268
2016-01-25 10:00:00,4,Mouse_health_Justin,Integrated Sciences,interdisciplinary_science,UMass Amherst,co2,0.28538800000000003
2016-01-25 11:00:00,4,Mouse_health_Justin,Integrated Sciences,interdisciplinary_science,UMass Amherst,co2,0.2917792
2016-01-25 12:00:00,4,Mouse_health_Justin,Integrated Sciences,interdisciplinary_science,UMass Amherst,co2,0.3008736
2016-01-25 13:00:00,4,Mouse_health_Justin,Integrated Sciences,interdisciplinary_science,UMass Amherst,co2,0.30475040000000014
2016-01-25 14:00:00,4,Mouse_health_Justin,Integrated Sciences,interdisciplinary_science,UMass Amherst,co2,0.3067336
2016-01-25 15:00:00,4,Mouse_health_Justin,Integrated Sciences,interdisciplinary_science,UMass Amherst,co2,0.301894
2016-01-25 16:00:00,4,Mouse_health_Justin,Integrated Sciences,interdisciplinary_science,UMass Amherst,co2,0.306064
2016-01-25 17:00:00,4,Mouse_health_Justin,Integrated Sciences,interdisciplinary_science,UMass Amherst,co2,0.2949164
2016-01-25 18:00:00,4,Mouse_health_Justin,Integrated Sciences,interdisciplinary_science,UMass Amherst,co2,0.271936
2016-01-25 19:00:00,4,Mouse_health_Justin,Integrated Sciences,interdisciplinary_science,UMass Amherst,co2,0.26062640000000004
2016-01-25 20:00:00,4,Mouse_health_Justin,Integrated Sciences,interdisciplinary_science,UMass Amherst,co2,0.24912199999999998
2016-01-25 21:00:00,4,Mouse_health_Justin,Integrated Sciences,interdisciplinary_science,UMass Amherst,co2,0.2290136
2016-01-25 22:00:00,4,Mouse_health_Justin,Integrated Sciences,interdisciplinary_science,UMass Amherst,co2,0.2100584
2016-01-25 23:00:00,4,Mouse_health_Justin,Integrated Sciences,interdisciplinary_science,UMass Amherst,co2,0.2115024
2016-01-26 00:00:00,4,Mouse_health_Justin,Integrated Sciences,interdisciplinary_science,UMass Amherst,co2,0.2143504
2016-01-26 01:00:00,4,Mouse_health_Justin,Integrated Sciences,interdisciplinary_science,UMass Amherst,co2,0.2075712
2016-01-26 02:00:00,4,Mouse_health_Justin,Integrated Sciences,interdisciplinary_science,UMass Amherst,co2,0.2094388
2016-01-26 03:00:00,4,Mouse_health_Justin,Integrated Sciences,interdisciplinary_science,UMass Amherst,co2,0.2058036
2016-01-26 04:00:00,4,Mouse_health_Justin,Integrated Sciences,interdisciplinary_science,UMass Amherst,co2,0.201192
2016-01-26 05:00:00,4,Mouse_health_Justin,Integrated Sciences,interdisciplinary_science,UMass Amherst,co2,0.2025588
2016-01-26 06:00:00,4,Mouse_health_Justin,Integrated Sciences,interdisciplinary_science,UMass Amherst,co2,0.20007960000000002
2016-01-26 07:00:00,4,Mouse_health_Justin,Integrated Sciences,interdisciplinary_science,UMass Amherst,co2,0.20891079999999992
2016-01-26 08:00:00,4,Mouse_health_Justin,Integrated Sciences,interdisciplinary_science,UMass Amherst,co2,0.2524072
2016-01-26 09:00:00,4,Mouse_health_Justin,Integrated Sciences,interdisciplinary_science,UMass Amherst,co2,0.27144759999999996
2016-01-26 10:00:00,4,Mouse_health_Justin,Integrated Sciences,interdisciplinary_science,UMass Amherst,co2,0.2933872000000001
2016-01-26 11:00:00,4,Mouse_health_Justin,Integrated Sciences,interdisciplinary_science,UMass Amherst,co2,0.29406
2016-01-26 12:00:00,4,Mouse_health_Justin,Integrated Sciences,interdisciplinary_science,UMass Amherst,co2,0.30225120000000005
2016-01-26 13:00:00,4,Mouse_health_Justin,Integrated Sciences,interdisciplinary_science,UMass Amherst,co2,0.302816
2016-01-26 14:00:00,4,Mouse_health_Justin,Integrated Sciences,interdisciplinary_science,UMass Amherst,co2,0.302406
2016-01-26 15:00:00,4,Mouse_health_Justin,Integrated Sciences,interdisciplinary_science,UMass Amherst,co2,0.30114840000000015
2016-01-26 16:00:00,4,Mouse_health_Justin,Integrated Sciences,interdisciplinary_science,UMass Amherst,co2,0.305364
2016-01-26 17:00:00,4,Mouse_health_Justin,Integrated Sciences,interdisciplinary_science,UMass Amherst,co2,0.29051520000000003
2016-01-26 18:00:00,4,Mouse_health_Justin,Integrated Sciences,interdisciplinary_science,UMass Amherst,co2,0.2750652
2016-01-26 19:00:00,4,Mouse_health_Justin,Integrated Sciences,interdisciplinary_science,UMass Amherst,co2,0.2578956
2016-01-26 20:00:00,4,Mouse_health_Justin,Integrated Sciences,interdisciplinary_science,UMass Amherst,co2,0.252918
2016-01-26 21:00:00,4,Mouse_health_Justin,Integrated Sciences,interdisciplinary_science,UMass Amherst,co2,0.23566520000000002
2016-01-26 22:00:00,4,Mouse_health_Justin,Integrated Sciences,interdisciplinary_science,UMass Amherst,co2,0.22238760000000002
2016-01-26 23:00:00,4,Mouse_health_Justin,Integrated Sciences,interdisciplinary_science,UMass Amherst,co2,0.219552
2016-01-27 00:00:00,4,Mouse_health_Justin,Integrated Sciences,interdisciplinary_science,UMass Amherst,co2,0.216143
2016-01-27 01:00:00,4,Mouse_health_Justin,Integrated Sciences,interdisciplinary_science,UMass Amherst,co2,0.21579040000000002
2016-01-27 02:00:00,4,Mouse_health_Justin,Integrated Sciences,interdisciplinary_science,UMass Amherst,co2,0.21805720000000003
2016-01-27 03:00:00,4,Mouse_health_Justin,Integrated Sciences,interdisciplinary_science,UMass Amherst,co2,0.2112892000000001
2016-01-27 04:00:00,4,Mouse_health_Justin,Integrated Sciences,interdisciplinary_science,UMass Amherst,co2,0.2081136
2016-01-27 05:00:00,4,Mouse_health_Justin,Integrated Sciences,interdisciplinary_science,UMass Amherst,co2,0.20830120000000002
2016-01-27 06:00:00,4,Mouse_health_Justin,Integrated Sciences,interdisciplinary_science,UMass Amherst,co2,0.21325000000000002
2016-01-27 07:00:00,4,Mouse_health_Justin,Integrated Sciences,interdisciplinary_science,UMass Amherst,co2,0.21960960000000002
2016-01-27 08:00:00,4,Mouse_health_Justin,Integrated Sciences,interdisciplinary_science,UMass Amherst,co2,0.26012280000000004
2016-01-27 09:00:00,4,Mouse_health_Justin,Integrated Sciences,interdisciplinary_science,UMass Amherst,co2,0.2777836
2016-01-27 10:00:00,4,Mouse_health_Justin,Integrated Sciences,interdisciplinary_science,UMass Amherst,co2,0.29326240000000015
2016-01-27 11:00:00,4,Mouse_health_Justin,Integrated Sciences,interdisciplinary_science,UMass Amherst,co2,0.3023087999999999
2016-01-27 12:00:00,4,Mouse_health_Justin,Integrated Sciences,interdisciplinary_science,UMass Amherst,co2,0.30785320000000005
2016-01-27 13:00:00,4,Mouse_health_Justin,Integrated Sciences,interdisciplinary_science,UMass Amherst,co2,0.3067192
2016-01-27 14:00:00,4,Mouse_health_Justin,Integrated Sciences,interdisciplinary_science,UMass Amherst,co2,0.3011028
2016-01-27 15:00:00,4,Mouse_health_Justin,Integrated Sciences,interdisciplinary_science,UMass Amherst,co2,0.300684
2016-01-27 16:00:00,4,Mouse_health_Justin,Integrated Sciences,interdisciplinary_science,UMass Amherst,co2,0.301166
2016-01-27 17:00:00,4,Mouse_health_Justin,Integrated Sciences,interdisciplinary_science,UMass Amherst,co2,0.29056840000000006
2016-01-27 18:00:00,4,Mouse_health_Justin,Integrated Sciences,interdisciplinary_science,UMass Amherst,co2,0.26652640000000005
2016-01-27 19:00:00,4,Mouse_health_Justin,Integrated Sciences,interdisciplinary_science,UMass Amherst,co2,0.2453732
2016-01-27 20:00:00,4,Mouse_health_Justin,Integrated Sciences,interdisciplinary_science,UMass Amherst,co2,0.24159640000000002
2016-01-27 21:00:00,4,Mouse_health_Justin,Integrated Sciences,interdisciplinary_science,UMass Amherst,co2,0.22388160000000007
2016-01-27 22:00:00,4,Mouse_health_Justin,Integrated Sciences,interdisciplinary_science,UMass Amherst,co2,0.2154736
2016-01-27 23:00:00,4,Mouse_health_Justin,Integrated Sciences,interdisciplinary_science,UMass Amherst,co2,0.21676839999999994
2016-01-28 00:00:00,4,Mouse_health_Justin,Integrated Sciences,interdisciplinary_science,UMass Amherst,co2,0.21672620000000004
2016-01-28 01:00:00,4,Mouse_health_Justin,Integrated Sciences,interdisciplinary_science,UMass Amherst,co2,0.2142124
2016-01-28 02:00:00,4,Mouse_health_Justin,Integrated Sciences,interdisciplinary_science,UMass Amherst,co2,0.212174
2016-01-28 03:00:00,4,Mouse_health_Justin,Integrated Sciences,interdisciplinary_science,UMass Amherst,co2,0.2076444
2016-01-28 04:00:00,4,Mouse_health_Justin,Integrated Sciences,interdisciplinary_science,UMass Amherst,co2,0.20338440000000002
2016-01-28 05:00:00,4,Mouse_health_Justin,Integrated Sciences,interdisciplinary_science,UMass Amherst,co2,0.20322400000000002
2016-01-28 06:00:00,4,Mouse_health_Justin,Integrated Sciences,interdisciplinary_science,UMass Amherst,co2,0.2081276
2016-01-28 07:00:00,4,Mouse_health_Justin,Integrated Sciences,interdisciplinary_science,UMass Amherst,co2,0.2248156
2016-01-28 08:00:00,4,Mouse_health_Justin,Integrated Sciences,interdisciplinary_science,UMass Amherst,co2,0.2567072
2016-01-28 09:00:00,4,Mouse_health_Justin,Integrated Sciences,interdisciplinary_science,UMass Amherst,co2,0.275484
2016-01-28 10:00:00,4,Mouse_health_Justin,Integrated Sciences,interdisciplinary_science,UMass Amherst,co2,0.29023320000000014
2016-01-28 11:00:00,4,Mouse_health_Justin,Integrated Sciences,interdisciplinary_science,UMass Amherst,co2,0.297292
2016-01-28 12:00:00,4,Mouse_health_Justin,Integrated Sciences,interdisciplinary_science,UMass Amherst,co2,0.3076312
2016-01-28 13:00:00,4,Mouse_health_Justin,Integrated Sciences,interdisciplinary_science,UMass Amherst,co2,0.303612
2016-01-28 14:00:00,4,Mouse_health_Justin,Integrated Sciences,interdisciplinary_science,UMass Amherst,co2,0.3011816
2016-01-28 15:00:00,4,Mouse_health_Justin,Integrated Sciences,interdisciplinary_science,UMass Amherst,co2,0.2969172
2016-01-28 16:00:00,4,Mouse_health_Justin,Integrated Sciences,interdisciplinary_science,UMass Amherst,co2,0.2979288
2016-01-28 17:00:00,4,Mouse_health_Justin,Integrated Sciences,interdisciplinary_science,UMass Amherst,co2,0.28672
2016-01-28 18:00:00,4,Mouse_health_Justin,Integrated Sciences,interdisciplinary_science,UMass Amherst,co2,0.2689804
2016-01-28 19:00:00,4,Mouse_health_Justin,Integrated Sciences,interdisciplinary_science,UMass Amherst,co2,0.254924
2016-01-28 20:00:00,4,Mouse_health_Justin,Integrated Sciences,interdisciplinary_science,UMass Amherst,co2,0.24802240000000003
2016-01-28 21:00:00,4,Mouse_health_Justin,Integrated Sciences,interdisciplinary_science,UMass Amherst,co2,0.2293352000000001
2016-01-28 22:00:00,4,Mouse_health_Justin,Integrated Sciences,interdisciplinary_science,UMass Amherst,co2,0.22414720000000002
2016-01-28 23:00:00,4,Mouse_health_Justin,Integrated Sciences,interdisciplinary_science,UMass Amherst,co2,0.22222280000000003
2016-01-29 00:00:00,4,Mouse_health_Justin,Integrated Sciences,interdisciplinary_science,UMass Amherst,co2,0.21407020000000004
2016-01-29 01:00:00,4,Mouse_health_Justin,Integrated Sciences,interdisciplinary_science,UMass Amherst,co2,0.2166296000000001
2016-01-29 02:00:00,4,Mouse_health_Justin,Integrated Sciences,interdisciplinary_science,UMass Amherst,co2,0.2140104
2016-01-29 03:00:00,4,Mouse_health_Justin,Integrated Sciences,interdisciplinary_science,UMass Amherst,co2,0.209672
2016-01-29 04:00:00,4,Mouse_health_Justin,Integrated Sciences,interdisciplinary_science,UMass Amherst,co2,0.2080652
2016-01-29 05:00:00,4,Mouse_health_Justin,Integrated Sciences,interdisciplinary_science,UMass Amherst,co2,0.21219200000000002
2016-01-29 06:00:00,4,Mouse_health_Justin,Integrated Sciences,interdisciplinary_science,UMass Amherst,co2,0.2107824
2016-01-29 07:00:00,4,Mouse_health_Justin,Integrated Sciences,interdisciplinary_science,UMass Amherst,co2,0.21345160000000002
2016-01-29 08:00:00,4,Mouse_health_Justin,Integrated Sciences,interdisciplinary_science,UMass Amherst,co2,0.24822840000000002
2016-01-29 09:00:00,4,Mouse_health_Justin,Integrated Sciences,interdisciplinary_science,UMass Amherst,co2,0.2678276
2016-01-29 10:00:00,4,Mouse_health_Justin,Integrated Sciences,interdisciplinary_science,UMass Amherst,co2,0.2825716
2016-01-29 11:00:00,4,Mouse_health_Justin,Integrated Sciences,interdisciplinary_science,UMass Amherst,co2,0.2927428
2016-01-29 12:00:00,4,Mouse_health_Justin,Integrated Sciences,interdisciplinary_science,UMass Amherst,co2,0.29990479999999997
2016-01-29 13:00:00,4,Mouse_health_Justin,Integrated Sciences,interdisciplinary_science,UMass Amherst,co2,0.29884000000000005
2016-01-29 14:00:00,4,Mouse_health_Justin,Integrated Sciences,interdisciplinary_science,UMass Amherst,co2,0.29491520000000004
2016-01-29 15:00:00,4,Mouse_health_Justin,Integrated Sciences,interdisciplinary_science,UMass Amherst,co2,0.29182600000000003
2016-01-29 16:00:00,4,Mouse_health_Justin,Integrated Sciences,interdisciplinary_science,UMass Amherst,co2,0.2965012
2016-01-29 17:00:00,4,Mouse_health_Justin,Integrated Sciences,interdisciplinary_science,UMass Amherst,co2,0.2806212
2016-01-29 18:00:00,4,Mouse_health_Justin,Integrated Sciences,interdisciplinary_science,UMass Amherst,co2,0.261678
2016-01-29 19:00:00,4,Mouse_health_Justin,Integrated Sciences,interdisciplinary_science,UMass Amherst,co2,0.2428176
2016-01-29 20:00:00,4,Mouse_health_Justin,Integrated Sciences,interdisciplinary_science,UMass Amherst,co2,0.2396868
2016-01-29 21:00:00,4,Mouse_health_Justin,Integrated Sciences,interdisciplinary_science,UMass Amherst,co2,0.22187600000000005
2016-01-29 22:00:00,4,Mouse_health_Justin,Integrated Sciences,interdisciplinary_science,UMass Amherst,co2,0.21199920000000003
2016-01-29 23:00:00,4,Mouse_health_Justin,Integrated Sciences,interdisciplinary_science,UMass Amherst,co2,0.212954
2016-01-30 00:00:00,4,Mouse_health_Justin,Integrated Sciences,interdisciplinary_science,UMass Amherst,co2,0.21963739999999998
2016-01-30 01:00:00,4,Mouse_health_Justin,Integrated Sciences,interdisciplinary_science,UMass Amherst,co2,0.21343440000000002
2016-01-30 02:00:00,4,Mouse_health_Justin,Integrated Sciences,interdisciplinary_science,UMass Amherst,co2,0.2153564
2016-01-30 03:00:00,4,Mouse_health_Justin,Integrated Sciences,interdisciplinary_science,UMass Amherst,co2,0.2076852000000001
2016-01-30 04:00:00,4,Mouse_health_Justin,Integrated Sciences,interdisciplinary_science,UMass Amherst,co2,0.208718
2016-01-30 05:00:00,4,Mouse_health_Justin,Integrated Sciences,interdisciplinary_science,UMass Amherst,co2,0.2103316000000001
2016-01-30 06:00:00,4,Mouse_health_Justin,Integrated Sciences,interdisciplinary_science,UMass Amherst,co2,0.20862440000000002
2016-01-30 07:00:00,4,Mouse_health_Justin,Integrated Sciences,interdisciplinary_science,UMass Amherst,co2,0.20744200000000002
2016-01-30 08:00:00,4,Mouse_health_Justin,Integrated Sciences,interdisciplinary_science,UMass Amherst,co2,0.2342464
2016-01-30 09:00:00,4,Mouse_health_Justin,Integrated Sciences,interdisciplinary_science,UMass Amherst,co2,0.24434920000000004
2016-01-30 10:00:00,4,Mouse_health_Justin,Integrated Sciences,interdisciplinary_science,UMass Amherst,co2,0.24942960000000008
2016-01-30 11:00:00,4,Mouse_health_Justin,Integrated Sciences,interdisciplinary_science,UMass Amherst,co2,0.2540888
2016-01-30 12:00:00,4,Mouse_health_Justin,Integrated Sciences,interdisciplinary_science,UMass Amherst,co2,0.2617264
2016-01-30 13:00:00,4,Mouse_health_Justin,Integrated Sciences,interdisciplinary_science,UMass Amherst,co2,0.2568032
2016-01-30 14:00:00,4,Mouse_health_Justin,Integrated Sciences,interdisciplinary_science,UMass Amherst,co2,0.2653564000000001
2016-01-30 15:00:00,4,Mouse_health_Justin,Integrated Sciences,interdisciplinary_science,UMass Amherst,co2,0.2664772
2016-01-30 16:00:00,4,Mouse_health_Justin,Integrated Sciences,interdisciplinary_science,UMass Amherst,co2,0.27169000000000004
2016-01-30 17:00:00,4,Mouse_health_Justin,Integrated Sciences,interdisciplinary_science,UMass Amherst,co2,0.2587236
2016-01-30 18:00:00,4,Mouse_health_Justin,Integrated Sciences,interdisciplinary_science,UMass Amherst,co2,0.24868000000000004
2016-01-30 19:00:00,4,Mouse_health_Justin,Integrated Sciences,interdisciplinary_science,UMass Amherst,co2,0.23913640000000003
2016-01-30 20:00:00,4,Mouse_health_Justin,Integrated Sciences,interdisciplinary_science,UMass Amherst,co2,0.24008960000000004
2016-01-30 21:00:00,4,Mouse_health_Justin,Integrated Sciences,interdisciplinary_science,UMass Amherst,co2,0.22789160000000003
2016-01-30 22:00:00,4,Mouse_health_Justin,Integrated Sciences,interdisciplinary_science,UMass Amherst,co2,0.22248600000000002
2016-01-30 23:00:00,4,Mouse_health_Justin,Integrated Sciences,interdisciplinary_science,UMass Amherst,co2,0.22652600000000003
2016-01-01 00:00:00,5,Mouse_lodging_Vicente,Recreation Center,recreation,UMass Amherst,co2,0.004
2016-01-01 01:00:00,5,Mouse_lodging_Vicente,Recreation Center,recreation,UMass Amherst,co2,0.012
2016-01-01 02:00:00,5,Mouse_lodging_Vicente,Recreation Center,recreation,UMass Amherst,co2,0.012
2016-01-01 03:00:00,5,Mouse_lodging_Vicente,Recreation Center,recreation,UMass Amherst,co2,0.008
2016-01-01 04:00:00,5,Mouse_lodging_Vicente,Recreation Center,recreation,UMass Amherst,co2,0.012
2016-01-01 05:00:00,5,Mouse_lodging_Vicente,Recreation Center,recreation,UMass Amherst,co2,0.012
2016-01-01 06:00:00,5,Mouse_lodging_Vicente,Recreation Center,recreation,UMass Amherst,co2,0.008
2016-01-01 07:00:00,5,Mouse_lodging_Vicente,Recreation Center,recreation,UMass Amherst,co2,0.016
2016-01-01 08:00:00,5,Mouse_lodging_Vicente,Recreation Center,recreation,UMass Amherst,co2,0.012
2016-01-01 09:00:00,5,Mouse_lodging_Vicente,Recreation Center,recreation,UMass Amherst,co2,0.016
2016-01-01 10:00:00,5,Mouse_lodging_Vicente,Recreation Center,recreation,UMass Amherst,co2,0.016
2016-01-01 11:00:00,5,Mouse_lodging_Vicente,Recreation Center,recreation,UMass Amherst,co2,0.012
2016-01-01 12:00:00,5,Mouse_lodging_Vicente,Recreation Center,recreation,UMass Amherst,co2,0.016
2016-01-01 13:00:00,5,Mouse_lodging_Vicente,Recreation Center,recreation,UMass Amherst,co2,0.016
2016-01-01 14:00:00,5,Mouse_lodging_Vicente,Recreation Center,recreation,UMass Amherst,co2,0.012
2016-01-01 15:00:00,5,Mouse_lodging_Vicente,Recreation Center,recreation,UMass Amherst,co2,0.016
2016-01-01 16:00:00,5,Mouse_lodging_Vicente,Recreation Center,recreation,UMass Amherst,co2,0.016
2016-01-01 17:00:00,5,Mouse_lodging_Vicente,Recreation Center,recreation,UMass Amherst,co2,0.012
2016-01-01 18:00:00,5,Mouse_lodging_Vicente,Recreation Center,recreation,UMass Amherst,co2,0.016
2016-01-01 19:00:00,5,Mouse_lodging_Vicente,Recreation Center,recreation,UMass Amherst,co2,0.016
2016-01-01 20:00:00,5,Mouse_lodging_Vicente,Recreation Center,recreation,UMass Amherst,co2,0.012
2016-01-01 21:00:00,5,Mouse_lodging_Vicente,Recreation Center,recreation,UMass Amherst,co2,0.016
2016-01-01 22:00:00,5,Mouse_lodging_Vicente,Recreation Center,recreation,UMass Amherst,co2,0.016
2016-01-01 23:00:00,5,Mouse_lodging_Vicente,Recreation Center,recreation,UMass Amherst,co2,0.012
2016-01-02 00:00:00,5,Mouse_lodging_Vicente,Recreation Center,recreation,UMass Amherst,co2,0.016
2016-01-02 01:00:00,5,Mouse_lodging_Vicente,Recreation Center,recreation,UMass Amherst,co2,0.008
2016-01-02 02:00:00,5,Mouse_lodging_Vicente,Recreation Center,recreation,UMass Amherst,co2,0.012
2016-01-02 03:00:00,5,Mouse_lodging_Vicente,Recreation Center,recreation,UMass Amherst,co2,0.012
2016-01-02 04:00:00,5,Mouse_lodging_Vicente,Recreation Center,recreation,UMass Amherst,co2,0.008
2016-01-02 05:00:00,5,Mouse_lodging_Vicente,Recreation Center,recreation,UMass Amherst,co2,0.012
2016-01-02 06:00:00,5,Mouse_lodging_Vicente,Recreation Center,recreation,UMass Amherst,co2,0.012
2016-01-02 07:00:00,5,Mouse_lodging_Vicente,Recreation Center,recreation,UMass Amherst,co2,0.012
2016-01-02 08:00:00,5,Mouse_lodging_Vicente,Recreation Center,recreation,UMass Amherst,co2,0.012
2016-01-02 09:00:00,5,Mouse_lodging_Vicente,Recreation Center,recreation,UMass Amherst,co2,0.016
2016-01-02 10:00:00,5,Mouse_lodging_Vicente,Recreation Center,recreation,UMass Amherst,co2,0.016
2016-01-02 11:00:00,5,Mouse_lodging_Vicente,Recreation Center,recreation,UMass Amherst,co2,0.012
2016-01-02 12:00:00,5,Mouse_lodging_Vicente,Recreation Center,recreation,UMass Amherst,co2,0.016
2016-01-02 13:00:00,5,Mouse_lodging_Vicente,Recreation Center,recreation,UMass Amherst,co2,0.016
2016-01-02 14:00:00,5,Mouse_lodging_Vicente,Recreation Center,recreation,UMass Amherst,co2,0.016
2016-01-02 15:00:00,5,Mouse_lodging_Vicente,Recreation Center,recreation,UMass Amherst,co2,0.012
2016-01-02 16:00:00,5,Mouse_lodging_Vicente,Recreation Center,recreation,UMass Amherst,co2,0.016
2016-01-02 17:00:00,5,Mouse_lodging_Vicente,Recreation Center,recreation,UMass Amherst,co2,0.016
2016-01-02 18:00:00,5,Mouse_lodging_Vicente,Recreation Center,recreation,UMass Amherst,co2,0.012
2016-01-02 19:00:00,5,Mouse_lodging_Vicente,Recreation Center,recreation,UMass Amherst,co2,0.016
2016-01-02 20:00:00,5,Mouse_lodging_Vicente,Recreation Center,recreation,UMass Amherst,co2,0.016
2016-01-02 21:00:00,5,Mouse_lodging_Vicente,Recreation Center,recreation,UMass Amherst,co2,0.012
2016-01-02 22:00:00,5,Mouse_lodging_Vicente,Recreation Center,recreation,UMass Amherst,co2,0.016
2016-01-02 23:00:00,5,Mouse_lodging_Vicente,Recreation Center,recreation,UMass Amherst,co2,0.012
2016-01-03 00:00:00,5,Mouse_lodging_Vicente,Recreation Center,recreation,UMass Amherst,co2,0.008
2016-01-03 01:00:00,5,Mouse_lodging_Vicente,Recreation Center,recreation,UMass Amherst,co2,0.012
2016-01-03 02:00:00,5,Mouse_lodging_Vicente,Recreation Center,recreation,UMass Amherst,co2,0.008
2016-01-03 03:00:00,5,Mouse_lodging_Vicente,Recreation Center,recreation,UMass Amherst,co2,0.012
2016-01-03 04:00:00,5,Mouse_lodging_Vicente,Recreation Center,recreation,UMass Amherst,co2,0.012
2016-01-03 05:00:00,5,Mouse_lodging_Vicente,Recreation Center,recreation,UMass Amherst,co2,0.008
2016-01-03 06:00:00,5,Mouse_lodging_Vicente,Recreation Center,recreation,UMass Amherst,co2,0.012
2016-01-03 07:00:00,5,Mouse_lodging_Vicente,Recreation Center,recreation,UMass Amherst,co2,0.012
2016-01-03 08:00:00,5,Mouse_lodging_Vicente,Recreation Center,recreation,UMass Amherst,co2,0.016
2016-01-03 09:00:00,5,Mouse_lodging_Vicente,Recreation Center,recreation,UMass Amherst,co2,0.012
2016-01-03 10:00:00,5,Mouse_lodging_Vicente,Recreation Center,recreation,UMass Amherst,co2,0.016
2016-01-03 11:00:00,5,Mouse_lodging_Vicente,Recreation Center,recreation,UMass Amherst,co2,0.016
2016-01-03 12:00:00,5,Mouse_lodging_Vicente,Recreation Center,recreation,UMass Amherst,co2,0.012
2016-01-03 13:00:00,5,Mouse_lodging_Vicente,Recreation Center,recreation,UMass Amherst,co2,0.016
2016-01-03 14:00:00,5,Mouse_lodging_Vicente,Recreation Center,recreation,UMass Amherst,co2,0.012
2016-01-03 15:00:00,5,Mouse_lodging_Vicente,Recreation Center,recreation,UMass Amherst,co2,0.016
2016-01-03 16:00:00,5,Mouse_lodging_Vicente,Recreation Center,recreation,UMass Amherst,co2,0.016
2016-01-03 17:00:00,5,Mouse_lodging_Vicente,Recreation Center,recreation,UMass Amherst,co2,0.016
2016-01-03 18:00:00,5,Mouse_lodging_Vicente,Recreation Center,recreation,UMass Amherst,co2,0.016
2016-01-03 19:00:00,5,Mouse_lodging_Vicente,Recreation Center,recreation,UMass Amherst,co2,0.016
2016-01-03 20:00:00,5,Mouse_lodging_Vicente,Recreation Center,recreation,UMass Amherst,co2,0.016
2016-01-03 21:00:00,5,Mouse_lodging_Vicente,Recreation Center,recreation,UMass Amherst,co2,0.016
2016-01-03 22:00:00,5,Mouse_lodging_Vicente,Recreation Center,recreation,UMass Amherst,co2,0.016
2016-01-03 23:00:00,5,Mouse_lodging_Vicente,Recreation Center,recreation,UMass Amherst,co2,0.016
2016-01-04 00:00:00,5,Mouse_lodging_Vicente,Recreation Center,recreation,UMass Amherst,co2,0.016
2016-01-04 01:00:00,5,Mouse_lodging_Vicente,Recreation Center,recreation,UMass Amherst,co2,0.012
2016-01-04 02:00:00,5,Mouse_lodging_Vicente,Recreation Center,recreation,UMass Amherst,co2,0.008
2016-01-04 03:00:00,5,Mouse_lodging_Vicente,Recreation Center,recreation,UMass Amherst,co2,0.012
2016-01-04 04:00:00,5,Mouse_lodging_Vicente,Recreation Center,recreation,UMass Amherst,co2,0.012
2016-01-04 05:00:00,5,Mouse_lodging_Vicente,Recreation Center,recreation,UMass Amherst,co2,0.012
2016-01-04 06:00:00,5,Mouse_lodging_Vicente,Recreation Center,recreation,UMass Amherst,co2,0.012
2016-01-04 07:00:00,5,Mouse_lodging_Vicente,Recreation Center,recreation,UMass Amherst,co2,0.012
2016-01-04 08:00:00,5,Mouse_lodging_Vicente,Recreation Center,recreation,UMass Amherst,co2,0.016
2016-01-04 09:00:00,5,Mouse_lodging_Vicente,Recreation Center,recreation,UMass Amherst,co2,0.016
2016-01-04 10:00:00,5,Mouse_lodging_Vicente,Recreation Center,recreation,UMass Amherst,co2,0.016
2016-01-04 11:00:00,5,Mouse_lodging_Vicente,Recreation Center,recreation,UMass Amherst,co2,0.016
2016-01-04 12:00:00,5,Mouse_lodging_Vicente,Recreation Center,recreation,UMass Amherst,co2,0.02
2016-01-04 13:00:00,5,Mouse_lodging_Vicente,Recreation Center,recreation,UMass Amherst,co2,0.02
2016-01-04 14:00:00,5,Mouse_lodging_Vicente,Recreation Center,recreation,UMass Amherst,co2,0.016
2016-01-04 15:00:00,5,Mouse_lodging_Vicente,Recreation Center,recreation,UMass Amherst,co2,0.016
2016-01-04 16:00:00,5,Mouse_lodging_Vicente,Recreation Center,recreation,UMass Amherst,co2,0.02
2016-01-04 17:00:00,5,Mouse_lodging_Vicente,Recreation Center,recreation,UMass Amherst,co2,0.016
2016-01-04 18:00:00,5,Mouse_lodging_Vicente,Recreation Center,recreation,UMass Amherst,co2,0.02
2016-01-04 19:00:00,5,Mouse_lodging_Vicente,Recreation Center,recreation,UMass Amherst,co2,0.016
2016-01-04 20:00:00,5,Mouse_lodging_Vicente,Recreation Center,recreation,UMass Amherst,co2,0.02
2016-01-04 21:00:00,5,Mouse_lodging_Vicente,Recreation Center,recreation,UMass Amherst,co2,0.016
2016-01-04 22:00:00,5,Mouse_lodging_Vicente,Recreation Center,recreation,UMass Amherst,co2,0.016
2016-01-04 23:00:00,5,Mouse_lodging_Vicente,Recreation Center,recreation,UMass Amherst,co2,0.016
2016-01-05 00:00:00,5,Mouse_lodging_Vicente,Recreation Center,recreation,UMass Amherst,co2,0.012
2016-01-05 01:00:00,5,Mouse_lodging_Vicente,Recreation Center,recreation,UMass Amherst,co2,0.008
2016-01-05 02:00:00,5,Mouse_lodging_Vicente,Recreation Center,recreation,UMass Amherst,co2,0.012
2016-01-05 03:00:00,5,Mouse_lodging_Vicente,Recreation Center,recreation,UMass Amherst,co2,0.012
2016-01-05 04:00:00,5,Mouse_lodging_Vicente,Recreation Center,recreation,UMass Amherst,co2,0.012
2016-01-05 05:00:00,5,Mouse_lodging_Vicente,Recreation Center,recreation,UMass Amherst,co2,0.012
2016-01-05 06:00:00,5,Mouse_lodging_Vicente,Recreation Center,recreation,UMass Amherst,co2,0.012
2016-01-05 07:00:00,5,Mouse_lodging_Vicente,Recreation Center,recreation,UMass Amherst,co2,0.012
2016-01-05 08:00:00,5,Mouse_lodging_Vicente,Recreation Center,recreation,UMass Amherst,co2,0.016
2016-01-05 09:00:00,5,Mouse_lodging_Vicente,Recreation Center,recreation,UMass Amherst,co2,0.02
2016-01-05 10:00:00,5,Mouse_lodging_Vicente,Recreation Center,recreation,UMass Amherst,co2,0.02
2016-01-05 11:00:00,5,Mouse_lodging_Vicente,Recreation Center,recreation,UMass Amherst,co2,0.02
2016-01-05 12:00:00,5,Mouse_lodging_Vicente,Recreation Center,recreation,UMass Amherst,co2,0.024
2016-01-05 13:00:00,5,Mouse_lodging_Vicente,Recreation Center,recreation,UMass Amherst,co2,0.02
2016-01-05 14:00:00,5,Mouse_lodging_Vicente,Recreation Center,recreation,UMass Amherst,co2,0.024
2016-01-05 15:00:00,5,Mouse_lodging_Vicente,Recreation Center,recreation,UMass Amherst,co2,0.02
2016-01-05 16:00:00,5,Mouse_lodging_Vicente,Recreation Center,recreation,UMass Amherst,co2,0.024
2016-01-05 17:00:00,5,Mouse_lodging_Vicente,Recreation Center,recreation,UMass Amherst,co2,0.02
2016-01-05 18:00:00,5,Mouse_lodging_Vicente,Recreation Center,recreation,UMass Amherst,co2,0.024
2016-01-05 19:00:00,5,Mouse_lodging_Vicente,Recreation Center,recreation,UMass Amherst,co2,0.02
2016-01-05 20:00:00,5,Mouse_lodging_Vicente,Recreation Center,recreation,UMass Amherst,co2,0.02
2016-01-05 21:00:00,5,Mouse_lodging_Vicente,Recreation Center,recreation,UMass Amherst,co2,0.016
2016-01-05 22:00:00,5,Mouse_lodging_Vicente,Recreation Center,recreation,UMass Amherst,co2,0.016
2016-01-05 23:00:00,5,Mouse_lodging_Vicente,Recreation Center,recreation,UMass Amherst,co2,0.016
2016-01-06 00:00:00,5,Mouse_lodging_Vicente,Recreation Center,recreation,UMass Amherst,co2,0.01618476
2016-01-06 01:00:00,5,Mouse_lodging_Vicente,Recreation Center,recreation,UMass Amherst,co2,0.016369520000000002
2016-01-06 02:00:00,5,Mouse_lodging_Vicente,Recreation Center,recreation,UMass Amherst,co2,0.016369520000000002
2016-01-06 03:00:00,5,Mouse_lodging_Vicente,Recreation Center,recreation,UMass Amherst,co2,0.016369520000000002
2016-01-06 04:00:00,5,Mouse_lodging_Vicente,Recreation Center,recreation,UMass Amherst,co2,0.016369520000000002
2016-01-06 05:00:00,5,Mouse_lodging_Vicente,Recreation Center,recreation,UMass Amherst,co2,0.016369520000000002
2016-01-06 06:00:00,5,Mouse_lodging_Vicente,Recreation Center,recreation,UMass Amherst,co2,0.016369520000000002
2016-01-06 07:00:00,5,Mouse_lodging_Vicente,Recreation Center,recreation,UMass Amherst,co2,0.016369520000000002
2016-01-06 08:00:00,5,Mouse_lodging_Vicente,Recreation Center,recreation,UMass Amherst,co2,0.016369520000000002
2016-01-06 09:00:00,5,Mouse_lodging_Vicente,Recreation Center,recreation,UMass Amherst,co2,0.016369520000000002
2016-01-06 10:00:00,5,Mouse_lodging_Vicente,Recreation Center,recreation,UMass Amherst,co2,0.016369520000000002
2016-01-06 11:00:00,5,Mouse_lodging_Vicente,Recreation Center,recreation,UMass Amherst,co2,0.016369520000000002
2016-01-06 12:00:00,5,Mouse_lodging_Vicente,Recreation Center,recreation,UMass Amherst,co2,0.016369520000000002
2016-01-06 13:00:00,5,Mouse_lodging_Vicente,Recreation Center,recreation,UMass Amherst,co2,0.016369520000000002
2016-01-06 14:00:00,5,Mouse_lodging_Vicente,Recreation Center,recreation,UMass Amherst,co2,0.016369520000000002
2016-01-06 15:00:00,5,Mouse_lodging_Vicente,Recreation Center,recreation,UMass Amherst,co2,0.016369520000000002
2016-01-06 16:00:00,5,Mouse_lodging_Vicente,Recreation Center,recreation,UMass Amherst,co2,0.016369520000000002
2016-01-06 17:00:00,5,Mouse_lodging_Vicente,Recreation Center,recreation,UMass Amherst,co2,0.016369520000000002
2016-01-06 18:00:00,5,Mouse_lodging_Vicente,Recreation Center,recreation,UMass Amherst,co2,0.016369520000000002
2016-01-06 19:00:00,5,Mouse_lodging_Vicente,Recreation Center,recreation,UMass Amherst,co2,0.016369520000000002
2016-01-06 20:00:00,5,Mouse_lodging_Vicente,Recreation Center,recreation,UMass Amherst,co2,0.016369520000000002
2016-01-06 21:00:00,5,Mouse_lodging_Vicente,Recreation Center,recreation,UMass Amherst,co2,0.016369520000000002
2016-01-06 22:00:00,5,Mouse_lodging_Vicente,Recreation Center,recreation,UMass Amherst,co2,0.016369520000000002
2016-01-06 23:00:00,5,Mouse_lodging_Vicente,Recreation Center,recreation,UMass Amherst,co2,0.016369520000000002
2016-01-07 00:00:00,5,Mouse_lodging_Vicente,Recreation Center,recreation,UMass Amherst,co2,0.016369520000000002
2016-01-07 01:00:00,5,Mouse_lodging_Vicente,Recreation Center,recreation,UMass Amherst,co2,0.016369520000000002
2016-01-07 02:00:00,5,Mouse_lodging_Vicente,Recreation Center,recreation,UMass Amherst,co2,0.016369520000000002
2016-01-07 03:00:00,5,Mouse_lodging_Vicente,Recreation Center,recreation,UMass Amherst,co2,0.016369520000000002
2016-01-07 04:00:00,5,Mouse_lodging_Vicente,Recreation Center,recreation,UMass Amherst,co2,0.016369520000000002
2016-01-07 05:00:00,5,Mouse_lodging_Vicente,Recreation Center,recreation,UMass Amherst,co2,0.016369520000000002
2016-01-07 06:00:00,5,Mouse_lodging_Vicente,Recreation Center,recreation,UMass Amherst,co2,0.016369520000000002
2016-01-07 07:00:00,5,Mouse_lodging_Vicente,Recreation Center,recreation,UMass Amherst,co2,0.016369520000000002
2016-01-07 08:00:00,5,Mouse_lodging_Vicente,Recreation Center,recreation,UMass Amherst,co2,0.016369520000000002
2016-01-07 09:00:00,5,Mouse_lodging_Vicente,Recreation Center,recreation,UMass Amherst,co2,0.016369520000000002
2016-01-07 10:00:00,5,Mouse_lodging_Vicente,Recreation Center,recreation,UMass Amherst,co2,0.016369520000000002
2016-01-07 11:00:00,5,Mouse_lodging_Vicente,Recreation Center,recreation,UMass Amherst,co2,0.016369520000000002
2016-01-07 12:00:00,5,Mouse_lodging_Vicente,Recreation Center,recreation,UMass Amherst,co2,0.016369520000000002
2016-01-07 13:00:00,5,Mouse_lodging_Vicente,Recreation Center,recreation,UMass Amherst,co2,0.016369520000000002
2016-01-07 14:00:00,5,Mouse_lodging_Vicente,Recreation Center,recreation,UMass Amherst,co2,0.016369520000000002
2016-01-07 15:00:00,5,Mouse_lodging_Vicente,Recreation Center,recreation,UMass Amherst,co2,0.016369520000000002
2016-01-07 16:00:00,5,Mouse_lodging_Vicente,Recreation Center,recreation,UMass Amherst,co2,0.016369520000000002
2016-01-07 17:00:00,5,Mouse_lodging_Vicente,Recreation Center,recreation,UMass Amherst,co2,0.016369520000000002
2016-01-07 18:00:00,5,Mouse_lodging_Vicente,Recreation Center,recreation,UMass Amherst,co2,0.016369520000000002
2016-01-07 19:00:00,5,Mouse_lodging_Vicente,Recreation Center,recreation,UMass Amherst,co2,0.016369520000000002
2016-01-07 20:00:00,5,Mouse_lodging_Vicente,Recreation Center,recreation,UMass Amherst,co2,0.016369520000000002
2016-01-07 21:00:00,5,Mouse_lodging_Vicente,Recreation Center,recreation,UMass Amherst,co2,0.016369520000000002
2016-01-07 22:00:00,5,Mouse_lodging_Vicente,Recreation Center,recreation,UMass Amherst,co2,0.016369520000000002
2016-01-07 23:00:00,5,Mouse_lodging_Vicente,Recreation Center,recreation,UMass Amherst,co2,0.016369520000000002
2016-01-08 00:00:00,5,Mouse_lodging_Vicente,Recreation Center,recreation,UMass Amherst,co2,0.016369520000000002
2016-01-08 01:00:00,5,Mouse_lodging_Vicente,Recreation Center,recreation,UMass Amherst,co2,0.016369520000000002
2016-01-08 02:00:00,5,Mouse_lodging_Vicente,Recreation Center,recreation,UMass Amherst,co2,0.016369520000000002
2016-01-08 03:00:00,5,Mouse_lodging_Vicente,Recreation Center,recreation,UMass Amherst,co2,0.016369520000000002
2016-01-08 04:00:00,5,Mouse_lodging_Vicente,Recreation Center,recreation,UMass Amherst,co2,0.016369520000000002
2016-01-08 05:00:00,5,Mouse_lodging_Vicente,Recreation Center,recreation,UMass Amherst,co2,0.016369520000000002
2016-01-08 06:00:00,5,Mouse_lodging_Vicente,Recreation Center,recreation,UMass Amherst,co2,0.016369520000000002
2016-01-08 07:00:00,5,Mouse_lodging_Vicente,Recreation Center,recreation,UMass Amherst,co2,0.016369520000000002
2016-01-08 08:00:00,5,Mouse_lodging_Vicente,Recreation Center,recreation,UMass Amherst,co2,0.016369520000000002
2016-01-08 09:00:00,5,Mouse_lodging_Vicente,Recreation Center,recreation,UMass Amherst,co2,0.016369520000000002
2016-01-08 10:00:00,5,Mouse_lodging_Vicente,Recreation Center,recreation,UMass Amherst,co2,0.016369520000000002
2016-01-08 11:00:00,5,Mouse_lodging_Vicente,Recreation Center,recreation,UMass Amherst,co2,0.016369520000000002
2016-01-08 12:00:00,5,Mouse_lodging_Vicente,Recreation Center,recreation,UMass Amherst,co2,0.016369520000000002
2016-01-08 13:00:00,5,Mouse_lodging_Vicente,Recreation Center,recreation,UMass Amherst,co2,0.016369520000000002
2016-01-08 14:00:00,5,Mouse_lodging_Vicente,Recreation Center,recreation,UMass Amherst,co2,0.016369520000000002
2016-01-08 15:00:00,5,Mouse_lodging_Vicente,Recreation Center,recreation,UMass Amherst,co2,0.016369520000000002
2016-01-08 16:00:00,5,Mouse_lodging_Vicente,Recreation Center,recreation,UMass Amherst,co2,0.016369520000000002
2016-01-08 17:00:00,5,Mouse_lodging_Vicente,Recreation Center,recreation,UMass Amherst,co2,0.016369520000000002
2016-01-08 18:00:00,5,Mouse_lodging_Vicente,Recreation Center,recreation,UMass Amherst,co2,0.016369520000000002
2016-01-08 19:00:00,5,Mouse_lodging_Vicente,Recreation Center,recreation,UMass Amherst,co2,0.016369520000000002
2016-01-08 20:00:00,5,Mouse_lodging_Vicente,Recreation Center,recreation,UMass Amherst,co2,0.016369520000000002
2016-01-08 21:00:00,5,Mouse_lodging_Vicente,Recreation Center,recreation,UMass Amherst,co2,0.016369520000000002
2016-01-08 22:00:00,5,Mouse_lodging_Vicente,Recreation Center,recreation,UMass Amherst,co2,0.016369520000000002
2016-01-08 23:00:00,5,Mouse_lodging_Vicente,Recreation Center,recreation,UMass Amherst,co2,0.016369520000000002
2016-01-09 00:00:00,5,Mouse_lodging_Vicente,Recreation Center,recreation,UMass Amherst,co2,0.016369520000000002
2016-01-09 01:00:00,5,Mouse_lodging_Vicente,Recreation Center,recreation,UMass Amherst,co2,0.016369520000000002
2016-01-09 02:00:00,5,Mouse_lodging_Vicente,Recreation Center,recreation,UMass Amherst,co2,0.016369520000000002
2016-01-09 03:00:00,5,Mouse_lodging_Vicente,Recreation Center,recreation,UMass Amherst,co2,0.016369520000000002
2016-01-09 04:00:00,5,Mouse_lodging_Vicente,Recreation Center,recreation,UMass Amherst,co2,0.016369520000000002
2016-01-09 05:00:00,5,Mouse_lodging_Vicente,Recreation Center,recreation,UMass Amherst,co2,0.016369520000000002
2016-01-09 06:00:00,5,Mouse_lodging_Vicente,Recreation Center,recreation,UMass Amherst,co2,0.016369520000000002
2016-01-09 07:00:00,5,Mouse_lodging_Vicente,Recreation Center,recreation,UMass Amherst,co2,0.016369520000000002
2016-01-09 08:00:00,5,Mouse_lodging_Vicente,Recreation Center,recreation,UMass Amherst,co2,0.016369520000000002
2016-01-09 09:00:00,5,Mouse_lodging_Vicente,Recreation Center,recreation,UMass Amherst,co2,0.016369520000000002
2016-01-09 10:00:00,5,Mouse_lodging_Vicente,Recreation Center,recreation,UMass Amherst,co2,0.016369520000000002
2016-01-09 11:00:00,5,Mouse_lodging_Vicente,Recreation Center,recreation,UMass Amherst,co2,0.016369520000000002
2016-01-09 12:00:00,5,Mouse_lodging_Vicente,Recreation Center,recreation,UMass Amherst,co2,0.016369520000000002
2016-01-09 13:00:00,5,Mouse_lodging_Vicente,Recreation Center,recreation,UMass Amherst,co2,0.016369520000000002
2016-01-09 14:00:00,5,Mouse_lodging_Vicente,Recreation Center,recreation,UMass Amherst,co2,0.016369520000000002
2016-01-09 15:00:00,5,Mouse_lodging_Vicente,Recreation Center,recreation,UMass Amherst,co2,0.016369520000000002
2016-01-09 16:00:00,5,Mouse_lodging_Vicente,Recreation Center,recreation,UMass Amherst,co2,0.016369520000000002
2016-01-09 17:00:00,5,Mouse_lodging_Vicente,Recreation Center,recreation,UMass Amherst,co2,0.016369520000000002
2016-01-09 18:00:00,5,Mouse_lodging_Vicente,Recreation Center,recreation,UMass Amherst,co2,0.016369520000000002
2016-01-09 19:00:00,5,Mouse_lodging_Vicente,Recreation Center,recreation,UMass Amherst,co2,0.016369520000000002
2016-01-09 20:00:00,5,Mouse_lodging_Vicente,Recreation Center,recreation,UMass Amherst,co2,0.016369520000000002
2016-01-09 21:00:00,5,Mouse_lodging_Vicente,Recreation Center,recreation,UMass Amherst,co2,0.016369520000000002
2016-01-09 22:00:00,5,Mouse_lodging_Vicente,Recreation Center,recreation,UMass Amherst,co2,0.016369520000000002
2016-01-09 23:00:00,5,Mouse_lodging_Vicente,Recreation Center,recreation,UMass Amherst,co2,0.016369520000000002
2016-01-10 00:00:00,5,Mouse_lodging_Vicente,Recreation Center,recreation,UMass Amherst,co2,0.016369520000000002
2016-01-10 01:00:00,5,Mouse_lodging_Vicente,Recreation Center,recreation,UMass Amherst,co2,0.016369520000000002
2016-01-10 02:00:00,5,Mouse_lodging_Vicente,Recreation Center,recreation,UMass Amherst,co2,0.016369520000000002
2016-01-10 03:00:00,5,Mouse_lodging_Vicente,Recreation Center,recreation,UMass Amherst,co2,0.016369520000000002
2016-01-10 04:00:00,5,Mouse_lodging_Vicente,Recreation Center,recreation,UMass Amherst,co2,0.016369520000000002
2016-01-10 05:00:00,5,Mouse_lodging_Vicente,Recreation Center,recreation,UMass Amherst,co2,0.016369520000000002
2016-01-10 06:00:00,5,Mouse_lodging_Vicente,Recreation Center,recreation,UMass Amherst,co2,0.016369520000000002
2016-01-10 07:00:00,5,Mouse_lodging_Vicente,Recreation Center,recreation,UMass Amherst,co2,0.016369520000000002
2016-01-10 08:00:00,5,Mouse_lodging_Vicente,Recreation Center,recreation,UMass Amherst,co2,0.016369520000000002
2016-01-10 09:00:00,5,Mouse_lodging_Vicente,Recreation Center,recreation,UMass Amherst,co2,0.016369520000000002
2016-01-10 10:00:00,5,Mouse_lodging_Vicente,Recreation Center,recreation,UMass Amherst,co2,0.016369520000000002
2016-01-10 11:00:00,5,Mouse_lodging_Vicente,Recreation Center,recreation,UMass Amherst,co2,0.016369520000000002
2016-01-10 12:00:00,5,Mouse_lodging_Vicente,Recreation Center,recreation,UMass Amherst,co2,0.016369520000000002
2016-01-10 13:00:00,5,Mouse_lodging_Vicente,Recreation Center,recreation,UMass Amherst,co2,0.016369520000000002
2016-01-10 14:00:00,5,Mouse_lodging_Vicente,Recreation Center,recreation,UMass Amherst,co2,0.016369520000000002
2016-01-10 15:00:00,5,Mouse_lodging_Vicente,Recreation Center,recreation,UMass Amherst,co2,0.016369520000000002
2016-01-10 16:00:00,5,Mouse_lodging_Vicente,Recreation Center,recreation,UMass Amherst,co2,0.016369520000000002
2016-01-10 17:00:00,5,Mouse_lodging_Vicente,Recreation Center,recreation,UMass Amherst,co2,0.016369520000000002
2016-01-10 18:00:00,5,Mouse_lodging_Vicente,Recreation Center,recreation,UMass Amherst,co2,0.016369520000000002
2016-01-10 19:00:00,5,Mouse_lodging_Vicente,Recreation Center,recreation,UMass Amherst,co2,0.016369520000000002
2016-01-10 20:00:00,5,Mouse_lodging_Vicente,Recreation Center,recreation,UMass Amherst,co2,0.016369520000000002
2016-01-10 21:00:00,5,Mouse_lodging_Vicente,Recreation Center,recreation,UMass Amherst,co2,0.016369520000000002
2016-01-10 22:00:00,5,Mouse_lodging_Vicente,Recreation Center,recreation,UMass Amherst,co2,0.016369520000000002
2016-01-10 23:00:00,5,Mouse_lodging_Vicente,Recreation Center,recreation,UMass Amherst,co2,0.016369520000000002
2016-01-11 00:00:00,5,Mouse_lodging_Vicente,Recreation Center,recreation,UMass Amherst,co2,0.016369520000000002
2016-01-11 01:00:00,5,Mouse_lodging_Vicente,Recreation Center,recreation,UMass Amherst,co2,0.016369520000000002
2016-01-11 02:00:00,5,Mouse_lodging_Vicente,Recreation Center,recreation,UMass Amherst,co2,0.016369520000000002
2016-01-11 03:00:00,5,Mouse_lodging_Vicente,Recreation Center,recreation,UMass Amherst,co2,0.016369520000000002
2016-01-11 04:00:00,5,Mouse_lodging_Vicente,Recreation Center,recreation,UMass Amherst,co2,0.016369520000000002
2016-01-11 05:00:00,5,Mouse_lodging_Vicente,Recreation Center,recreation,UMass Amherst,co2,0.016369520000000002
2016-01-11 06:00:00,5,Mouse_lodging_Vicente,Recreation Center,recreation,UMass Amherst,co2,0.016369520000000002
2016-01-11 07:00:00,5,Mouse_lodging_Vicente,Recreation Center,recreation,UMass Amherst,co2,0.016369520000000002
2016-01-11 08:00:00,5,Mouse_lodging_Vicente,Recreation Center,recreation,UMass Amherst,co2,0.016369520000000002
2016-01-11 09:00:00,5,Mouse_lodging_Vicente,Recreation Center,recreation,UMass Amherst,co2,0.016369520000000002
2016-01-11 10:00:00,5,Mouse_lodging_Vicente,Recreation Center,recreation,UMass Amherst,co2,0.016369520000000002
2016-01-11 11:00:00,5,Mouse_lodging_Vicente,Recreation Center,recreation,UMass Amherst,co2,0.016369520000000002
2016-01-11 12:00:00,5,Mouse_lodging_Vicente,Recreation Center,recreation,UMass Amherst,co2,0.016369520000000002
2016-01-11 13:00:00,5,Mouse_lodging_Vicente,Recreation Center,recreation,UMass Amherst,co2,0.016369520000000002
2016-01-11 14:00:00,5,Mouse_lodging_Vicente,Recreation Center,recreation,UMass Amherst,co2,0.016369520000000002
2016-01-11 15:00:00,5,Mouse_lodging_Vicente,Recreation Center,recreation,UMass Amherst,co2,0.016369520000000002
2016-01-11 16:00:00,5,Mouse_lodging_Vicente,Recreation Center,recreation,UMass Amherst,co2,0.016369520000000002
2016-01-11 17:00:00,5,Mouse_lodging_Vicente,Recreation Center,recreation,UMass Amherst,co2,0.016369520000000002
2016-01-11 18:00:00,5,Mouse_lodging_Vicente,Recreation Center,recreation,UMass Amherst,co2,0.016369520000000002
2016-01-11 19:00:00,5,Mouse_lodging_Vicente,Recreation Center,recreation,UMass Amherst,co2,0.016369520000000002
2016-01-11 20:00:00,5,Mouse_lodging_Vicente,Recreation Center,recreation,UMass Amherst,co2,0.016369520000000002
2016-01-11 21:00:00,5,Mouse_lodging_Vicente,Recreation Center,recreation,UMass Amherst,co2,0.016369520000000002
2016-01-11 22:00:00,5,Mouse_lodging_Vicente,Recreation Center,recreation,UMass Amherst,co2,0.016369520000000002
2016-01-11 23:00:00,5,Mouse_lodging_Vicente,Recreation Center,recreation,UMass Amherst,co2,0.016369520000000002
2016-01-12 00:00:00,5,Mouse_lodging_Vicente,Recreation Center,recreation,UMass Amherst,co2,0.016369520000000002
2016-01-12 01:00:00,5,Mouse_lodging_Vicente,Recreation Center,recreation,UMass Amherst,co2,0.016369520000000002
2016-01-12 02:00:00,5,Mouse_lodging_Vicente,Recreation Center,recreation,UMass Amherst,co2,0.016369520000000002
2016-01-12 03:00:00,5,Mouse_lodging_Vicente,Recreation Center,recreation,UMass Amherst,co2,0.016369520000000002
2016-01-12 04:00:00,5,Mouse_lodging_Vicente,Recreation Center,recreation,UMass Amherst,co2,0.016369520000000002
2016-01-12 05:00:00,5,Mouse_lodging_Vicente,Recreation Center,recreation,UMass Amherst,co2,0.016369520000000002
2016-01-12 06:00:00,5,Mouse_lodging_Vicente,Recreation Center,recreation,UMass Amherst,co2,0.016369520000000002
2016-01-12 07:00:00,5,Mouse_lodging_Vicente,Recreation Center,recreation,UMass Amherst,co2,0.016369520000000002
2016-01-12 08:00:00,5,Mouse_lodging_Vicente,Recreation Center,recreation,UMass Amherst,co2,0.016369520000000002
2016-01-12 09:00:00,5,Mouse_lodging_Vicente,Recreation Center,recreation,UMass Amherst,co2,0.016369520000000002
2016-01-12 10:00:00,5,Mouse_lodging_Vicente,Recreation Center,recreation,UMass Amherst,co2,0.016369520000000002
2016-01-12 11:00:00,5,Mouse_lodging_Vicente,Recreation Center,recreation,UMass Amherst,co2,0.016369520000000002
2016-01-12 12:00:00,5,Mouse_lodging_Vicente,Recreation Center,recreation,UMass Amherst,co2,0.016369520000000002
2016-01-12 13:00:00,5,Mouse_lodging_Vicente,Recreation Center,recreation,UMass Amherst,co2,0.016369520000000002
2016-01-12 14:00:00,5,Mouse_lodging_Vicente,Recreation Center,recreation,UMass Amherst,co2,0.016369520000000002
2016-01-12 15:00:00,5,Mouse_lodging_Vicente,Recreation Center,recreation,UMass Amherst,co2,0.016369520000000002
2016-01-12 16:00:00,5,Mouse_lodging_Vicente,Recreation Center,recreation,UMass Amherst,co2,0.016369520000000002
2016-01-12 17:00:00,5,Mouse_lodging_Vicente,Recreation Center,recreation,UMass Amherst,co2,0.016369520000000002
2016-01-12 18:00:00,5,Mouse_lodging_Vicente,Recreation Center,recreation,UMass Amherst,co2,0.016369520000000002
2016-01-12 19:00:00,5,Mouse_lodging_Vicente,Recreation Center,recreation,UMass Amherst,co2,0.016369520000000002
2016-01-12 20:00:00,5,Mouse_lodging_Vicente,Recreation Center,recreation,UMass Amherst,co2,0.016369520000000002
2016-01-12 21:00:00,5,Mouse_lodging_Vicente,Recreation Center,recreation,UMass Amherst,co2,0.016369520000000002
2016-01-12 22:00:00,5,Mouse_lodging_Vicente,Recreation Center,recreation,UMass Amherst,co2,0.016369520000000002
2016-01-12 23:00:00,5,Mouse_lodging_Vicente,Recreation Center,recreation,UMass Amherst,co2,0.016369520000000002
2016-01-13 00:00:00,5,Mouse_lodging_Vicente,Recreation Center,recreation,UMass Amherst,co2,0.016369520000000002
2016-01-13 01:00:00,5,Mouse_lodging_Vicente,Recreation Center,recreation,UMass Amherst,co2,0.016369520000000002
2016-01-13 02:00:00,5,Mouse_lodging_Vicente,Recreation Center,recreation,UMass Amherst,co2,0.016369520000000002
2016-01-13 03:00:00,5,Mouse_lodging_Vicente,Recreation Center,recreation,UMass Amherst,co2,0.016369520000000002
2016-01-13 04:00:00,5,Mouse_lodging_Vicente,Recreation Center,recreation,UMass Amherst,co2,0.016369520000000002
2016-01-13 05:00:00,5,Mouse_lodging_Vicente,Recreation Center,recreation,UMass Amherst,co2,0.016369520000000002
2016-01-13 06:00:00,5,Mouse_lodging_Vicente,Recreation Center,recreation,UMass Amherst,co2,0.016369520000000002
2016-01-13 07:00:00,5,Mouse_lodging_Vicente,Recreation Center,recreation,UMass Amherst,co2,0.016369520000000002
2016-01-13 08:00:00,5,Mouse_lodging_Vicente,Recreation Center,recreation,UMass Amherst,co2,0.016369520000000002
2016-01-13 09:00:00,5,Mouse_lodging_Vicente,Recreation Center,recreation,UMass Amherst,co2,0.016369520000000002
2016-01-13 10:00:00,5,Mouse_lodging_Vicente,Recreation Center,recreation,UMass Amherst,co2,0.016369520000000002
2016-01-13 11:00:00,5,Mouse_lodging_Vicente,Recreation Center,recreation,UMass Amherst,co2,0.016369520000000002
2016-01-13 12:00:00,5,Mouse_lodging_Vicente,Recreation Center,recreation,UMass Amherst,co2,0.016369520000000002
2016-01-13 13:00:00,5,Mouse_lodging_Vicente,Recreation Center,recreation,UMass Amherst,co2,0.016369520000000002
2016-01-13 14:00:00,5,Mouse_lodging_Vicente,Recreation Center,recreation,UMass Amherst,co2,0.016369520000000002
2016-01-13 15:00:00,5,Mouse_lodging_Vicente,Recreation Center,recreation,UMass Amherst,co2,0.016369520000000002
2016-01-13 16:00:00,5,Mouse_lodging_Vicente,Recreation Center,recreation,UMass Amherst,co2,0.016369520000000002
2016-01-13 17:00:00,5,Mouse_lodging_Vicente,Recreation Center,recreation,UMass Amherst,co2,0.016369520000000002
2016-01-13 18:00:00,5,Mouse_lodging_Vicente,Recreation Center,recreation,UMass Amherst,co2,0.016369520000000002
2016-01-13 19:00:00,5,Mouse_lodging_Vicente,Recreation Center,recreation,UMass Amherst,co2,0.016369520000000002
2016-01-13 20:00:00,5,Mouse_lodging_Vicente,Recreation Center,recreation,UMass Amherst,co2,0.016369520000000002
2016-01-13 21:00:00,5,Mouse_lodging_Vicente,Recreation Center,recreation,UMass Amherst,co2,0.016369520000000002
2016-01-13 22:00:00,5,Mouse_lodging_Vicente,Recreation Center,recreation,UMass Amherst,co2,0.016369520000000002
2016-01-13 23:00:00,5,Mouse_lodging_Vicente,Recreation Center,recreation,UMass Amherst,co2,0.016369520000000002
2016-01-14 00:00:00,5,Mouse_lodging_Vicente,Recreation Center,recreation,UMass Amherst,co2,0.016369520000000002
2016-01-14 01:00:00,5,Mouse_lodging_Vicente,Recreation Center,recreation,UMass Amherst,co2,0.016369520000000002
2016-01-14 02:00:00,5,Mouse_lodging_Vicente,Recreation Center,recreation,UMass Amherst,co2,0.016369520000000002
2016-01-14 03:00:00,5,Mouse_lodging_Vicente,Recreation Center,recreation,UMass Amherst,co2,0.016369520000000002
2016-01-14 04:00:00,5,Mouse_lodging_Vicente,Recreation Center,recreation,UMass Amherst,co2,0.016369520000000002
2016-01-14 05:00:00,5,Mouse_lodging_Vicente,Recreation Center,recreation,UMass Amherst,co2,0.016369520000000002
2016-01-14 06:00:00,5,Mouse_lodging_Vicente,Recreation Center,recreation,UMass Amherst,co2,0.016369520000000002
2016-01-14 07:00:00,5,Mouse_lodging_Vicente,Recreation Center,recreation,UMass Amherst,co2,0.016369520000000002
2016-01-14 08:00:00,5,Mouse_lodging_Vicente,Recreation Center,recreation,UMass Amherst,co2,0.016369520000000002
2016-01-14 09:00:00,5,Mouse_lodging_Vicente,Recreation Center,recreation,UMass Amherst,co2,0.016369520000000002
2016-01-14 10:00:00,5,Mouse_lodging_Vicente,Recreation Center,recreation,UMass Amherst,co2,0.016369520000000002
2016-01-14 11:00:00,5,Mouse_lodging_Vicente,Recreation Center,recreation,UMass Amherst,co2,0.016369520000000002
2016-01-14 12:00:00,5,Mouse_lodging_Vicente,Recreation Center,recreation,UMass Amherst,co2,0.016369520000000002
2016-01-14 13:00:00,5,Mouse_lodging_Vicente,Recreation Center,recreation,UMass Amherst,co2,0.016369520000000002
2016-01-14 14:00:00,5,Mouse_lodging_Vicente,Recreation Center,recreation,UMass Amherst,co2,0.016369520000000002
2016-01-14 15:00:00,5,Mouse_lodging_Vicente,Recreation Center,recreation,UMass Amherst,co2,0.016369520000000002
2016-01-14 16:00:00,5,Mouse_lodging_Vicente,Recreation Center,recreation,UMass Amherst,co2,0.016369520000000002
2016-01-14 17:00:00,5,Mouse_lodging_Vicente,Recreation Center,recreation,UMass Amherst,co2,0.016369520000000002
2016-01-14 18:00:00,5,Mouse_lodging_Vicente,Recreation Center,recreation,UMass Amherst,co2,0.016369520000000002
2016-01-14 19:00:00,5,Mouse_lodging_Vicente,Recreation Center,recreation,UMass Amherst,co2,0.016369520000000002
2016-01-14 20:00:00,5,Mouse_lodging_Vicente,Recreation Center,recreation,UMass Amherst,co2,0.016369520000000002
2016-01-14 21:00:00,5,Mouse_lodging_Vicente,Recreation Center,recreation,UMass Amherst,co2,0.016369520000000002
2016-01-14 22:00:00,5,Mouse_lodging_Vicente,Recreation Center,recreation,UMass Amherst,co2,0.016369520000000002
2016-01-14 23:00:00,5,Mouse_lodging_Vicente,Recreation Center,recreation,UMass Amherst,co2,0.016369520000000002
2016-01-15 00:00:00,5,Mouse_lodging_Vicente,Recreation Center,recreation,UMass Amherst,co2,0.012184760000000001
2016-01-15 01:00:00,5,Mouse_lodging_Vicente,Recreation Center,recreation,UMass Amherst,co2,0.012184760000000001
2016-01-15 02:00:00,5,Mouse_lodging_Vicente,Recreation Center,recreation,UMass Amherst,co2,0.012
2016-01-15 03:00:00,5,Mouse_lodging_Vicente,Recreation Center,recreation,UMass Amherst,co2,0.012
2016-01-15 04:00:00,5,Mouse_lodging_Vicente,Recreation Center,recreation,UMass Amherst,co2,0.012
2016-01-15 05:00:00,5,Mouse_lodging_Vicente,Recreation Center,recreation,UMass Amherst,co2,0.012
2016-01-15 06:00:00,5,Mouse_lodging_Vicente,Recreation Center,recreation,UMass Amherst,co2,0.012
2016-01-15 07:00:00,5,Mouse_lodging_Vicente,Recreation Center,recreation,UMass Amherst,co2,0.016
2016-01-15 08:00:00,5,Mouse_lodging_Vicente,Recreation Center,recreation,UMass Amherst,co2,0.016
2016-01-15 09:00:00,5,Mouse_lodging_Vicente,Recreation Center,recreation,UMass Amherst,co2,0.02
2016-01-15 10:00:00,5,Mouse_lodging_Vicente,Recreation Center,recreation,UMass Amherst,co2,0.02
2016-01-15 11:00:00,5,Mouse_lodging_Vicente,Recreation Center,recreation,UMass Amherst,co2,0.02
2016-01-15 12:00:00,5,Mouse_lodging_Vicente,Recreation Center,recreation,UMass Amherst,co2,0.02
2016-01-15 13:00:00,5,Mouse_lodging_Vicente,Recreation Center,recreation,UMass Amherst,co2,0.02
2016-01-15 14:00:00,5,Mouse_lodging_Vicente,Recreation Center,recreation,UMass Amherst,co2,0.02
2016-01-15 15:00:00,5,Mouse_lodging_Vicente,Recreation Center,recreation,UMass Amherst,co2,0.02
2016-01-15 16:00:00,5,Mouse_lodging_Vicente,Recreation Center,recreation,UMass Amherst,co2,0.02
2016-01-15 17:00:00,5,Mouse_lodging_Vicente,Recreation Center,recreation,UMass Amherst,co2,0.02
2016-01-15 18:00:00,5,Mouse_lodging_Vicente,Recreation Center,recreation,UMass Amherst,co2,0.016
2016-01-15 19:00:00,5,Mouse_lodging_Vicente,Recreation Center,recreation,UMass Amherst,co2,0.016
2016-01-15 20:00:00,5,Mouse_lodging_Vicente,Recreation Center,recreation,UMass Amherst,co2,0.02
2016-01-15 21:00:00,5,Mouse_lodging_Vicente,Recreation Center,recreation,UMass Amherst,co2,0.016
2016-01-15 22:00:00,5,Mouse_lodging_Vicente,Recreation Center,recreation,UMass Amherst,co2,0.016
2016-01-15 23:00:00,5,Mouse_lodging_Vicente,Recreation Center,recreation,UMass Amherst,co2,0.016
2016-01-16 00:00:00,5,Mouse_lodging_Vicente,Recreation Center,recreation,UMass Amherst,co2,0.012
2016-01-16 01:00:00,5,Mouse_lodging_Vicente,Recreation Center,recreation,UMass Amherst,co2,0.012
2016-01-16 02:00:00,5,Mouse_lodging_Vicente,Recreation Center,recreation,UMass Amherst,co2,0.012
2016-01-16 03:00:00,5,Mouse_lodging_Vicente,Recreation Center,recreation,UMass Amherst,co2,0.016
2016-01-16 04:00:00,5,Mouse_lodging_Vicente,Recreation Center,recreation,UMass Amherst,co2,0.012
2016-01-16 05:00:00,5,Mouse_lodging_Vicente,Recreation Center,recreation,UMass Amherst,co2,0.012
2016-01-16 06:00:00,5,Mouse_lodging_Vicente,Recreation Center,recreation,UMass Amherst,co2,0.012
2016-01-16 07:00:00,5,Mouse_lodging_Vicente,Recreation Center,recreation,UMass Amherst,co2,0.016
2016-01-16 08:00:00,5,Mouse_lodging_Vicente,Recreation Center,recreation,UMass Amherst,co2,0.012
2016-01-16 09:00:00,5,Mouse_lodging_Vicente,Recreation Center,recreation,UMass Amherst,co2,0.016
2016-01-16 10:00:00,5,Mouse_lodging_Vicente,Recreation Center,recreation,UMass Amherst,co2,0.016
2016-01-16 11:00:00,5,Mouse_lodging_Vicente,Recreation Center,recreation,UMass Amherst,co2,0.02
2016-01-16 12:00:00,5,Mouse_lodging_Vicente,Recreation Center,recreation,UMass Amherst,co2,0.016
2016-01-16 13:00:00,5,Mouse_lodging_Vicente,Recreation Center,recreation,UMass Amherst,co2,0.016
2016-01-16 14:00:00,5,Mouse_lodging_Vicente,Recreation Center,recreation,UMass Amherst,co2,0.016
2016-01-16 15:00:00,5,Mouse_lodging_Vicente,Recreation Center,recreation,UMass Amherst,co2,0.016
2016-01-16 16:00:00,5,Mouse_lodging_Vicente,Recreation Center,recreation,UMass Amherst,co2,0.016
2016-01-16 17:00:00,5,Mouse_lodging_Vicente,Recreation Center,recreation,UMass Amherst,co2,0.016
2016-01-16 18:00:00,5,Mouse_lodging_Vicente,Recreation Center,recreation,UMass Amherst,co2,0.012
2016-01-16 19:00:00,5,Mouse_lodging_Vicente,Recreation Center,recreation,UMass Amherst,co2,0.016
2016-01-16 20:00:00,5,Mouse_lodging_Vicente,Recreation Center,recreation,UMass Amherst,co2,0.016
2016-01-16 21:00:00,5,Mouse_lodging_Vicente,Recreation Center,recreation,UMass Amherst,co2,0.016
2016-01-16 22:00:00,5,Mouse_lodging_Vicente,Recreation Center,recreation,UMass Amherst,co2,0.016
2016-01-16 23:00:00,5,Mouse_lodging_Vicente,Recreation Center,recreation,UMass Amherst,co2,0.016
2016-01-17 00:00:00,5,Mouse_lodging_Vicente,Recreation Center,recreation,UMass Amherst,co2,0.016
2016-01-17 01:00:00,5,Mouse_lodging_Vicente,Recreation Center,recreation,UMass Amherst,co2,0.012
2016-01-17 02:00:00,5,Mouse_lodging_Vicente,Recreation Center,recreation,UMass Amherst,co2,0.012
2016-01-17 03:00:00,5,Mouse_lodging_Vicente,Recreation Center,recreation,UMass Amherst,co2,0.012
2016-01-17 04:00:00,5,Mouse_lodging_Vicente,Recreation Center,recreation,UMass Amherst,co2,0.012
2016-01-17 05:00:00,5,Mouse_lodging_Vicente,Recreation Center,recreation,UMass Amherst,co2,0.012
2016-01-17 06:00:00,5,Mouse_lodging_Vicente,Recreation Center,recreation,UMass Amherst,co2,0.012
2016-01-17 07:00:00,5,Mouse_lodging_Vicente,Recreation Center,recreation,UMass Amherst,co2,0.012
2016-01-17 08:00:00,5,Mouse_lodging_Vicente,Recreation Center,recreation,UMass Amherst,co2,0.016
2016-01-17 09:00:00,5,Mouse_lodging_Vicente,Recreation Center,recreation,UMass Amherst,co2,0.016
2016-01-17 10:00:00,5,Mouse_lodging_Vicente,Recreation Center,recreation,UMass Amherst,co2,0.016
2016-01-17 11:00:00,5,Mouse_lodging_Vicente,Recreation Center,recreation,UMass Amherst,co2,0.016
2016-01-17 12:00:00,5,Mouse_lodging_Vicente,Recreation Center,recreation,UMass Amherst,co2,0.016
2016-01-17 13:00:00,5,Mouse_lodging_Vicente,Recreation Center,recreation,UMass Amherst,co2,0.016
2016-01-17 14:00:00,5,Mouse_lodging_Vicente,Recreation Center,recreation,UMass Amherst,co2,0.016
2016-01-17 15:00:00,5,Mouse_lodging_Vicente,Recreation Center,recreation,UMass Amherst,co2,0.016
2016-01-17 16:00:00,5,Mouse_lodging_Vicente,Recreation Center,recreation,UMass Amherst,co2,0.016
2016-01-17 17:00:00,5,Mouse_lodging_Vicente,Recreation Center,recreation,UMass Amherst,co2,0.02
2016-01-17 18:00:00,5,Mouse_lodging_Vicente,Recreation Center,recreation,UMass Amherst,co2,0.016
2016-01-17 19:00:00,5,Mouse_lodging_Vicente,Recreation Center,recreation,UMass Amherst,co2,0.02
2016-01-17 20:00:00,5,Mouse_lodging_Vicente,Recreation Center,recreation,UMass Amherst,co2,0.02
2016-01-17 21:00:00,5,Mouse_lodging_Vicente,Recreation Center,recreation,UMass Amherst,co2,0.016
2016-01-17 22:00:00,5,Mouse_lodging_Vicente,Recreation Center,recreation,UMass Amherst,co2,0.016
2016-01-17 23:00:00,5,Mouse_lodging_Vicente,Recreation Center,recreation,UMass Amherst,co2,0.016
2016-01-18 00:00:00,5,Mouse_lodging_Vicente,Recreation Center,recreation,UMass Amherst,co2,0.012
2016-01-18 01:00:00,5,Mouse_lodging_Vicente,Recreation Center,recreation,UMass Amherst,co2,0.016
2016-01-18 02:00:00,5,Mouse_lodging_Vicente,Recreation Center,recreation,UMass Amherst,co2,0.012
2016-01-18 03:00:00,5,Mouse_lodging_Vicente,Recreation Center,recreation,UMass Amherst,co2,0.012
2016-01-18 04:00:00,5,Mouse_lodging_Vicente,Recreation Center,recreation,UMass Amherst,co2,0.012
2016-01-18 05:00:00,5,Mouse_lodging_Vicente,Recreation Center,recreation,UMass Amherst,co2,0.012
2016-01-18 06:00:00,5,Mouse_lodging_Vicente,Recreation Center,recreation,UMass Amherst,co2,0.012
2016-01-18 07:00:00,5,Mouse_lodging_Vicente,Recreation Center,recreation,UMass Amherst,co2,0.016
2016-01-18 08:00:00,5,Mouse_lodging_Vicente,Recreation Center,recreation,UMass Amherst,co2,0.016
2016-01-18 09:00:00,5,Mouse_lodging_Vicente,Recreation Center,recreation,UMass Amherst,co2,0.02
2016-01-18 10:00:00,5,Mouse_lodging_Vicente,Recreation Center,recreation,UMass Amherst,co2,0.02
2016-01-18 11:00:00,5,Mouse_lodging_Vicente,Recreation Center,recreation,UMass Amherst,co2,0.02
2016-01-18 12:00:00,5,Mouse_lodging_Vicente,Recreation Center,recreation,UMass Amherst,co2,0.024
2016-01-18 13:00:00,5,Mouse_lodging_Vicente,Recreation Center,recreation,UMass Amherst,co2,0.024
2016-01-18 14:00:00,5,Mouse_lodging_Vicente,Recreation Center,recreation,UMass Amherst,co2,0.024
2016-01-18 15:00:00,5,Mouse_lodging_Vicente,Recreation Center,recreation,UMass Amherst,co2,0.024
2016-01-18 16:00:00,5,Mouse_lodging_Vicente,Recreation Center,recreation,UMass Amherst,co2,0.024
2016-01-18 17:00:00,5,Mouse_lodging_Vicente,Recreation Center,recreation,UMass Amherst,co2,0.02
2016-01-18 18:00:00,5,Mouse_lodging_Vicente,Recreation Center,recreation,UMass Amherst,co2,0.024
2016-01-18 19:00:00,5,Mouse_lodging_Vicente,Recreation Center,recreation,UMass Amherst,co2,0.024
2016-01-18 20:00:00,5,Mouse_lodging_Vicente,Recreation Center,recreation,UMass Amherst,co2,0.024
2016-01-18 21:00:00,5,Mouse_lodging_Vicente,Recreation Center,recreation,UMass Amherst,co2,0.02
2016-01-18 22:00:00,5,Mouse_lodging_Vicente,Recreation Center,recreation,UMass Amherst,co2,0.02
2016-01-18 23:00:00,5,Mouse_lodging_Vicente,Recreation Center,recreation,UMass Amherst,co2,0.02
2016-01-19 00:00:00,5,Mouse_lodging_Vicente,Recreation Center,recreation,UMass Amherst,co2,0.016
2016-01-19 01:00:00,5,Mouse_lodging_Vicente,Recreation Center,recreation,UMass Amherst,co2,0.02
2016-01-19 02:00:00,5,Mouse_lodging_Vicente,Recreation Center,recreation,UMass Amherst,co2,0.016
2016-01-19 03:00:00,5,Mouse_lodging_Vicente,Recreation Center,recreation,UMass Amherst,co2,0.016
2016-01-19 04:00:00,5,Mouse_lodging_Vicente,Recreation Center,recreation,UMass Amherst,co2,0.02
2016-01-19 05:00:00,5,Mouse_lodging_Vicente,Recreation Center,recreation,UMass Amherst,co2,0.016
2016-01-19 06:00:00,5,Mouse_lodging_Vicente,Recreation Center,recreation,UMass Amherst,co2,0.02
2016-01-19 07:00:00,5,Mouse_lodging_Vicente,Recreation Center,recreation,UMass Amherst,co2,0.02
2016-01-19 08:00:00,5,Mouse_lodging_Vicente,Recreation Center,recreation,UMass Amherst,co2,0.02
2016-01-19 09:00:00,5,Mouse_lodging_Vicente,Recreation Center,recreation,UMass Amherst,co2,0.024
2016-01-19 10:00:00,5,Mouse_lodging_Vicente,Recreation Center,recreation,UMass Amherst,co2,0.024
2016-01-19 11:00:00,5,Mouse_lodging_Vicente,Recreation Center,recreation,UMass Amherst,co2,0.024
2016-01-19 12:00:00,5,Mouse_lodging_Vicente,Recreation Center,recreation,UMass Amherst,co2,0.024
2016-01-19 13:00:00,5,Mouse_lodging_Vicente,Recreation Center,recreation,UMass Amherst,co2,0.024
2016-01-19 14:00:00,5,Mouse_lodging_Vicente,Recreation Center,recreation,UMass Amherst,co2,0.024
2016-01-19 15:00:00,5,Mouse_lodging_Vicente,Recreation Center,recreation,UMass Amherst,co2,0.024
2016-01-19 16:00:00,5,Mouse_lodging_Vicente,Recreation Center,recreation,UMass Amherst,co2,0.024
2016-01-19 17:00:00,5,Mouse_lodging_Vicente,Recreation Center,recreation,UMass Amherst,co2,0.024
2016-01-19 18:00:00,5,Mouse_lodging_Vicente,Recreation Center,recreation,UMass Amherst,co2,0.024
2016-01-19 19:00:00,5,Mouse_lodging_Vicente,Recreation Center,recreation,UMass Amherst,co2,0.024
2016-01-19 20:00:00,5,Mouse_lodging_Vicente,Recreation Center,recreation,UMass Amherst,co2,0.024
2016-01-19 21:00:00,5,Mouse_lodging_Vicente,Recreation Center,recreation,UMass Amherst,co2,0.024
2016-01-19 22:00:00,5,Mouse_lodging_Vicente,Recreation Center,recreation,UMass Amherst,co2,0.024
2016-01-19 23:00:00,5,Mouse_lodging_Vicente,Recreation Center,recreation,UMass Amherst,co2,0.02
2016-01-20 00:00:00,5,Mouse_lodging_Vicente,Recreation Center,recreation,UMass Amherst,co2,0.016
2016-01-20 01:00:00,5,Mouse_lodging_Vicente,Recreation Center,recreation,UMass Amherst,co2,0.02
2016-01-20 02:00:00,5,Mouse_lodging_Vicente,Recreation Center,recreation,UMass Amherst,co2,0.02
2016-01-20 03:00:00,5,Mouse_lodging_Vicente,Recreation Center,recreation,UMass Amherst,co2,0.016
2016-01-20 04:00:00,5,Mouse_lodging_Vicente,Recreation Center,recreation,UMass Amherst,co2,0.016
2016-01-20 05:00:00,5,Mouse_lodging_Vicente,Recreation Center,recreation,UMass Amherst,co2,0.02
2016-01-20 06:00:00,5,Mouse_lodging_Vicente,Recreation Center,recreation,UMass Amherst,co2,0.016
2016-01-20 07:00:00,5,Mouse_lodging_Vicente,Recreation Center,recreation,UMass Amherst,co2,0.024
2016-01-20 08:00:00,5,Mouse_lodging_Vicente,Recreation Center,recreation,UMass Amherst,co2,0.02
2016-01-20 09:00:00,5,Mouse_lodging_Vicente,Recreation Center,recreation,UMass Amherst,co2,0.028
2016-01-20 10:00:00,5,Mouse_lodging_Vicente,Recreation Center,recreation,UMass Amherst,co2,0.024
2016-01-20 11:00:00,5,Mouse_lodging_Vicente,Recreation Center,recreation,UMass Amherst,co2,0.028
2016-01-20 12:00:00,5,Mouse_lodging_Vicente,Recreation Center,recreation,UMass Amherst,co2,0.024
2016-01-20 13:00:00,5,Mouse_lodging_Vicente,Recreation Center,recreation,UMass Amherst,co2,0.02
2016-01-20 14:00:00,5,Mouse_lodging_Vicente,Recreation Center,recreation,UMass Amherst,co2,0.024
2016-01-20 15:00:00,5,Mouse_lodging_Vicente,Recreation Center,recreation,UMass Amherst,co2,0.024
2016-01-20 16:00:00,5,Mouse_lodging_Vicente,Recreation Center,recreation,UMass Amherst,co2,0.024
2016-01-20 17:00:00,5,Mouse_lodging_Vicente,Recreation Center,recreation,UMass Amherst,co2,0.024
2016-01-20 18:00:00,5,Mouse_lodging_Vicente,Recreation Center,recreation,UMass Amherst,co2,0.024
2016-01-20 19:00:00,5,Mouse_lodging_Vicente,Recreation Center,recreation,UMass Amherst,co2,0.024
2016-01-20 20:00:00,5,Mouse_lodging_Vicente,Recreation Center,recreation,UMass Amherst,co2,0.024
2016-01-20 21:00:00,5,Mouse_lodging_Vicente,Recreation Center,recreation,UMass Amherst,co2,0.024
2016-01-20 22:00:00,5,Mouse_lodging_Vicente,Recreation Center,recreation,UMass Amherst,co2,0.02
2016-01-20 23:00:00,5,Mouse_lodging_Vicente,Recreation Center,recreation,UMass Amherst,co2,0.02
2016-01-21 00:00:00,5,Mouse_lodging_Vicente,Recreation Center,recreation,UMass Amherst,co2,0.016
2016-01-21 01:00:00,5,Mouse_lodging_Vicente,Recreation Center,recreation,UMass Amherst,co2,0.016
2016-01-21 02:00:00,5,Mouse_lodging_Vicente,Recreation Center,recreation,UMass Amherst,co2,0.016
2016-01-21 03:00:00,5,Mouse_lodging_Vicente,Recreation Center,recreation,UMass Amherst,co2,0.016
2016-01-21 04:00:00,5,Mouse_lodging_Vicente,Recreation Center,recreation,UMass Amherst,co2,0.016
2016-01-21 05:00:00,5,Mouse_lodging_Vicente,Recreation Center,recreation,UMass Amherst,co2,0.016
2016-01-21 06:00:00,5,Mouse_lodging_Vicente,Recreation Center,recreation,UMass Amherst,co2,0.016
2016-01-21 07:00:00,5,Mouse_lodging_Vicente,Recreation Center,recreation,UMass Amherst,co2,0.02
2016-01-21 08:00:00,5,Mouse_lodging_Vicente,Recreation Center,recreation,UMass Amherst,co2,0.02
2016-01-21 09:00:00,5,Mouse_lodging_Vicente,Recreation Center,recreation,UMass Amherst,co2,0.024
2016-01-21 10:00:00,5,Mouse_lodging_Vicente,Recreation Center,recreation,UMass Amherst,co2,0.02
2016-01-21 11:00:00,5,Mouse_lodging_Vicente,Recreation Center,recreation,UMass Amherst,co2,0.024
2016-01-21 12:00:00,5,Mouse_lodging_Vicente,Recreation Center,recreation,UMass Amherst,co2,0.024
2016-01-21 13:00:00,5,Mouse_lodging_Vicente,Recreation Center,recreation,UMass Amherst,co2,0.024
2016-01-21 14:00:00,5,Mouse_lodging_Vicente,Recreation Center,recreation,UMass Amherst,co2,0.024
2016-01-21 15:00:00,5,Mouse_lodging_Vicente,Recreation Center,recreation,UMass Amherst,co2,0.024
2016-01-21 16:00:00,5,Mouse_lodging_Vicente,Recreation Center,recreation,UMass Amherst,co2,0.02
2016-01-21 17:00:00,5,Mouse_lodging_Vicente,Recreation Center,recreation,UMass Amherst,co2,0.024
2016-01-21 18:00:00,5,Mouse_lodging_Vicente,Recreation Center,recreation,UMass Amherst,co2,0.024
2016-01-21 19:00:00,5,Mouse_lodging_Vicente,Recreation Center,recreation,UMass Amherst,co2,0.024
2016-01-21 20:00:00,5,Mouse_lodging_Vicente,Recreation Center,recreation,UMass Amherst,co2,0.024
2016-01-21 21:00:00,5,Mouse_lodging_Vicente,Recreation Center,recreation,UMass Amherst,co2,0.024
2016-01-21 22:00:00,5,Mouse_lodging_Vicente,Recreation Center,recreation,UMass Amherst,co2,0.02
2016-01-21 23:00:00,5,Mouse_lodging_Vicente,Recreation Center,recreation,UMass Amherst,co2,0.02
2016-01-22 00:00:00,5,Mouse_lodging_Vicente,Recreation Center,recreation,UMass Amherst,co2,0.016
2016-01-22 01:00:00,5,Mouse_lodging_Vicente,Recreation Center,recreation,UMass Amherst,co2,0.016
2016-01-22 02:00:00,5,Mouse_lodging_Vicente,Recreation Center,recreation,UMass Amherst,co2,0.02
2016-01-22 03:00:00,5,Mouse_lodging_Vicente,Recreation Center,recreation,UMass Amherst,co2,0.016
2016-01-22 04:00:00,5,Mouse_lodging_Vicente,Recreation Center,recreation,UMass Amherst,co2,0.016
2016-01-22 05:00:00,5,Mouse_lodging_Vicente,Recreation Center,recreation,UMass Amherst,co2,0.016
2016-01-22 06:00:00,5,Mouse_lodging_Vicente,Recreation Center,recreation,UMass Amherst,co2,0.016
2016-01-22 07:00:00,5,Mouse_lodging_Vicente,Recreation Center,recreation,UMass Amherst,co2,0.02
2016-01-22 08:00:00,5,Mouse_lodging_Vicente,Recreation Center,recreation,UMass Amherst,co2,0.02
2016-01-22 09:00:00,5,Mouse_lodging_Vicente,Recreation Center,recreation,UMass Amherst,co2,0.024
2016-01-22 10:00:00,5,Mouse_lodging_Vicente,Recreation Center,recreation,UMass Amherst,co2,0.024
2016-01-22 11:00:00,5,Mouse_lodging_Vicente,Recreation Center,recreation,UMass Amherst,co2,0.024
2016-01-22 12:00:00,5,Mouse_lodging_Vicente,Recreation Center,recreation,UMass Amherst,co2,0.024
2016-01-22 13:00:00,5,Mouse_lodging_Vicente,Recreation Center,recreation,UMass Amherst,co2,0.024
2016-01-22 14:00:00,5,Mouse_lodging_Vicente,Recreation Center,recreation,UMass Amherst,co2,0.024
2016-01-22 15:00:00,5,Mouse_lodging_Vicente,Recreation Center,recreation,UMass Amherst,co2,0.024
2016-01-22 16:00:00,5,Mouse_lodging_Vicente,Recreation Center,recreation,UMass Amherst,co2,0.024
2016-01-22 17:00:00,5,Mouse_lodging_Vicente,Recreation Center,recreation,UMass Amherst,co2,0.024
2016-01-22 18:00:00,5,Mouse_lodging_Vicente,Recreation Center,recreation,UMass Amherst,co2,0.02
2016-01-22 19:00:00,5,Mouse_lodging_Vicente,Recreation Center,recreation,UMass Amherst,co2,0.024
2016-01-22 20:00:00,5,Mouse_lodging_Vicente,Recreation Center,recreation,UMass Amherst,co2,0.02
2016-01-22 21:00:00,5,Mouse_lodging_Vicente,Recreation Center,recreation,UMass Amherst,co2,0.02
2016-01-22 22:00:00,5,Mouse_lodging_Vicente,Recreation Center,recreation,UMass Amherst,co2,0.02
2016-01-22 23:00:00,5,Mouse_lodging_Vicente,Recreation Center,recreation,UMass Amherst,co2,0.02
2016-01-23 00:00:00,5,Mouse_lodging_Vicente,Recreation Center,recreation,UMass Amherst,co2,0.016
2016-01-23 01:00:00,5,Mouse_lodging_Vicente,Recreation Center,recreation,UMass Amherst,co2,0.02
2016-01-23 02:00:00,5,Mouse_lodging_Vicente,Recreation Center,recreation,UMass Amherst,co2,0.016
2016-01-23 03:00:00,5,Mouse_lodging_Vicente,Recreation Center,recreation,UMass Amherst,co2,0.016
2016-01-23 04:00:00,5,Mouse_lodging_Vicente,Recreation Center,recreation,UMass Amherst,co2,0.016
2016-01-23 05:00:00,5,Mouse_lodging_Vicente,Recreation Center,recreation,UMass Amherst,co2,0.016
2016-01-23 06:00:00,5,Mouse_lodging_Vicente,Recreation Center,recreation,UMass Amherst,co2,0.016
2016-01-23 07:00:00,5,Mouse_lodging_Vicente,Recreation Center,recreation,UMass Amherst,co2,0.02
2016-01-23 08:00:00,5,Mouse_lodging_Vicente,Recreation Center,recreation,UMass Amherst,co2,0.02
2016-01-23 09:00:00,5,Mouse_lodging_Vicente,Recreation Center,recreation,UMass Amherst,co2,0.02
2016-01-23 10:00:00,5,Mouse_lodging_Vicente,Recreation Center,recreation,UMass Amherst,co2,0.02
2016-01-23 11:00:00,5,Mouse_lodging_Vicente,Recreation Center,recreation,UMass Amherst,co2,0.02
2016-01-23 12:00:00,5,Mouse_lodging_Vicente,Recreation Center,recreation,UMass Amherst,co2,0.02
2016-01-23 13:00:00,5,Mouse_lodging_Vicente,Recreation Center,recreation,UMass Amherst,co2,0.024
2016-01-23 14:00:00,5,Mouse_lodging_Vicente,Recreation Center,recreation,UMass Amherst,co2,0.02
2016-01-23 15:00:00,5,Mouse_lodging_Vicente,Recreation Center,recreation,UMass Amherst,co2,0.02
2016-01-23 16:00:00,5,Mouse_lodging_Vicente,Recreation Center,recreation,UMass Amherst,co2,0.02
2016-01-23 17:00:00,5,Mouse_lodging_Vicente,Recreation Center,recreation,UMass Amherst,co2,0.02
2016-01-23 18:00:00,5,Mouse_lodging_Vicente,Recreation Center,recreation,UMass Amherst,co2,0.02
2016-01-23 19:00:00,5,Mouse_lodging_Vicente,Recreation Center,recreation,UMass Amherst,co2,0.024
2016-01-23 20:00:00,5,Mouse_lodging_Vicente,Recreation Center,recreation,UMass Amherst,co2,0.02
2016-01-23 21:00:00,5,Mouse_lodging_Vicente,Recreation Center,recreation,UMass Amherst,co2,0.02
2016-01-23 22:00:00,5,Mouse_lodging_Vicente,Recreation Center,recreation,UMass Amherst,co2,0.02
2016-01-23 23:00:00,5,Mouse_lodging_Vicente,Recreation Center,recreation,UMass Amherst,co2,0.02
2016-01-24 00:00:00,5,Mouse_lodging_Vicente,Recreation Center,recreation,UMass Amherst,co2,0.016
2016-01-24 01:00:00,5,Mouse_lodging_Vicente,Recreation Center,recreation,UMass Amherst,co2,0.016
2016-01-24 02:00:00,5,Mouse_lodging_Vicente,Recreation Center,recreation,UMass Amherst,co2,0.016
2016-01-24 03:00:00,5,Mouse_lodging_Vicente,Recreation Center,recreation,UMass Amherst,co2,0.016
2016-01-24 04:00:00,5,Mouse_lodging_Vicente,Recreation Center,recreation,UMass Amherst,co2,0.02
2016-01-24 05:00:00,5,Mouse_lodging_Vicente,Recreation Center,recreation,UMass Amherst,co2,0.016
2016-01-24 06:00:00,5,Mouse_lodging_Vicente,Recreation Center,recreation,UMass Amherst,co2,0.016
2016-01-24 07:00:00,5,Mouse_lodging_Vicente,Recreation Center,recreation,UMass Amherst,co2,0.02
2016-01-24 08:00:00,5,Mouse_lodging_Vicente,Recreation Center,recreation,UMass Amherst,co2,0.016
2016-01-24 09:00:00,5,Mouse_lodging_Vicente,Recreation Center,recreation,UMass Amherst,co2,0.02
2016-01-24 10:00:00,5,Mouse_lodging_Vicente,Recreation Center,recreation,UMass Amherst,co2,0.02
2016-01-24 11:00:00,5,Mouse_lodging_Vicente,Recreation Center,recreation,UMass Amherst,co2,0.024
2016-01-24 12:00:00,5,Mouse_lodging_Vicente,Recreation Center,recreation,UMass Amherst,co2,0.016
2016-01-24 13:00:00,5,Mouse_lodging_Vicente,Recreation Center,recreation,UMass Amherst,co2,0.02
2016-01-24 14:00:00,5,Mouse_lodging_Vicente,Recreation Center,recreation,UMass Amherst,co2,0.02
2016-01-24 15:00:00,5,Mouse_lodging_Vicente,Recreation Center,recreation,UMass Amherst,co2,0.024
2016-01-24 16:00:00,5,Mouse_lodging_Vicente,Recreation Center,recreation,UMass Amherst,co2,0.02
2016-01-24 17:00:00,5,Mouse_lodging_Vicente,Recreation Center,recreation,UMass Amherst,co2,0.02
2016-01-24 18:00:00,5,Mouse_lodging_Vicente,Recreation Center,recreation,UMass Amherst,co2,0.024
2016-01-24 19:00:00,5,Mouse_lodging_Vicente,Recreation Center,recreation,UMass Amherst,co2,0.02
2016-01-24 20:00:00,5,Mouse_lodging_Vicente,Recreation Center,recreation,UMass Amherst,co2,0.024
2016-01-24 21:00:00,5,Mouse_lodging_Vicente,Recreation Center,recreation,UMass Amherst,co2,0.02
2016-01-24 22:00:00,5,Mouse_lodging_Vicente,Recreation Center,recreation,UMass Amherst,co2,0.024
2016-01-24 23:00:00,5,Mouse_lodging_Vicente,Recreation Center,recreation,UMass Amherst,co2,0.02
2016-01-25 00:00:00,5,Mouse_lodging_Vicente,Recreation Center,recreation,UMass Amherst,co2,0.02
2016-01-25 01:00:00,5,Mouse_lodging_Vicente,Recreation Center,recreation,UMass Amherst,co2,0.016
2016-01-25 02:00:00,5,Mouse_lodging_Vicente,Recreation Center,recreation,UMass Amherst,co2,0.016
2016-01-25 03:00:00,5,Mouse_lodging_Vicente,Recreation Center,recreation,UMass Amherst,co2,0.016
2016-01-25 04:00:00,5,Mouse_lodging_Vicente,Recreation Center,recreation,UMass Amherst,co2,0.02
2016-01-25 05:00:00,5,Mouse_lodging_Vicente,Recreation Center,recreation,UMass Amherst,co2,0.016
2016-01-25 06:00:00,5,Mouse_lodging_Vicente,Recreation Center,recreation,UMass Amherst,co2,0.016
2016-01-25 07:00:00,5,Mouse_lodging_Vicente,Recreation Center,recreation,UMass Amherst,co2,0.02
2016-01-25 08:00:00,5,Mouse_lodging_Vicente,Recreation Center,recreation,UMass Amherst,co2,0.02
2016-01-25 09:00:00,5,Mouse_lodging_Vicente,Recreation Center,recreation,UMass Amherst,co2,0.024
2016-01-25 10:00:00,5,Mouse_lodging_Vicente,Recreation Center,recreation,UMass Amherst,co2,0.024
2016-01-25 11:00:00,5,Mouse_lodging_Vicente,Recreation Center,recreation,UMass Amherst,co2,0.02
2016-01-25 12:00:00,5,Mouse_lodging_Vicente,Recreation Center,recreation,UMass Amherst,co2,0.024
2016-01-25 13:00:00,5,Mouse_lodging_Vicente,Recreation Center,recreation,UMass Amherst,co2,0.024
2016-01-25 14:00:00,5,Mouse_lodging_Vicente,Recreation Center,recreation,UMass Amherst,co2,0.024
2016-01-25 15:00:00,5,Mouse_lodging_Vicente,Recreation Center,recreation,UMass Amherst,co2,0.02
2016-01-25 16:00:00,5,Mouse_lodging_Vicente,Recreation Center,recreation,UMass Amherst,co2,0.024
2016-01-25 17:00:00,5,Mouse_lodging_Vicente,Recreation Center,recreation,UMass Amherst,co2,0.024
2016-01-25 18:00:00,5,Mouse_lodging_Vicente,Recreation Center,recreation,UMass Amherst,co2,0.028
2016-01-25 19:00:00,5,Mouse_lodging_Vicente,Recreation Center,recreation,UMass Amherst,co2,0.024
2016-01-25 20:00:00,5,Mouse_lodging_Vicente,Recreation Center,recreation,UMass Amherst,co2,0.02
2016-01-25 21:00:00,5,Mouse_lodging_Vicente,Recreation Center,recreation,UMass Amherst,co2,0.024
2016-01-25 22:00:00,5,Mouse_lodging_Vicente,Recreation Center,recreation,UMass Amherst,co2,0.02
2016-01-25 23:00:00,5,Mouse_lodging_Vicente,Recreation Center,recreation,UMass Amherst,co2,0.02
2016-01-26 00:00:00,5,Mouse_lodging_Vicente,Recreation Center,recreation,UMass Amherst,co2,0.016
2016-01-26 01:00:00,5,Mouse_lodging_Vicente,Recreation Center,recreation,UMass Amherst,co2,0.016
2016-01-26 02:00:00,5,Mouse_lodging_Vicente,Recreation Center,recreation,UMass Amherst,co2,0.016
2016-01-26 03:00:00,5,Mouse_lodging_Vicente,Recreation Center,recreation,UMass Amherst,co2,0.016
2016-01-26 04:00:00,5,Mouse_lodging_Vicente,Recreation Center,recreation,UMass Amherst,co2,0.016
2016-01-26 05:00:00,5,Mouse_lodging_Vicente,Recreation Center,recreation,UMass Amherst,co2,0.012
2016-01-26 06:00:00,5,Mouse_lodging_Vicente,Recreation Center,recreation,UMass Amherst,co2,0.016
2016-01-26 07:00:00,5,Mouse_lodging_Vicente,Recreation Center,recreation,UMass Amherst,co2,0.02
2016-01-26 08:00:00,5,Mouse_lodging_Vicente,Recreation Center,recreation,UMass Amherst,co2,0.02
2016-01-26 09:00:00,5,Mouse_lodging_Vicente,Recreation Center,recreation,UMass Amherst,co2,0.02
2016-01-26 10:00:00,5,Mouse_lodging_Vicente,Recreation Center,recreation,UMass Amherst,co2,0.024
2016-01-26 11:00:00,5,Mouse_lodging_Vicente,Recreation Center,recreation,UMass Amherst,co2,0.028
2016-01-26 12:00:00,5,Mouse_lodging_Vicente,Recreation Center,recreation,UMass Amherst,co2,0.02
2016-01-26 13:00:00,5,Mouse_lodging_Vicente,Recreation Center,recreation,UMass Amherst,co2,0.024
2016-01-26 14:00:00,5,Mouse_lodging_Vicente,Recreation Center,recreation,UMass Amherst,co2,0.024
2016-01-26 15:00:00,5,Mouse_lodging_Vicente,Recreation Center,recreation,UMass Amherst,co2,0.024
2016-01-26 16:00:00,5,Mouse_lodging_Vicente,Recreation Center,recreation,UMass Amherst,co2,0.024
2016-01-26 17:00:00,5,Mouse_lodging_Vicente,Recreation Center,recreation,UMass Amherst,co2,0.024
2016-01-26 18:00:00,5,Mouse_lodging_Vicente,Recreation Center,recreation,UMass Amherst,co2,0.024
2016-01-26 19:00:00,5,Mouse_lodging_Vicente,Recreation Center,recreation,UMass Amherst,co2,0.028
2016-01-26 20:00:00,5,Mouse_lodging_Vicente,Recreation Center,recreation,UMass Amherst,co2,0.02
2016-01-26 21:00:00,5,Mouse_lodging_Vicente,Recreation Center,recreation,UMass Amherst,co2,0.024
2016-01-26 22:00:00,5,Mouse_lodging_Vicente,Recreation Center,recreation,UMass Amherst,co2,0.02
2016-01-26 23:00:00,5,Mouse_lodging_Vicente,Recreation Center,recreation,UMass Amherst,co2,0.02
2016-01-27 00:00:00,5,Mouse_lodging_Vicente,Recreation Center,recreation,UMass Amherst,co2,0.02
2016-01-27 01:00:00,5,Mouse_lodging_Vicente,Recreation Center,recreation,UMass Amherst,co2,0.016
2016-01-27 02:00:00,5,Mouse_lodging_Vicente,Recreation Center,recreation,UMass Amherst,co2,0.016
2016-01-27 03:00:00,5,Mouse_lodging_Vicente,Recreation Center,recreation,UMass Amherst,co2,0.016
2016-01-27 04:00:00,5,Mouse_lodging_Vicente,Recreation Center,recreation,UMass Amherst,co2,0.016
2016-01-27 05:00:00,5,Mouse_lodging_Vicente,Recreation Center,recreation,UMass Amherst,co2,0.016
2016-01-27 06:00:00,5,Mouse_lodging_Vicente,Recreation Center,recreation,UMass Amherst,co2,0.016
2016-01-27 07:00:00,5,Mouse_lodging_Vicente,Recreation Center,recreation,UMass Amherst,co2,0.016
2016-01-27 08:00:00,5,Mouse_lodging_Vicente,Recreation Center,recreation,UMass Amherst,co2,0.02
2016-01-27 09:00:00,5,Mouse_lodging_Vicente,Recreation Center,recreation,UMass Amherst,co2,0.024
2016-01-27 10:00:00,5,Mouse_lodging_Vicente,Recreation Center,recreation,UMass Amherst,co2,0.024
2016-01-27 11:00:00,5,Mouse_lodging_Vicente,Recreation Center,recreation,UMass Amherst,co2,0.024
2016-01-27 12:00:00,5,Mouse_lodging_Vicente,Recreation Center,recreation,UMass Amherst,co2,0.024
2016-01-27 13:00:00,5,Mouse_lodging_Vicente,Recreation Center,recreation,UMass Amherst,co2,0.024
2016-01-27 14:00:00,5,Mouse_lodging_Vicente,Recreation Center,recreation,UMass Amherst,co2,0.024
2016-01-27 15:00:00,5,Mouse_lodging_Vicente,Recreation Center,recreation,UMass Amherst,co2,0.024
2016-01-27 16:00:00,5,Mouse_lodging_Vicente,Recreation Center,recreation,UMass Amherst,co2,0.024
2016-01-27 17:00:00,5,Mouse_lodging_Vicente,Recreation Center,recreation,UMass Amherst,co2,0.024
2016-01-27 18:00:00,5,Mouse_lodging_Vicente,Recreation Center,recreation,UMass Amherst,co2,0.024
2016-01-27 19:00:00,5,Mouse_lodging_Vicente,Recreation Center,recreation,UMass Amherst,co2,0.024
2016-01-27 20:00:00,5,Mouse_lodging_Vicente,Recreation Center,recreation,UMass Amherst,co2,0.024
2016-01-27 21:00:00,5,Mouse_lodging_Vicente,Recreation Center,recreation,UMass Amherst,co2,0.024
2016-01-27 22:00:00,5,Mouse_lodging_Vicente,Recreation Center,recreation,UMass Amherst,co2,0.02
2016-01-27 23:00:00,5,Mouse_lodging_Vicente,Recreation Center,recreation,UMass Amherst,co2,0.02
2016-01-28 00:00:00,5,Mouse_lodging_Vicente,Recreation Center,recreation,UMass Amherst,co2,0.016
2016-01-28 01:00:00,5,Mouse_lodging_Vicente,Recreation Center,recreation,UMass Amherst,co2,0.016
2016-01-28 02:00:00,5,Mouse_lodging_Vicente,Recreation Center,recreation,UMass Amherst,co2,0.016
2016-01-28 03:00:00,5,Mouse_lodging_Vicente,Recreation Center,recreation,UMass Amherst,co2,0.012
2016-01-28 04:00:00,5,Mouse_lodging_Vicente,Recreation Center,recreation,UMass Amherst,co2,0.016
2016-01-28 05:00:00,5,Mouse_lodging_Vicente,Recreation Center,recreation,UMass Amherst,co2,0.016
2016-01-28 06:00:00,5,Mouse_lodging_Vicente,Recreation Center,recreation,UMass Amherst,co2,0.016
2016-01-28 07:00:00,5,Mouse_lodging_Vicente,Recreation Center,recreation,UMass Amherst,co2,0.016
2016-01-28 08:00:00,5,Mouse_lodging_Vicente,Recreation Center,recreation,UMass Amherst,co2,0.024
2016-01-28 09:00:00,5,Mouse_lodging_Vicente,Recreation Center,recreation,UMass Amherst,co2,0.02
2016-01-28 10:00:00,5,Mouse_lodging_Vicente,Recreation Center,recreation,UMass Amherst,co2,0.024
2016-01-28 11:00:00,5,Mouse_lodging_Vicente,Recreation Center,recreation,UMass Amherst,co2,0.024
2016-01-28 12:00:00,5,Mouse_lodging_Vicente,Recreation Center,recreation,UMass Amherst,co2,0.024
2016-01-28 13:00:00,5,Mouse_lodging_Vicente,Recreation Center,recreation,UMass Amherst,co2,0.024
2016-01-28 14:00:00,5,Mouse_lodging_Vicente,Recreation Center,recreation,UMass Amherst,co2,0.024
2016-01-28 15:00:00,5,Mouse_lodging_Vicente,Recreation Center,recreation,UMass Amherst,co2,0.024
2016-01-28 16:00:00,5,Mouse_lodging_Vicente,Recreation Center,recreation,UMass Amherst,co2,0.02
2016-01-28 17:00:00,5,Mouse_lodging_Vicente,Recreation Center,recreation,UMass Amherst,co2,0.024
2016-01-28 18:00:00,5,Mouse_lodging_Vicente,Recreation Center,recreation,UMass Amherst,co2,0.024
2016-01-28 19:00:00,5,Mouse_lodging_Vicente,Recreation Center,recreation,UMass Amherst,co2,0.024
2016-01-28 20:00:00,5,Mouse_lodging_Vicente,Recreation Center,recreation,UMass Amherst,co2,0.02
2016-01-28 21:00:00,5,Mouse_lodging_Vicente,Recreation Center,recreation,UMass Amherst,co2,0.024
2016-01-28 22:00:00,5,Mouse_lodging_Vicente,Recreation Center,recreation,UMass Amherst,co2,0.02
2016-01-28 23:00:00,5,Mouse_lodging_Vicente,Recreation Center,recreation,UMass Amherst,co2,0.02
2016-01-29 00:00:00,5,Mouse_lodging_Vicente,Recreation Center,recreation,UMass Amherst,co2,0.016
2016-01-29 01:00:00,5,Mouse_lodging_Vicente,Recreation Center,recreation,UMass Amherst,co2,0.016
2016-01-29 02:00:00,5,Mouse_lodging_Vicente,Recreation Center,recreation,UMass Amherst,co2,0.016
2016-01-29 03:00:00,5,Mouse_lodging_Vicente,Recreation Center,recreation,UMass Amherst,co2,0.016
2016-01-29 04:00:00,5,Mouse_lodging_Vicente,Recreation Center,recreation,UMass Amherst,co2,0.016
2016-01-29 05:00:00,5,Mouse_lodging_Vicente,Recreation Center,recreation,UMass Amherst,co2,0.016
2016-01-29 06:00:00,5,Mouse_lodging_Vicente,Recreation Center,recreation,UMass Amherst,co2,0.016
2016-01-29 07:00:00,5,Mouse_lodging_Vicente,Recreation Center,recreation,UMass Amherst,co2,0.016
2016-01-29 08:00:00,5,Mouse_lodging_Vicente,Recreation Center,recreation,UMass Amherst,co2,0.02
2016-01-29 09:00:00,5,Mouse_lodging_Vicente,Recreation Center,recreation,UMass Amherst,co2,0.024
2016-01-29 10:00:00,5,Mouse_lodging_Vicente,Recreation Center,recreation,UMass Amherst,co2,0.024
2016-01-29 11:00:00,5,Mouse_lodging_Vicente,Recreation Center,recreation,UMass Amherst,co2,0.024
2016-01-29 12:00:00,5,Mouse_lodging_Vicente,Recreation Center,recreation,UMass Amherst,co2,0.024
2016-01-29 13:00:00,5,Mouse_lodging_Vicente,Recreation Center,recreation,UMass Amherst,co2,0.024
2016-01-29 14:00:00,5,Mouse_lodging_Vicente,Recreation Center,recreation,UMass Amherst,co2,0.02
2016-01-29 15:00:00,5,Mouse_lodging_Vicente,Recreation Center,recreation,UMass Amherst,co2,0.024
2016-01-29 16:00:00,5,Mouse_lodging_Vicente,Recreation Center,recreation,UMass Amherst,co2,0.024
2016-01-29 17:00:00,5,Mouse_lodging_Vicente,Recreation Center,recreation,UMass Amherst,co2,0.02
2016-01-29 18:00:00,5,Mouse_lodging_Vicente,Recreation Center,recreation,UMass Amherst,co2,0.02
2016-01-29 19:00:00,5,Mouse_lodging_Vicente,Recreation Center,recreation,UMass Amherst,co2,0.024
2016-01-29 20:00:00,5,Mouse_lodging_Vicente,Recreation Center,recreation,UMass Amherst,co2,0.016
2016-01-29 21:00:00,5,Mouse_lodging_Vicente,Recreation Center,recreation,UMass Amherst,co2,0.02
2016-01-29 22:00:00,5,Mouse_lodging_Vicente,Recreation Center,recreation,UMass Amherst,co2,0.02
2016-01-29 23:00:00,5,Mouse_lodging_Vicente,Recreation Center,recreation,UMass Amherst,co2,0.02
2016-01-30 00:00:00,5,Mouse_lodging_Vicente,Recreation Center,recreation,UMass Amherst,co2,0.016
2016-01-30 01:00:00,5,Mouse_lodging_Vicente,Recreation Center,recreation,UMass Amherst,co2,0.016
2016-01-30 02:00:00,5,Mouse_lodging_Vicente,Recreation Center,recreation,UMass Amherst,co2,0.016
2016-01-30 03:00:00,5,Mouse_lodging_Vicente,Recreation Center,recreation,UMass Amherst,co2,0.016
2016-01-30 04:00:00,5,Mouse_lodging_Vicente,Recreation Center,recreation,UMass Amherst,co2,0.016
2016-01-30 05:00:00,5,Mouse_lodging_Vicente,Recreation Center,recreation,UMass Amherst,co2,0.016
2016-01-30 06:00:00,5,Mouse_lodging_Vicente,Recreation Center,recreation,UMass Amherst,co2,0.012
2016-01-30 07:00:00,5,Mouse_lodging_Vicente,Recreation Center,recreation,UMass Amherst,co2,0.02
2016-01-30 08:00:00,5,Mouse_lodging_Vicente,Recreation Center,recreation,UMass Amherst,co2,0.016
2016-01-30 09:00:00,5,Mouse_lodging_Vicente,Recreation Center,recreation,UMass Amherst,co2,0.02
2016-01-30 10:00:00,5,Mouse_lodging_Vicente,Recreation Center,recreation,UMass Amherst,co2,0.02
2016-01-30 11:00:00,5,Mouse_lodging_Vicente,Recreation Center,recreation,UMass Amherst,co2,0.02
2016-01-30 12:00:00,5,Mouse_lodging_Vicente,Recreation Center,recreation,UMass Amherst,co2,0.02
2016-01-30 13:00:00,5,Mouse_lodging_Vicente,Recreation Center,recreation,UMass Amherst,co2,0.02
2016-01-30 14:00:00,5,Mouse_lodging_Vicente,Recreation Center,recreation,UMass Amherst,co2,0.02
2016-01-30 15:00:00,5,Mouse_lodging_Vicente,Recreation Center,recreation,UMass Amherst,co2,0.02
2016-01-30 16:00:00,5,Mouse_lodging_Vicente,Recreation Center,recreation,UMass Amherst,co2,0.02
2016-01-30 17:00:00,5,Mouse_lodging_Vicente,Recreation Center,recreation,UMass Amherst,co2,0.02
2016-01-30 18:00:00,5,Mouse_lodging_Vicente,Recreation Center,recreation,UMass Amherst,co2,0.02
2016-01-30 19:00:00,5,Mouse_lodging_Vicente,Recreation Center,recreation,UMass Amherst,co2,0.02
2016-01-30 20:00:00,5,Mouse_lodging_Vicente,Recreation Center,recreation,UMass Amherst,co2,0.02
2016-01-30 21:00:00,5,Mouse_lodging_Vicente,Recreation Center,recreation,UMass Amherst,co2,0.02
2016-01-30 22:00:00,5,Mouse_lodging_Vicente,Recreation Center,recreation,UMass Amherst,co2,0.02
2016-01-30 23:00:00,5,Mouse_lodging_Vicente,Recreation Center,recreation,UMass Amherst,co2,0.016
