timestamp,building_id,bdg2_building_name,display_name,building_type,campus,resource_type,value
2016-01-01 00:00:00,1,Mouse_science_Micheal,Lederle,research,UMass Amherst,waste,13.457944
2016-01-01 01:00:00,1,Mouse_science_Micheal,Lederle,research,UMass Amherst,waste,26.915888
2016-01-01 02:00:00,1,Mouse_science_Micheal,Lederle,research,UMass Amherst,waste,26.915888
2016-01-01 03:00:00,1,Mouse_science_Micheal,Lederle,research,UMass Amherst,waste,26.915888
2016-01-01 04:00:00,1,Mouse_science_Micheal,Lederle,research,UMass Amherst,waste,26.915888
2016-01-01 05:00:00,1,Mouse_science_Micheal,Lederle,research,UMass Amherst,waste,26.915888
2016-01-01 06:00:00,1,Mouse_science_Micheal,Lederle,research,UMass Amherst,waste,26.915888
2016-01-01 07:00:00,1,Mouse_science_Micheal,Lederle,research,UMass Amherst,waste,26.915888
2016-01-01 08:00:00,1,Mouse_science_Micheal,Lederle,research,UMass Amherst,waste,26.915888
2016-01-01 09:00:00,1,Mouse_science_Micheal,Lederle,research,UMass Amherst,waste,26.915888
2016-01-01 10:00:00,1,Mouse_science_Micheal,Lederle,research,UMass Amherst,waste,26.915888
2016-01-01 11:00:00,1,Mouse_science_Micheal,Lederle,research,UMass Amherst,waste,26.915888
2016-01-01 12:00:00,1,Mouse_science_Micheal,Lederle,research,UMass Amherst,waste,26.915888
2016-01-01 13:00:00,1,Mouse_science_Micheal,Lederle,research,UMass Amherst,waste,26.915888
2016-01-01 14:00:00,1,Mouse_science_Micheal,Lederle,research,UMass Amherst,waste,26.915888
2016-01-01 15:00:00,1,Mouse_science_Micheal,Lederle,research,UMass Amherst,waste,26.915888
2016-01-01 16:00:00,1,Mouse_science_Micheal,Lederle,research,UMass Amherst,waste,26.915888
2016-01-01 17:00:00,1,Mouse_science_Micheal,Lederle,research,UMass Amherst,waste,26.915888
2016-01-01 18:00:00,1,Mouse_science_Micheal,Lederle,research,UMass Amherst,waste,26.915888
2016-01-01 19:00:00,1,Mouse_science_Micheal,Lederle,research,UMass Amherst,waste,26.915888
2016-01-01 20:00:00,1,Mouse_science_Micheal,Lederle,research,UMass Amherst,waste,26.915888
2016-01-01 21:00:00,1,Mouse_science_Micheal,Lederle,research,UMass Amherst,waste,26.915888
2016-01-01 22:00:00,1,Mouse_science_Micheal,Lederle,research,UMass Amherst,waste,26.915888
2016-01-01 23:00:00,1,Mouse_science_Micheal,Lederle,research,UMass Amherst,waste,26.915888
2016-01-02 00:00:00,1,Mouse_science_Micheal,Lederle,research,UMass Amherst,waste,26.915888
2016-01-02 01:00:00,1,Mouse_science_Micheal,Lederle,research,UMass Amherst,waste,26.915888
2016-01-02 02:00:00,1,Mouse_science_Micheal,Lederle,research,UMass Amherst,waste,26.915888
2016-01-02 03:00:00,1,Mouse_science_Micheal,Lederle,research,UMass Amherst,waste,26.915888
2016-01-02 04:00:00,1,Mouse_science_Micheal,Lederle,research,UMass Amherst,waste,26.915888
2016-01-02 05:00:00,1,Mouse_science_Micheal,Lederle,research,UMass Amherst,waste,26.915888
2016-01-02 06:00:00,1,Mouse_science_Micheal,Lederle,research,UMass Amherst,waste,26.915888
2016-01-02 07:00:00,1,Mouse_science_Micheal,Lederle,research,UMass Amherst,waste,26.915888
2016-01-02 08:00:00,1,Mouse_science_Micheal,Lederle,research,UMass Amherst,waste,26.915888
2016-01-02 09:00:00,1,Mouse_science_Micheal,Lederle,research,UMass Amherst,waste,26.915888
2016-01-02 10:00:00,1,Mouse_science_Micheal,Lederle,research,UMass Amherst,waste,26.915888
2016-01-02 11:00:00,1,Mouse_science_Micheal,Lederle,research,UMass Amherst,waste,26.915888
2016-01-02 12:00:00,1,Mouse_science_Micheal,Lederle,research,UMass Amherst,waste,26.915888
2016-01-02 13:00:00,1,Mouse_science_Micheal,Lederle,research,UMass Amherst,waste,26.915888
2016-01-02 14:00:00,1,Mouse_science_Micheal,Lederle,research,UMass Amherst,waste,26.915888
2016-01-02 15:00:00,1,Mouse_science_Micheal,Lederle,research,UMass Amherst,waste,26.915888
2016-01-02 16:00:00,1,Mouse_science_Micheal,Lederle,research,UMass Amherst,waste,26.915888
2016-01-02 17:00:00,1,Mouse_science_Micheal,Lederle,research,UMass Amherst,waste,26.915888
2016-01-02 18:00:00,1,Mouse_science_Micheal,Lederle,research,UMass Amherst,waste,26.915888
2016-01-02 19:00:00,1,Mouse_science_Micheal,Lederle,research,UMass Amherst,waste,26.915888
2016-01-02 20:00:00,1,Mouse_science_Micheal,Lederle,research,UMass Amherst,waste,26.915888
2016-01-02 21:00:00,1,Mouse_science_Micheal,Lederle,research,UMass Amherst,waste,26.915888
2016-01-02 22:00:00,1,Mouse_science_Micheal,Lederle,research,UMass Amherst,waste,26.915888
2016-01-02 23:00:00,1,Mouse_science_Micheal,Lederle,research,UMass Amherst,waste,26.915888
2016-01-03 00:00:00,1,Mouse_science_Micheal,Lederle,research,UMass Amherst,waste,26.915888
2016-01-03 01:00:00,1,Mouse_science_Micheal,Lederle,research,UMass Amherst,waste,26.915888
2016-01-03 02:00:00,1,Mouse_science_Micheal,Lederle,research,UMass Amherst,waste,26.915888
2016-01-03 03:00:00,1,Mouse_science_Micheal,Lederle,research,UMass Amherst,waste,26.915888
2016-01-03 04:00:00,1,Mouse_science_Micheal,Lederle,research,UMass Amherst,waste,26.915888
2016-01-03 05:00:00,1,Mouse_science_Micheal,Lederle,research,UMass Amherst,waste,26.915888
2016-01-03 06:00:00,1,Mouse_science_Micheal,Lederle,research,UMass Amherst,waste,26.915888
2016-01-03 07:00:00,1,Mouse_science_Micheal,Lederle,research,UMass Amherst,waste,26.915888
2016-01-03 08:00:00,1,Mouse_science_Micheal,Lederle,research,UMass Amherst,waste,26.915888
2016-01-03 09:00:00,1,Mouse_science_Micheal,Lederle,research,UMass Amherst,waste,26.915888
2016-01-03 10:00:00,1,Mouse_science_Micheal,Lederle,research,UMass Amherst,waste,26.915888
2016-01-03 11:00:00,1,Mouse_science_Micheal,Lederle,research,UMass Amherst,waste,26.915888
2016-01-03 12:00:00,1,Mouse_science_Micheal,Lederle,research,UMass Amherst,waste,26.915888
2016-01-03 13:00:00,1,Mouse_science_Micheal,Lederle,research,UMass Amherst,waste,26.915888
2016-01-03 14:00:00,1,Mouse_science_Micheal,Lederle,research,UMass Amherst,waste,26.915888
2016-01-03 15:00:00,1,Mouse_science_Micheal,Lederle,research,UMass Amherst,waste,26.915888
2016-01-03 16:00:00,1,Mouse_science_Micheal,Lederle,research,UMass Amherst,waste,26.915888
2016-01-03 17:00:00,1,Mouse_science_Micheal,Lederle,research,UMass Amherst,waste,26.915888
2016-01-03 18:00:00,1,Mouse_science_Micheal,Lederle,research,UMass Amherst,waste,26.915888
2016-01-03 19:00:00,1,Mouse_science_Micheal,Lederle,research,UMass Amherst,waste,26.915888
2016-01-03 20:00:00,1,Mouse_science_Micheal,Lederle,research,UMass Amherst,waste,26.915888
2016-01-03 21:00:00,1,Mouse_science_Micheal,Lederle,research,UMass Amherst,waste,26.915888
2016-01-03 22:00:00,1,Mouse_science_Micheal,Lederle,research,UMass Amherst,waste,26.915888
2016-01-03 23:00:00,1,Mouse_science_Micheal,Lederle,research,UMass Amherst,waste,26.915888
2016-01-04 00:00:00,1,Mouse_science_Micheal,Lederle,research,UMass Amherst,waste,26.915888
2016-01-04 01:00:00,1,Mouse_science_Micheal,Lederle,research,UMass Amherst,waste,26.915888
2016-01-04 02:00:00,1,Mouse_science_Micheal,Lederle,research,UMass Amherst,waste,26.915888
2016-01-04 03:00:00,1,Mouse_science_Micheal,Lederle,research,UMass Amherst,waste,26.915888
2016-01-04 04:00:00,1,Mouse_science_Micheal,Lederle,research,UMass Amherst,waste,26.915888
2016-01-04 05:00:00,1,Mouse_science_Micheal,Lederle,research,UMass Amherst,waste,26.915888
2016-01-04 06:00:00,1,Mouse_science_Micheal,Lederle,research,UMass Amherst,waste,26.915888
2016-01-04 07:00:00,1,Mouse_science_Micheal,Lederle,research,UMass Amherst,waste,26.915888
2016-01-04 08:00:00,1,Mouse_science_Micheal,Lederle,research,UMass Amherst,waste,26.915888
2016-01-04 09:00:00,1,Mouse_science_Micheal,Lederle,research,UMass Amherst,waste,26.915888
2016-01-04 10:00:00,1,Mouse_science_Micheal,Lederle,research,UMass Amherst,waste,26.915888
2016-01-04 11:00:00,1,Mouse_science_Micheal,Lederle,research,UMass Amherst,waste,26.915888
2016-01-04 12:00:00,1,Mouse_science_Micheal,Lederle,research,UMass Amherst,waste,26.915888
2016-01-04 13:00:00,1,Mouse_science_Micheal,Lederle,research,UMass Amherst,waste,26.915888
2016-01-04 14:00:00,1,Mouse_science_Micheal,Lederle,research,UMass Amherst,waste,26.915888
2016-01-04 15:00:00,1,Mouse_science_Micheal,Lederle,research,UMass Amherst,waste,26.915888
2016-01-04 16:00:00,1,Mouse_science_Micheal,Lederle,research,UMass Amherst,waste,26.915888
2016-01-04 17:00:00,1,Mouse_science_Micheal,Lederle,research,UMass Amherst,waste,26.915888
2016-01-04 18:00:00,1,Mouse_science_Micheal,Lederle,research,UMass Amherst,waste,26.915888
2016-01-04 19:00:00,1,Mouse_science_Micheal,Lederle,research,UMass Amherst,waste,26.915888
2016-01-04 20:00:00,1,Mouse_science_Micheal,Lederle,research,UMass Amherst,waste,26.915888
2016-01-04 21:00:00,1,Mouse_science_Micheal,Lederle,research,UMass Amherst,waste,26.915888
2016-01-04 22:00:00,1,Mouse_science_Micheal,Lederle,research,UMass Amherst,waste,26.915888
2016-01-04 23:00:00,1,Mouse_science_Micheal,Lederle,research,UMass Amherst,waste,26.915888
2016-01-05 00:00:00,1,Mouse_science_Micheal,Lederle,research,UMass Amherst,waste,26.915888
2016-01-05 01:00:00,1,Mouse_science_Micheal,Lederle,research,UMass Amherst,waste,26.915888
2016-01-05 02:00:00,1,Mouse_science_Micheal,Lederle,research,UMass Amherst,waste,26.915888
2016-01-05 03:00:00,1,Mouse_science_Micheal,Lederle,research,UMass Amherst,waste,26.915888
2016-01-05 04:00:00,1,Mouse_science_Micheal,Lederle,research,UMass Amherst,waste,26.915888
2016-01-05 05:00:00,1,Mouse_science_Micheal,Lederle,research,UMass Amherst,waste,26.915888
2016-01-05 06:00:00,1,Mouse_science_Micheal,Lederle,research,UMass Amherst,waste,26.915888
2016-01-05 07:00:00,1,Mouse_science_Micheal,Lederle,research,UMass Amherst,waste,26.915888
2016-01-05 08:00:00,1,Mouse_science_Micheal,Lederle,research,UMass Amherst,waste,26.915888
2016-01-05 09:00:00,1,Mouse_science_Micheal,Lederle,research,UMass Amherst,waste,26.915888
2016-01-05 10:00:00,1,Mouse_science_Micheal,Lederle,research,UMass Amherst,waste,26.915888
2016-01-05 11:00:00,1,Mouse_science_Micheal,Lederle,research,UMass Amherst,waste,26.915888
2016-01-05 12:00:00,1,Mouse_science_Micheal,Lederle,research,UMass Amherst,waste,26.915888
2016-01-05 13:00:00,1,Mouse_science_Micheal,Lederle,research,UMass Amherst,waste,26.915888
2016-01-05 14:00:00,1,Mouse_science_Micheal,Lederle,research,UMass Amherst,waste,26.915888
2016-01-05 15:00:00,1,Mouse_science_Micheal,Lederle,research,UMass Amherst,waste,26.915888
2016-01-05 16:00:00,1,Mouse_science_Micheal,Lederle,research,UMass Amherst,waste,26.915888
2016-01-05 17:00:00,1,Mouse_science_Micheal,Lederle,research,UMass Amherst,waste,26.915888
2016-01-05 18:00:00,1,Mouse_science_Micheal,Lederle,research,UMass Amherst,waste,26.915888
2016-01-05 19:00:00,1,Mouse_science_Micheal,Lederle,research,UMass Amherst,waste,26.915888
2016-01-05 20:00:00,1,Mouse_science_Micheal,Lederle,research,UMass Amherst,waste,26.915888
2016-01-05 21:00:00,1,Mouse_science_Micheal,Lederle,research,UMass Amherst,waste,26.915888
2016-01-05 22:00:00,1,Mouse_science_Micheal,Lederle,research,UMass Amherst,waste,26.915888
2016-01-05 23:00:00,1,Mouse_science_Micheal,Lederle,research,UMass Amherst,waste,26.915888
2016-01-06 00:00:00,1,Mouse_science_Micheal,Lederle,research,UMass Amherst,waste,26.915888
2016-01-06 01:00:00,1,Mouse_science_Micheal,Lederle,research,UMass Amherst,waste,26.915888
2016-01-06 02:00:00,1,Mouse_science_Micheal,Lederle,research,UMass Amherst,waste,26.915888
2016-01-06 03:00:00,1,Mouse_science_Micheal,Lederle,research,UMass Amherst,waste,26.915888
2016-01-06 04:00:00,1,Mouse_science_Micheal,Lederle,research,UMass Amherst,waste,26.915888
2016-01-06 05:00:00,1,Mouse_science_Micheal,Lederle,research,UMass Amherst,waste,26.915888
2016-01-06 06:00:00,1,Mouse_science_Micheal,Lederle,research,UMass Amherst,waste,26.915888
2016-01-06 07:00:00,1,Mouse_science_Micheal,Lederle,research,UMass Amherst,waste,26.915888
2016-01-06 08:00:00,1,Mouse_science_Micheal,Lederle,research,UMass Amherst,waste,26.915888
2016-01-06 09:00:00,1,Mouse_science_Micheal,Lederle,research,UMass Amherst,waste,26.915888
2016-01-06 10:00:00,1,Mouse_science_Micheal,Lederle,research,UMass Amherst,waste,26.915888
2016-01-06 11:00:00,1,Mouse_science_Micheal,Lederle,research,UMass Amherst,waste,26.915888
2016-01-06 12:00:00,1,Mouse_science_Micheal,Lederle,research,UMass Amherst,waste,26.915888
2016-01-06 13:00:00,1,Mouse_science_Micheal,Lederle,research,UMass Amherst,waste,26.915888
2016-01-06 14:00:00,1,Mouse_science_Micheal,Lederle,research,UMass Amherst,waste,26.915888
2016-01-06 15:00:00,1,Mouse_science_Micheal,Lederle,research,UMass Amherst,waste,26.915888
2016-01-06 16:00:00,1,Mouse_science_Micheal,Lederle,research,UMass Amherst,waste,26.915888
2016-01-06 17:00:00,1,Mouse_science_Micheal,Lederle,research,UMass Amherst,waste,26.915888
2016-01-06 18:00:00,1,Mouse_science_Micheal,Lederle,research,UMass Amherst,waste,26.915888
2016-01-06 19:00:00,1,Mouse_science_Micheal,Lederle,research,UMass Amherst,waste,26.915888
2016-01-06 20:00:00,1,Mouse_science_Micheal,Lederle,research,UMass Amherst,waste,26.915888
2016-01-06 21:00:00,1,Mouse_science_Micheal,Lederle,research,UMass Amherst,waste,26.915888
2016-01-06 22:00:00,1,Mouse_science_Micheal,Lederle,research,UMass Amherst,waste,26.915888
2016-01-06 23:00:00,1,Mouse_science_Micheal,Lederle,research,UMass Amherst,waste,26.915888
2016-01-07 00:00:00,1,Mouse_science_Micheal,Lederle,research,UMass Amherst,waste,26.915888
2016-01-07 01:00:00,1,Mouse_science_Micheal,Lederle,research,UMass Amherst,waste,26.915888
2016-01-07 02:00:00,1,Mouse_science_Micheal,Lederle,research,UMass Amherst,waste,26.915888
2016-01-07 03:00:00,1,Mouse_science_Micheal,Lederle,research,UMass Amherst,waste,26.915888
2016-01-07 04:00:00,1,Mouse_science_Micheal,Lederle,research,UMass Amherst,waste,26.915888
2016-01-07 05:00:00,1,Mouse_science_Micheal,Lederle,research,UMass Amherst,waste,26.915888
2016-01-07 06:00:00,1,Mouse_science_Micheal,Lederle,research,UMass Amherst,waste,26.915888
2016-01-07 07:00:00,1,Mouse_science_Micheal,Lederle,research,UMass Amherst,waste,26.915888
2016-01-07 08:00:00,1,Mouse_science_Micheal,Lederle,research,UMass Amherst,waste,26.915888
2016-01-07 09:00:00,1,Mouse_science_Micheal,Lederle,research,UMass Amherst,waste,26.915888
2016-01-07 10:00:00,1,Mouse_science_Micheal,Lederle,research,UMass Amherst,waste,26.915888
2016-01-07 11:00:00,1,Mouse_science_Micheal,Lederle,research,UMass Amherst,waste,26.915888
2016-01-07 12:00:00,1,Mouse_science_Micheal,Lederle,research,UMass Amherst,waste,26.915888
2016-01-07 13:00:00,1,Mouse_science_Micheal,Lederle,research,UMass Amherst,waste,26.915888
2016-01-07 14:00:00,1,Mouse_science_Micheal,Lederle,research,UMass Amherst,waste,26.915888
2016-01-07 15:00:00,1,Mouse_science_Micheal,Lederle,research,UMass Amherst,waste,26.915888
2016-01-07 16:00:00,1,Mouse_science_Micheal,Lederle,research,UMass Amherst,waste,26.915888
2016-01-07 17:00:00,1,Mouse_science_Micheal,Lederle,research,UMass Amherst,waste,26.915888
2016-01-07 18:00:00,1,Mouse_science_Micheal,Lederle,research,UMass Amherst,waste,26.915888
2016-01-07 19:00:00,1,Mouse_science_Micheal,Lederle,research,UMass Amherst,waste,26.915888
2016-01-07 20:00:00,1,Mouse_science_Micheal,Lederle,research,UMass Amherst,waste,26.915888
2016-01-07 21:00:00,1,Mouse_science_Micheal,Lederle,research,UMass Amherst,waste,26.915888
2016-01-07 22:00:00,1,Mouse_science_Micheal,Lederle,research,UMass Amherst,waste,26.915888
2016-01-07 23:00:00,1,Mouse_science_Micheal,Lederle,research,UMass Amherst,waste,26.915888
2016-01-08 00:00:00,1,Mouse_science_Micheal,Lederle,research,UMass Amherst,waste,26.915888
2016-01-08 01:00:00,1,Mouse_science_Micheal,Lederle,research,UMass Amherst,waste,26.915888
2016-01-08 02:00:00,1,Mouse_science_Micheal,Lederle,research,UMass Amherst,waste,26.915888
2016-01-08 03:00:00,1,Mouse_science_Micheal,Lederle,research,UMass Amherst,waste,26.915888
2016-01-08 04:00:00,1,Mouse_science_Micheal,Lederle,research,UMass Amherst,waste,26.915888
2016-01-08 05:00:00,1,Mouse_science_Micheal,Lederle,research,UMass Amherst,waste,26.915888
2016-01-08 06:00:00,1,Mouse_science_Micheal,Lederle,research,UMass Amherst,waste,26.915888
2016-01-08 07:00:00,1,Mouse_science_Micheal,Lederle,research,UMass Amherst,waste,26.915888
2016-01-08 08:00:00,1,Mouse_science_Micheal,Lederle,research,UMass Amherst,waste,26.915888
2016-01-08 09:00:00,1,Mouse_science_Micheal,Lederle,research,UMass Amherst,waste,26.915888
2016-01-08 10:00:00,1,Mouse_science_Micheal,Lederle,research,UMass Amherst,waste,26.915888
2016-01-08 11:00:00,1,Mouse_science_Micheal,Lederle,research,UMass Amherst,waste,26.915888
2016-01-08 12:00:00,1,Mouse_science_Micheal,Lederle,research,UMass Amherst,waste,26.915888
2016-01-08 13:00:00,1,Mouse_science_Micheal,Lederle,research,UMass Amherst,waste,26.915888
2016-01-08 14:00:00,1,Mouse_science_Micheal,Lederle,research,UMass Amherst,waste,26.915888
2016-01-08 15:00:00,1,Mouse_science_Micheal,Lederle,research,UMass Amherst,waste,26.915888
2016-01-08 16:00:00,1,Mouse_science_Micheal,Lederle,research,UMass Amherst,waste,26.915888
2016-01-08 17:00:00,1,Mouse_science_Micheal,Lederle,research,UMass Amherst,waste,26.915888
2016-01-08 18:00:00,1,Mouse_science_Micheal,Lederle,research,UMass Amherst,waste,26.915888
2016-01-08 19:00:00,1,Mouse_science_Micheal,Lederle,research,UMass Amherst,waste,26.915888
2016-01-08 20:00:00,1,Mouse_science_Micheal,Lederle,research,UMass Amherst,waste,26.915888
2016-01-08 21:00:00,1,Mouse_science_Micheal,Lederle,research,UMass Amherst,waste,26.915888
2016-01-08 22:00:00,1,Mouse_science_Micheal,Lederle,research,UMass Amherst,waste,26.915888
2016-01-08 23:00:00,1,Mouse_science_Micheal,Lederle,research,UMass Amherst,waste,26.915888
2016-01-09 00:00:00,1,Mouse_science_Micheal,Lederle,research,UMass Amherst,waste,26.915888
2016-01-09 01:00:00,1,Mouse_science_Micheal,Lederle,research,UMass Amherst,waste,26.915888
2016-01-09 02:00:00,1,Mouse_science_Micheal,Lederle,research,UMass Amherst,waste,26.915888
2016-01-09 03:00:00,1,Mouse_science_Micheal,Lederle,research,UMass Amherst,waste,26.915888
2016-01-09 04:00:00,1,Mouse_science_Micheal,Lederle,research,UMass Amherst,waste,26.915888
2016-01-09 05:00:00,1,Mouse_science_Micheal,Lederle,research,UMass Amherst,waste,26.915888
2016-01-09 06:00:00,1,Mouse_science_Micheal,Lederle,research,UMass Amherst,waste,26.915888
2016-01-09 07:00:00,1,Mouse_science_Micheal,Lederle,research,UMass Amherst,waste,26.915888
2016-01-09 08:00:00,1,Mouse_science_Micheal,Lederle,research,UMass Amherst,waste,26.915888
2016-01-09 09:00:00,1,Mouse_science_Micheal,Lederle,research,UMass Amherst,waste,26.915888
2016-01-09 10:00:00,1,Mouse_science_Micheal,Lederle,research,UMass Amherst,waste,26.915888
2016-01-09 11:00:00,1,Mouse_science_Micheal,Lederle,research,UMass Amherst,waste,26.915888
2016-01-09 12:00:00,1,Mouse_science_Micheal,Lederle,research,UMass Amherst,waste,26.915888
2016-01-09 13:00:00,1,Mouse_science_Micheal,Lederle,research,UMass Amherst,waste,26.915888
2016-01-09 14:00:00,1,Mouse_science_Micheal,Lederle,research,UMass Amherst,waste,26.915888
2016-01-09 15:00:00,1,Mouse_science_Micheal,Lederle,research,UMass Amherst,waste,26.915888
2016-01-09 16:00:00,1,Mouse_science_Micheal,Lederle,research,UMass Amherst,waste,26.915888
2016-01-09 17:00:00,1,Mouse_science_Micheal,Lederle,research,UMass Amherst,waste,26.915888
2016-01-09 18:00:00,1,Mouse_science_Micheal,Lederle,research,UMass Amherst,waste,26.915888
2016-01-09 19:00:00,1,Mouse_science_Micheal,Lederle,research,UMass Amherst,waste,26.915888
2016-01-09 20:00:00,1,Mouse_science_Micheal,Lederle,research,UMass Amherst,waste,26.915888
2016-01-09 21:00:00,1,Mouse_science_Micheal,Lederle,research,UMass Amherst,waste,26.915888
2016-01-09 22:00:00,1,Mouse_science_Micheal,Lederle,research,UMass Amherst,waste,26.915888
2016-01-09 23:00:00,1,Mouse_science_Micheal,Lederle,research,UMass Amherst,waste,26.915888
2016-01-10 00:00:00,1,Mouse_science_Micheal,Lederle,research,UMass Amherst,waste,26.915888
2016-01-10 01:00:00,1,Mouse_science_Micheal,Lederle,research,UMass Amherst,waste,26.915888
2016-01-10 02:00:00,1,Mouse_science_Micheal,Lederle,research,UMass Amherst,waste,26.915888
2016-01-10 03:00:00,1,Mouse_science_Micheal,Lederle,research,UMass Amherst,waste,26.915888
2016-01-10 04:00:00,1,Mouse_science_Micheal,Lederle,research,UMass Amherst,waste,26.915888
2016-01-10 05:00:00,1,Mouse_science_Micheal,Lederle,research,UMass Amherst,waste,26.915888
2016-01-10 06:00:00,1,Mouse_science_Micheal,Lederle,research,UMass Amherst,waste,26.915888
2016-01-10 07:00:00,1,Mouse_science_Micheal,Lederle,research,UMass Amherst,waste,26.915888
2016-01-10 08:00:00,1,Mouse_science_Micheal,Lederle,research,UMass Amherst,waste,26.915888
2016-01-10 09:00:00,1,Mouse_science_Micheal,Lederle,research,UMass Amherst,waste,26.915888
2016-01-10 10:00:00,1,Mouse_science_Micheal,Lederle,research,UMass Amherst,waste,26.915888
2016-01-10 11:00:00,1,Mouse_science_Micheal,Lederle,research,UMass Amherst,waste,26.915888
2016-01-10 12:00:00,1,Mouse_science_Micheal,Lederle,research,UMass Amherst,waste,26.915888
2016-01-10 13:00:00,1,Mouse_science_Micheal,Lederle,research,UMass Amherst,waste,26.915888
2016-01-10 14:00:00,1,Mouse_science_Micheal,Lederle,research,UMass Amherst,waste,26.915888
2016-01-10 15:00:00,1,Mouse_science_Micheal,Lederle,research,UMass Amherst,waste,26.915888
2016-01-10 16:00:00,1,Mouse_science_Micheal,Lederle,research,UMass Amherst,waste,26.915888
2016-01-10 17:00:00,1,Mouse_science_Micheal,Lederle,research,UMass Amherst,waste,26.915888
2016-01-10 18:00:00,1,Mouse_science_Micheal,Lederle,research,UMass Amherst,waste,26.915888
2016-01-10 19:00:00,1,Mouse_science_Micheal,Lederle,research,UMass Amherst,waste,26.915888
2016-01-10 20:00:00,1,Mouse_science_Micheal,Lederle,research,UMass Amherst,waste,26.915888
2016-01-10 21:00:00,1,Mouse_science_Micheal,Lederle,research,UMass Amherst,waste,26.915888
2016-01-10 22:00:00,1,Mouse_science_Micheal,Lederle,research,UMass Amherst,waste,26.915888
2016-01-10 23:00:00,1,Mouse_science_Micheal,Lederle,research,UMass Amherst,waste,26.915888
2016-01-11 00:00:00,1,Mouse_science_Micheal,Lederle,research,UMass Amherst,waste,26.915888
2016-01-11 01:00:00,1,Mouse_science_Micheal,Lederle,research,UMass Amherst,waste,26.915888
2016-01-11 02:00:00,1,Mouse_science_Micheal,Lederle,research,UMass Amherst,waste,26.915888
2016-01-11 03:00:00,1,Mouse_science_Micheal,Lederle,research,UMass Amherst,waste,26.915888
2016-01-11 04:00:00,1,Mouse_science_Micheal,Lederle,research,UMass Amherst,waste,26.915888
2016-01-11 05:00:00,1,Mouse_science_Micheal,Lederle,research,UMass Amherst,waste,26.915888
2016-01-11 06:00:00,1,Mouse_science_Micheal,Lederle,research,UMass Amherst,waste,26.915888
2016-01-11 07:00:00,1,Mouse_science_Micheal,Lederle,research,UMass Amherst,waste,26.915888
2016-01-11 08:00:00,1,Mouse_science_Micheal,Lederle,research,UMass Amherst,waste,26.915888
2016-01-11 09:00:00,1,Mouse_science_Micheal,Lederle,research,UMass Amherst,waste,26.915888
2016-01-11 10:00:00,1,Mouse_science_Micheal,Lederle,research,UMass Amherst,waste,26.915888
2016-01-11 11:00:00,1,Mouse_science_Micheal,Lederle,research,UMass Amherst,waste,26.915888
2016-01-11 12:00:00,1,Mouse_science_Micheal,Lederle,research,UMass Amherst,waste,26.915888
2016-01-11 13:00:00,1,Mouse_science_Micheal,Lederle,research,UMass Amherst,waste,26.915888
2016-01-11 14:00:00,1,Mouse_science_Micheal,Lederle,research,UMass Amherst,waste,26.915888
2016-01-11 15:00:00,1,Mouse_science_Micheal,Lederle,research,UMass Amherst,waste,26.915888
2016-01-11 16:00:00,1,Mouse_science_Micheal,Lederle,research,UMass Amherst,waste,26.915888
2016-01-11 17:00:00,1,Mouse_science_Micheal,Lederle,research,UMass Amherst,waste,26.915888
2016-01-11 18:00:00,1,Mouse_science_Micheal,Lederle,research,UMass Amherst,waste,26.915888
2016-01-11 19:00:00,1,Mouse_science_Micheal,Lederle,research,UMass Amherst,waste,26.915888
2016-01-11 20:00:00,1,Mouse_science_Micheal,Lederle,research,UMass Amherst,waste,26.915888
2016-01-11 21:00:00,1,Mouse_science_Micheal,Lederle,research,UMass Amherst,waste,26.915888
2016-01-11 22:00:00,1,Mouse_science_Micheal,Lederle,research,UMass Amherst,waste,26.915888
2016-01-11 23:00:00,1,Mouse_science_Micheal,Lederle,research,UMass Amherst,waste,26.915888
2016-01-12 00:00:00,1,Mouse_science_Micheal,Lederle,research,UMass Amherst,waste,26.915888
2016-01-12 01:00:00,1,Mouse_science_Micheal,Lederle,research,UMass Amherst,waste,26.915888
2016-01-12 02:00:00,1,Mouse_science_Micheal,Lederle,research,UMass Amherst,waste,26.915888
2016-01-12 03:00:00,1,Mouse_science_Micheal,Lederle,research,UMass Amherst,waste,26.915888
2016-01-12 04:00:00,1,Mouse_science_Micheal,Lederle,research,UMass Amherst,waste,26.915888
2016-01-12 05:00:00,1,Mouse_science_Micheal,Lederle,research,UMass Amherst,waste,26.915888
2016-01-12 06:00:00,1,Mouse_science_Micheal,Lederle,research,UMass Amherst,waste,26.915888
2016-01-12 07:00:00,1,Mouse_science_Micheal,Lederle,research,UMass Amherst,waste,26.915888
2016-01-12 08:00:00,1,Mouse_science_Micheal,Lederle,research,UMass Amherst,waste,26.915888
2016-01-12 09:00:00,1,Mouse_science_Micheal,Lederle,research,UMass Amherst,waste,26.915888
2016-01-12 10:00:00,1,Mouse_science_Micheal,Lederle,research,UMass Amherst,waste,26.915888
2016-01-12 11:00:00,1,Mouse_science_Micheal,Lederle,research,UMass Amherst,waste,26.915888
2016-01-12 12:00:00,1,Mouse_science_Micheal,Lederle,research,UMass Amherst,waste,26.915888
2016-01-12 13:00:00,1,Mouse_science_Micheal,Lederle,research,UMass Amherst,waste,26.915888
2016-01-12 14:00:00,1,Mouse_science_Micheal,Lederle,research,UMass Amherst,waste,26.915888
2016-01-12 15:00:00,1,Mouse_science_Micheal,Lederle,research,UMass Amherst,waste,26.915888
2016-01-12 16:00:00,1,Mouse_science_Micheal,Lederle,research,UMass Amherst,waste,26.915888
2016-01-12 17:00:00,1,Mouse_science_Micheal,Lederle,research,UMass Amherst,waste,26.915888
2016-01-12 18:00:00,1,Mouse_science_Micheal,Lederle,research,UMass Amherst,waste,26.915888
2016-01-12 19:00:00,1,Mouse_science_Micheal,Lederle,research,UMass Amherst,waste,26.915888
2016-01-12 20:00:00,1,Mouse_science_Micheal,Lederle,research,UMass Amherst,waste,26.915888
2016-01-12 21:00:00,1,Mouse_science_Micheal,Lederle,research,UMass Amherst,waste,26.915888
2016-01-12 22:00:00,1,Mouse_science_Micheal,Lederle,research,UMass Amherst,waste,26.915888
2016-01-12 23:00:00,1,Mouse_science_Micheal,Lederle,research,UMass Amherst,waste,26.915888
2016-01-13 00:00:00,1,Mouse_science_Micheal,Lederle,research,UMass Amherst,waste,26.915888
2016-01-13 01:00:00,1,Mouse_science_Micheal,Lederle,research,UMass Amherst,waste,26.915888
2016-01-13 02:00:00,1,Mouse_science_Micheal,Lederle,research,UMass Amherst,waste,26.915888
2016-01-13 03:00:00,1,Mouse_science_Micheal,Lederle,research,UMass Amherst,waste,26.915888
2016-01-13 04:00:00,1,Mouse_science_Micheal,Lederle,research,UMass Amherst,waste,26.915888
2016-01-13 05:00:00,1,Mouse_science_Micheal,Lederle,research,UMass Amherst,waste,26.915888
2016-01-13 06:00:00,1,Mouse_science_Micheal,Lederle,research,UMass Amherst,waste,26.915888
2016-01-13 07:00:00,1,Mouse_science_Micheal,Lederle,research,UMass Amherst,waste,26.915888
2016-01-13 08:00:00,1,Mouse_science_Micheal,Lederle,research,UMass Amherst,waste,26.915888
2016-01-13 09:00:00,1,Mouse_science_Micheal,Lederle,research,UMass Amherst,waste,26.915888
2016-01-13 10:00:00,1,Mouse_science_Micheal,Lederle,research,UMass Amherst,waste,26.915888
2016-01-13 11:00:00,1,Mouse_science_Micheal,Lederle,research,UMass Amherst,waste,26.915888
2016-01-13 12:00:00,1,Mouse_science_Micheal,Lederle,research,UMass Amherst,waste,26.915888
2016-01-13 13:00:00,1,Mouse_science_Micheal,Lederle,research,UMass Amherst,waste,26.915888
2016-01-13 14:00:00,1,Mouse_science_Micheal,Lederle,research,UMass Amherst,waste,26.915888
2016-01-13 15:00:00,1,Mouse_science_Micheal,Lederle,research,UMass Amherst,waste,26.915888
2016-01-13 16:00:00,1,Mouse_science_Micheal,Lederle,research,UMass Amherst,waste,26.915888
2016-01-13 17:00:00,1,Mouse_science_Micheal,Lederle,research,UMass Amherst,waste,26.915888
2016-01-13 18:00:00,1,Mouse_science_Micheal,Lederle,research,UMass Amherst,waste,26.915888
2016-01-13 19:00:00,1,Mouse_science_Micheal,Lederle,research,UMass Amherst,waste,26.915888
2016-01-13 20:00:00,1,Mouse_science_Micheal,Lederle,research,UMass Amherst,waste,26.915888
2016-01-13 21:00:00,1,Mouse_science_Micheal,Lederle,research,UMass Amherst,waste,26.915888
2016-01-13 22:00:00,1,Mouse_science_Micheal,Lederle,research,UMass Amherst,waste,26.915888
2016-01-13 23:00:00,1,Mouse_science_Micheal,Lederle,research,UMass Amherst,waste,26.915888
2016-01-14 00:00:00,1,Mouse_science_Micheal,Lederle,research,UMass Amherst,waste,26.915888
2016-01-14 01:00:00,1,Mouse_science_Micheal,Lederle,research,UMass Amherst,waste,26.915888
2016-01-14 02:00:00,1,Mouse_science_Micheal,Lederle,research,UMass Amherst,waste,26.915888
2016-01-14 03:00:00,1,Mouse_science_Micheal,Lederle,research,UMass Amherst,waste,26.915888
2016-01-14 04:00:00,1,Mouse_science_Micheal,Lederle,research,UMass Amherst,waste,26.915888
2016-01-14 05:00:00,1,Mouse_science_Micheal,Lederle,research,UMass Amherst,waste,26.915888
2016-01-14 06:00:00,1,Mouse_science_Micheal,Lederle,research,UMass Amherst,waste,26.915888
2016-01-14 07:00:00,1,Mouse_science_Micheal,Lederle,research,UMass Amherst,waste,26.915888
2016-01-14 08:00:00,1,Mouse_science_Micheal,Lederle,research,UMass Amherst,waste,26.915888
2016-01-14 09:00:00,1,Mouse_science_Micheal,Lederle,research,UMass Amherst,waste,26.915888
2016-01-14 10:00:00,1,Mouse_science_Micheal,Lederle,research,UMass Amherst,waste,26.915888
2016-01-14 11:00:00,1,Mouse_science_Micheal,Lederle,research,UMass Amherst,waste,26.915888
2016-01-14 12:00:00,1,Mouse_science_Micheal,Lederle,research,UMass Amherst,waste,26.915888
2016-01-14 13:00:00,1,Mouse_science_Micheal,Lederle,research,UMass Amherst,waste,26.915888
2016-01-14 14:00:00,1,Mouse_science_Micheal,Lederle,research,UMass Amherst,waste,26.915888
2016-01-14 15:00:00,1,Mouse_science_Micheal,Lederle,research,UMass Amherst,waste,26.915888
2016-01-14 16:00:00,1,Mouse_science_Micheal,Lederle,research,UMass Amherst,waste,26.915888
2016-01-14 17:00:00,1,Mouse_science_Micheal,Lederle,research,UMass Amherst,waste,26.915888
2016-01-14 18:00:00,1,Mouse_science_Micheal,Lederle,research,UMass Amherst,waste,26.915888
2016-01-14 19:00:00,1,Mouse_science_Micheal,Lederle,research,UMass Amherst,waste,26.915888
2016-01-14 20:00:00,1,Mouse_science_Micheal,Lederle,research,UMass Amherst,waste,26.915888
2016-01-14 21:00:00,1,Mouse_science_Micheal,Lederle,research,UMass Amherst,waste,26.915888
2016-01-14 22:00:00,1,Mouse_science_Micheal,Lederle,research,UMass Amherst,waste,26.915888
2016-01-14 23:00:00,1,Mouse_science_Micheal,Lederle,research,UMass Amherst,waste,26.915888
2016-01-15 00:00:00,1,Mouse_science_Micheal,Lederle,research,UMass Amherst,waste,26.915888
2016-01-15 01:00:00,1,Mouse_science_Micheal,Lederle,research,UMass Amherst,waste,26.915888
2016-01-15 02:00:00,1,Mouse_science_Micheal,Lederle,research,UMass Amherst,waste,26.915888
2016-01-15 03:00:00,1,Mouse_science_Micheal,Lederle,research,UMass Amherst,waste,26.915888
2016-01-15 04:00:00,1,Mouse_science_Micheal,Lederle,research,UMass Amherst,waste,26.915888
2016-01-15 05:00:00,1,Mouse_science_Micheal,Lederle,research,UMass Amherst,waste,26.915888
2016-01-15 06:00:00,1,Mouse_science_Micheal,Lederle,research,UMass Amherst,waste,26.915888
2016-01-15 07:00:00,1,Mouse_science_Micheal,Lederle,research,UMass Amherst,waste,26.915888
2016-01-15 08:00:00,1,Mouse_science_Micheal,Lederle,research,UMass Amherst,waste,26.915888
2016-01-15 09:00:00,1,Mouse_science_Micheal,Lederle,research,UMass Amherst,waste,26.915888
2016-01-15 10:00:00,1,Mouse_science_Micheal,Lederle,research,UMass Amherst,waste,26.915888
2016-01-15 11:00:00,1,Mouse_science_Micheal,Lederle,research,UMass Amherst,waste,26.915888
2016-01-15 12:00:00,1,Mouse_science_Micheal,Lederle,research,UMass Amherst,waste,26.915888
2016-01-15 13:00:00,1,Mouse_science_Micheal,Lederle,research,UMass Amherst,waste,26.915888
2016-01-15 14:00:00,1,Mouse_science_Micheal,Lederle,research,UMass Amherst,waste,26.915888
2016-01-15 15:00:00,1,Mouse_science_Micheal,Lederle,research,UMass Amherst,waste,26.915888
2016-01-15 16:00:00,1,Mouse_science_Micheal,Lederle,research,UMass Amherst,waste,26.915888
2016-01-15 17:00:00,1,Mouse_science_Micheal,Lederle,research,UMass Amherst,waste,26.915888
2016-01-15 18:00:00,1,Mouse_science_Micheal,Lederle,research,UMass Amherst,waste,26.915888
2016-01-15 19:00:00,1,Mouse_science_Micheal,Lederle,research,UMass Amherst,waste,26.915888
2016-01-15 20:00:00,1,Mouse_science_Micheal,Lederle,research,UMass Amherst,waste,26.915888
2016-01-15 21:00:00,1,Mouse_science_Micheal,Lederle,research,UMass Amherst,waste,26.915888
2016-01-15 22:00:00,1,Mouse_science_Micheal,Lederle,research,UMass Amherst,waste,26.915888
2016-01-15 23:00:00,1,Mouse_science_Micheal,Lederle,research,UMass Amherst,waste,26.915888
2016-01-16 00:00:00,1,Mouse_science_Micheal,Lederle,research,UMass Amherst,waste,26.915888
2016-01-16 01:00:00,1,Mouse_science_Micheal,Lederle,research,UMass Amherst,waste,26.915888
2016-01-16 02:00:00,1,Mouse_science_Micheal,Lederle,research,UMass Amherst,waste,26.915888
2016-01-16 03:00:00,1,Mouse_science_Micheal,Lederle,research,UMass Amherst,waste,26.915888
2016-01-16 04:00:00,1,Mouse_science_Micheal,Lederle,research,UMass Amherst,waste,26.915888
2016-01-16 05:00:00,1,Mouse_science_Micheal,Lederle,research,UMass Amherst,waste,26.915888
2016-01-16 06:00:00,1,Mouse_science_Micheal,Lederle,research,UMass Amherst,waste,26.915888
2016-01-16 07:00:00,1,Mouse_science_Micheal,Lederle,research,UMass Amherst,waste,26.915888
2016-01-16 08:00:00,1,Mouse_science_Micheal,Lederle,research,UMass Amherst,waste,26.915888
2016-01-16 09:00:00,1,Mouse_science_Micheal,Lederle,research,UMass Amherst,waste,26.915888
2016-01-16 10:00:00,1,Mouse_science_Micheal,Lederle,research,UMass Amherst,waste,26.915888
2016-01-16 11:00:00,1,Mouse_science_Micheal,Lederle,research,UMass Amherst,waste,26.915888
2016-01-16 12:00:00,1,Mouse_science_Micheal,Lederle,research,UMass Amherst,waste,26.915888
2016-01-16 13:00:00,1,Mouse_science_Micheal,Lederle,research,UMass Amherst,waste,26.915888
2016-01-16 14:00:00,1,Mouse_science_Micheal,Lederle,research,UMass Amherst,waste,26.915888
2016-01-16 15:00:00,1,Mouse_science_Micheal,Lederle,research,UMass Amherst,waste,26.915888
2016-01-16 16:00:00,1,Mouse_science_Micheal,Lederle,research,UMass Amherst,waste,26.915888
2016-01-16 17:00:00,1,Mouse_science_Micheal,Lederle,research,UMass Amherst,waste,26.915888
2016-01-16 18:00:00,1,Mouse_science_Micheal,Lederle,research,UMass Amherst,waste,26.915888
2016-01-16 19:00:00,1,Mouse_science_Micheal,Lederle,research,UMass Amherst,waste,26.915888
2016-01-16 20:00:00,1,Mouse_science_Micheal,Lederle,research,UMass Amherst,waste,26.915888
2016-01-16 21:00:00,1,Mouse_science_Micheal,Lederle,research,UMass Amherst,waste,26.915888
2016-01-16 22:00:00,1,Mouse_science_Micheal,Lederle,research,UMass Amherst,waste,26.915888
2016-01-16 23:00:00,1,Mouse_science_Micheal,Lederle,research,UMass Amherst,waste,26.915888
2016-01-17 00:00:00,1,Mouse_science_Micheal,Lederle,research,UMass Amherst,waste,26.915888
2016-01-17 01:00:00,1,Mouse_science_Micheal,Lederle,research,UMass Amherst,waste,26.915888
2016-01-17 02:00:00,1,Mouse_science_Micheal,Lederle,research,UMass Amherst,waste,26.915888
2016-01-17 03:00:00,1,Mouse_science_Micheal,Lederle,research,UMass Amherst,waste,26.915888
2016-01-17 04:00:00,1,Mouse_science_Micheal,Lederle,research,UMass Amherst,waste,26.915888
2016-01-17 05:00:00,1,Mouse_science_Micheal,Lederle,research,UMass Amherst,waste,26.915888
2016-01-17 06:00:00,1,Mouse_science_Micheal,Lederle,research,UMass Amherst,waste,26.915888
2016-01-17 07:00:00,1,Mouse_science_Micheal,Lederle,research,UMass Amherst,waste,26.915888
2016-01-17 08:00:00,1,Mouse_science_Micheal,Lederle,research,UMass Amherst,waste,26.915888
2016-01-17 09:00:00,1,Mouse_science_Micheal,Lederle,research,UMass Amherst,waste,26.915888
2016-01-17 10:00:00,1,Mouse_science_Micheal,Lederle,research,UMass Amherst,waste,26.915888
2016-01-17 11:00:00,1,Mouse_science_Micheal,Lederle,research,UMass Amherst,waste,26.915888
2016-01-17 12:00:00,1,Mouse_science_Micheal,Lederle,research,UMass Amherst,waste,26.915888
2016-01-17 13:00:00,1,Mouse_science_Micheal,Lederle,research,UMass Amherst,waste,26.915888
2016-01-17 14:00:00,1,Mouse_science_Micheal,Lederle,research,UMass Amherst,waste,26.915888
2016-01-17 15:00:00,1,Mouse_science_Micheal,Lederle,research,UMass Amherst,waste,26.915888
2016-01-17 16:00:00,1,Mouse_science_Micheal,Lederle,research,UMass Amherst,waste,26.915888
2016-01-17 17:00:00,1,Mouse_science_Micheal,Lederle,research,UMass Amherst,waste,26.915888
2016-01-17 18:00:00,1,Mouse_science_Micheal,Lederle,research,UMass Amherst,waste,26.915888
2016-01-17 19:00:00,1,Mouse_science_Micheal,Lederle,research,UMass Amherst,waste,26.915888
2016-01-17 20:00:00,1,Mouse_science_Micheal,Lederle,research,UMass Amherst,waste,26.915888
2016-01-17 21:00:00,1,Mouse_science_Micheal,Lederle,research,UMass Amherst,waste,26.915888
2016-01-17 22:00:00,1,Mouse_science_Micheal,Lederle,research,UMass Amherst,waste,26.915888
2016-01-17 23:00:00,1,Mouse_science_Micheal,Lederle,research,UMass Amherst,waste,26.915888
2016-01-18 00:00:00,1,Mouse_science_Micheal,Lederle,research,UMass Amherst,waste,26.915888
2016-01-18 01:00:00,1,Mouse_science_Micheal,Lederle,research,UMass Amherst,waste,26.915888
2016-01-18 02:00:00,1,Mouse_science_Micheal,Lederle,research,UMass Amherst,waste,26.915888
2016-01-18 03:00:00,1,Mouse_science_Micheal,Lederle,research,UMass Amherst,waste,26.915888
2016-01-18 04:00:00,1,Mouse_science_Micheal,Lederle,research,UMass Amherst,waste,26.915888
2016-01-18 05:00:00,1,Mouse_science_Micheal,Lederle,research,UMass Amherst,waste,26.915888
2016-01-18 06:00:00,1,Mouse_science_Micheal,Lederle,research,UMass Amherst,waste,26.915888
2016-01-18 07:00:00,1,Mouse_science_Micheal,Lederle,research,UMass Amherst,waste,26.915888
2016-01-18 08:00:00,1,Mouse_science_Micheal,Lederle,research,UMass Amherst,waste,26.915888
2016-01-18 09:00:00,1,Mouse_science_Micheal,Lederle,research,UMass Amherst,waste,26.915888
2016-01-18 10:00:00,1,Mouse_science_Micheal,Lederle,research,UMass Amherst,waste,26.915888
2016-01-18 11:00:00,1,Mouse_science_Micheal,Lederle,research,UMass Amherst,waste,26.915888
2016-01-18 12:00:00,1,Mouse_science_Micheal,Lederle,research,UMass Amherst,waste,26.915888
2016-01-18 13:00:00,1,Mouse_science_Micheal,Lederle,research,UMass Amherst,waste,26.915888
2016-01-18 14:00:00,1,Mouse_science_Micheal,Lederle,research,UMass Amherst,waste,26.915888
2016-01-18 15:00:00,1,Mouse_science_Micheal,Lederle,research,UMass Amherst,waste,26.915888
2016-01-18 16:00:00,1,Mouse_science_Micheal,Lederle,research,UMass Amherst,waste,26.915888
2016-01-18 17:00:00,1,Mouse_science_Micheal,Lederle,research,UMass Amherst,waste,26.915888
2016-01-18 18:00:00,1,Mouse_science_Micheal,Lederle,research,UMass Amherst,waste,26.915888
2016-01-18 19:00:00,1,Mouse_science_Micheal,Lederle,research,UMass Amherst,waste,26.915888
2016-01-18 20:00:00,1,Mouse_science_Micheal,Lederle,research,UMass Amherst,waste,26.915888
2016-01-18 21:00:00,1,Mouse_science_Micheal,Lederle,research,UMass Amherst,waste,26.915888
2016-01-18 22:00:00,1,Mouse_science_Micheal,Lederle,research,UMass Amherst,waste,26.915888
2016-01-18 23:00:00,1,Mouse_science_Micheal,Lederle,research,UMass Amherst,waste,26.915888
2016-01-19 00:00:00,1,Mouse_science_Micheal,Lederle,research,UMass Amherst,waste,26.915888
2016-01-19 01:00:00,1,Mouse_science_Micheal,Lederle,research,UMass Amherst,waste,26.915888
2016-01-19 02:00:00,1,Mouse_science_Micheal,Lederle,research,UMass Amherst,waste,26.915888
2016-01-19 03:00:00,1,Mouse_science_Micheal,Lederle,research,UMass Amherst,waste,26.915888
2016-01-19 04:00:00,1,Mouse_science_Micheal,Lederle,research,UMass Amherst,waste,26.915888
2016-01-19 05:00:00,1,Mouse_science_Micheal,Lederle,research,UMass Amherst,waste,26.915888
2016-01-19 06:00:00,1,Mouse_science_Micheal,Lederle,research,UMass Amherst,waste,26.915888
2016-01-19 07:00:00,1,Mouse_science_Micheal,Lederle,research,UMass Amherst,waste,26.915888
2016-01-19 08:00:00,1,Mouse_science_Micheal,Lederle,research,UMass Amherst,waste,26.915888
2016-01-19 09:00:00,1,Mouse_science_Micheal,Lederle,research,UMass Amherst,waste,26.915888
2016-01-19 10:00:00,1,Mouse_science_Micheal,Lederle,research,UMass Amherst,waste,26.915888
2016-01-19 11:00:00,1,Mouse_science_Micheal,Lederle,research,UMass Amherst,waste,26.915888
2016-01-19 12:00:00,1,Mouse_science_Micheal,Lederle,research,UMass Amherst,waste,26.915888
2016-01-19 13:00:00,1,Mouse_science_Micheal,Lederle,research,UMass Amherst,waste,26.915888
2016-01-19 14:00:00,1,Mouse_science_Micheal,Lederle,research,UMass Amherst,waste,26.915888
2016-01-19 15:00:00,1,Mouse_science_Micheal,Lederle,research,UMass Amherst,waste,26.915888
2016-01-19 16:00:00,1,Mouse_science_Micheal,Lederle,research,UMass Amherst,waste,26.915888
2016-01-19 17:00:00,1,Mouse_science_Micheal,Lederle,research,UMass Amherst,waste,26.915888
2016-01-19 18:00:00,1,Mouse_science_Micheal,Lederle,research,UMass Amherst,waste,26.915888
2016-01-19 19:00:00,1,Mouse_science_Micheal,Lederle,research,UMass Amherst,waste,26.915888
2016-01-19 20:00:00,1,Mouse_science_Micheal,Lederle,research,UMass Amherst,waste,26.915888
2016-01-19 21:00:00,1,Mouse_science_Micheal,Lederle,research,UMass Amherst,waste,26.915888
2016-01-19 22:00:00,1,Mouse_science_Micheal,Lederle,research,UMass Amherst,waste,26.915888
2016-01-19 23:00:00,1,Mouse_science_Micheal,Lederle,research,UMass Amherst,waste,26.915888
2016-01-20 00:00:00,1,Mouse_science_Micheal,Lederle,research,UMass Amherst,waste,26.915888
2016-01-20 01:00:00,1,Mouse_science_Micheal,Lederle,research,UMass Amherst,waste,26.915888
2016-01-20 02:00:00,1,Mouse_science_Micheal,Lederle,research,UMass Amherst,waste,26.915888
2016-01-20 03:00:00,1,Mouse_science_Micheal,Lederle,research,UMass Amherst,waste,26.915888
2016-01-20 04:00:00,1,Mouse_science_Micheal,Lederle,research,UMass Amherst,waste,26.915888
2016-01-20 05:00:00,1,Mouse_science_Micheal,Lederle,research,UMass Amherst,waste,26.915888
2016-01-20 06:00:00,1,Mouse_science_Micheal,Lederle,research,UMass Amherst,waste,26.915888
2016-01-20 07:00:00,1,Mouse_science_Micheal,Lederle,research,UMass Amherst,waste,26.915888
2016-01-20 08:00:00,1,Mouse_science_Micheal,Lederle,research,UMass Amherst,waste,26.915888
2016-01-20 09:00:00,1,Mouse_science_Micheal,Lederle,research,UMass Amherst,waste,26.915888
2016-01-20 10:00:00,1,Mouse_science_Micheal,Lederle,research,UMass Amherst,waste,26.915888
2016-01-20 11:00:00,1,Mouse_science_Micheal,Lederle,research,UMass Amherst,waste,26.915888
2016-01-20 12:00:00,1,Mouse_science_Micheal,Lederle,research,UMass Amherst,waste,26.915888
2016-01-20 13:00:00,1,Mouse_science_Micheal,Lederle,research,UMass Amherst,waste,26.915888
2016-01-20 14:00:00,1,Mouse_science_Micheal,Lederle,research,UMass Amherst,waste,26.915888
2016-01-20 15:00:00,1,Mouse_science_Micheal,Lederle,research,UMass Amherst,waste,26.915888
2016-01-20 16:00:00,1,Mouse_science_Micheal,Lederle,research,UMass Amherst,waste,26.915888
2016-01-20 17:00:00,1,Mouse_science_Micheal,Lederle,research,UMass Amherst,waste,26.915888
2016-01-20 18:00:00,1,Mouse_science_Micheal,Lederle,research,UMass Amherst,waste,26.915888
2016-01-20 19:00:00,1,Mouse_science_Micheal,Lederle,research,UMass Amherst,waste,26.915888
2016-01-20 20:00:00,1,Mouse_science_Micheal,Lederle,research,UMass Amherst,waste,26.915888
2016-01-20 21:00:00,1,Mouse_science_Micheal,Lederle,research,UMass Amherst,waste,26.915888
2016-01-20 22:00:00,1,Mouse_science_Micheal,Lederle,research,UMass Amherst,waste,26.915888
2016-01-20 23:00:00,1,Mouse_science_Micheal,Lederle,research,UMass Amherst,waste,26.915888
2016-01-21 00:00:00,1,Mouse_science_Micheal,Lederle,research,UMass Amherst,waste,26.915888
2016-01-21 01:00:00,1,Mouse_science_Micheal,Lederle,research,UMass Amherst,waste,26.915888
2016-01-21 02:00:00,1,Mouse_science_Micheal,Lederle,research,UMass Amherst,waste,26.915888
2016-01-21 03:00:00,1,Mouse_science_Micheal,Lederle,research,UMass Amherst,waste,26.915888
2016-01-21 04:00:00,1,Mouse_science_Micheal,Lederle,research,UMass Amherst,waste,26.915888
2016-01-21 05:00:00,1,Mouse_science_Micheal,Lederle,research,UMass Amherst,waste,26.915888
2016-01-21 06:00:00,1,Mouse_science_Micheal,Lederle,research,UMass Amherst,waste,26.915888
2016-01-21 07:00:00,1,Mouse_science_Micheal,Lederle,research,UMass Amherst,waste,26.915888
2016-01-21 08:00:00,1,Mouse_science_Micheal,Lederle,research,UMass Amherst,waste,26.915888
2016-01-21 09:00:00,1,Mouse_science_Micheal,Lederle,research,UMass Amherst,waste,26.915888
2016-01-21 10:00:00,1,Mouse_science_Micheal,Lederle,research,UMass Amherst,waste,26.915888
2016-01-21 11:00:00,1,Mouse_science_Micheal,Lederle,research,UMass Amherst,waste,26.915888
2016-01-21 12:00:00,1,Mouse_science_Micheal,Lederle,research,UMass Amherst,waste,26.915888
2016-01-21 13:00:00,1,Mouse_science_Micheal,Lederle,research,UMass Amherst,waste,26.915888
2016-01-21 14:00:00,1,Mouse_science_Micheal,Lederle,research,UMass Amherst,waste,26.915888
2016-01-21 15:00:00,1,Mouse_science_Micheal,Lederle,research,UMass Amherst,waste,26.915888
2016-01-21 16:00:00,1,Mouse_science_Micheal,Lederle,research,UMass Amherst,waste,26.915888
2016-01-21 17:00:00,1,Mouse_science_Micheal,Lederle,research,UMass Amherst,waste,26.915888
2016-01-21 18:00:00,1,Mouse_science_Micheal,Lederle,research,UMass Amherst,waste,26.915888
2016-01-21 19:00:00,1,Mouse_science_Micheal,Lederle,research,UMass Amherst,waste,26.915888
2016-01-21 20:00:00,1,Mouse_science_Micheal,Lederle,research,UMass Amherst,waste,26.915888
2016-01-21 21:00:00,1,Mouse_science_Micheal,Lederle,research,UMass Amherst,waste,26.915888
2016-01-21 22:00:00,1,Mouse_science_Micheal,Lederle,research,UMass Amherst,waste,26.915888
2016-01-21 23:00:00,1,Mouse_science_Micheal,Lederle,research,UMass Amherst,waste,26.915888
2016-01-22 00:00:00,1,Mouse_science_Micheal,Lederle,research,UMass Amherst,waste,26.915888
2016-01-22 01:00:00,1,Mouse_science_Micheal,Lederle,research,UMass Amherst,waste,26.915888
2016-01-22 02:00:00,1,Mouse_science_Micheal,Lederle,research,UMass Amherst,waste,26.915888
2016-01-22 03:00:00,1,Mouse_science_Micheal,Lederle,research,UMass Amherst,waste,26.915888
2016-01-22 04:00:00,1,Mouse_science_Micheal,Lederle,research,UMass Amherst,waste,26.915888
2016-01-22 05:00:00,1,Mouse_science_Micheal,Lederle,research,UMass Amherst,waste,26.915888
2016-01-22 06:00:00,1,Mouse_science_Micheal,Lederle,research,UMass Amherst,waste,26.915888
2016-01-22 07:00:00,1,Mouse_science_Micheal,Lederle,research,UMass Amherst,waste,26.915888
2016-01-22 08:00:00,1,Mouse_science_Micheal,Lederle,research,UMass Amherst,waste,26.915888
2016-01-22 09:00:00,1,Mouse_science_Micheal,Lederle,research,UMass Amherst,waste,26.915888
2016-01-22 10:00:00,1,Mouse_science_Micheal,Lederle,research,UMass Amherst,waste,26.915888
2016-01-22 11:00:00,1,Mouse_science_Micheal,Lederle,research,UMass Amherst,waste,26.915888
2016-01-22 12:00:00,1,Mouse_science_Micheal,Lederle,research,UMass Amherst,waste,26.915888
2016-01-22 13:00:00,1,Mouse_science_Micheal,Lederle,research,UMass Amherst,waste,26.915888
2016-01-22 14:00:00,1,Mouse_science_Micheal,Lederle,research,UMass Amherst,waste,26.915888
2016-01-22 15:00:00,1,Mouse_science_Micheal,Lederle,research,UMass Amherst,waste,26.915888
2016-01-22 16:00:00,1,Mouse_science_Micheal,Lederle,research,UMass Amherst,waste,26.915888
2016-01-22 17:00:00,1,Mouse_science_Micheal,Lederle,research,UMass Amherst,waste,26.915888
2016-01-22 18:00:00,1,Mouse_science_Micheal,Lederle,research,UMass Amherst,waste,26.915888
2016-01-22 19:00:00,1,Mouse_science_Micheal,Lederle,research,UMass Amherst,waste,26.915888
2016-01-22 20:00:00,1,Mouse_science_Micheal,Lederle,research,UMass Amherst,waste,26.915888
2016-01-22 21:00:00,1,Mouse_science_Micheal,Lederle,research,UMass Amherst,waste,26.915888
2016-01-22 22:00:00,1,Mouse_science_Micheal,Lederle,research,UMass Amherst,waste,26.915888
2016-01-22 23:00:00,1,Mouse_science_Micheal,Lederle,research,UMass Amherst,waste,26.915888
2016-01-23 00:00:00,1,Mouse_science_Micheal,Lederle,research,UMass Amherst,waste,26.915888
2016-01-23 01:00:00,1,Mouse_science_Micheal,Lederle,research,UMass Amherst,waste,26.915888
2016-01-23 02:00:00,1,Mouse_science_Micheal,Lederle,research,UMass Amherst,waste,26.915888
2016-01-23 03:00:00,1,Mouse_science_Micheal,Lederle,research,UMass Amherst,waste,26.915888
2016-01-23 04:00:00,1,Mouse_science_Micheal,Lederle,research,UMass Amherst,waste,26.915888
2016-01-23 05:00:00,1,Mouse_science_Micheal,Lederle,research,UMass Amherst,waste,26.915888
2016-01-23 06:00:00,1,Mouse_science_Micheal,Lederle,research,UMass Amherst,waste,26.915888
2016-01-23 07:00:00,1,Mouse_science_Micheal,Lederle,research,UMass Amherst,waste,26.915888
2016-01-23 08:00:00,1,Mouse_science_Micheal,Lederle,research,UMass Amherst,waste,26.915888
2016-01-23 09:00:00,1,Mouse_science_Micheal,Lederle,research,UMass Amherst,waste,26.915888
2016-01-23 10:00:00,1,Mouse_science_Micheal,Lederle,research,UMass Amherst,waste,26.915888
2016-01-23 11:00:00,1,Mouse_science_Micheal,Lederle,research,UMass Amherst,waste,26.915888
2016-01-23 12:00:00,1,Mouse_science_Micheal,Lederle,research,UMass Amherst,waste,26.915888
2016-01-23 13:00:00,1,Mouse_science_Micheal,Lederle,research,UMass Amherst,waste,26.915888
2016-01-23 14:00:00,1,Mouse_science_Micheal,Lederle,research,UMass Amherst,waste,26.915888
2016-01-23 15:00:00,1,Mouse_science_Micheal,Lederle,research,UMass Amherst,waste,26.915888
2016-01-23 16:00:00,1,Mouse_science_Micheal,Lederle,research,UMass Amherst,waste,26.915888
2016-01-23 17:00:00,1,Mouse_science_Micheal,Lederle,research,UMass Amherst,waste,26.915888
2016-01-23 18:00:00,1,Mouse_science_Micheal,Lederle,research,UMass Amherst,waste,26.915888
2016-01-23 19:00:00,1,Mouse_science_Micheal,Lederle,research,UMass Amherst,waste,26.915888
2016-01-23 20:00:00,1,Mouse_science_Micheal,Lederle,research,UMass Amherst,waste,26.915888
2016-01-23 21:00:00,1,Mouse_science_Micheal,Lederle,research,UMass Amherst,waste,26.915888
2016-01-23 22:00:00,1,Mouse_science_Micheal,Lederle,research,UMass Amherst,waste,26.915888
2016-01-23 23:00:00,1,Mouse_science_Micheal,Lederle,research,UMass Amherst,waste,26.915888
2016-01-24 00:00:00,1,Mouse_science_Micheal,Lederle,research,UMass Amherst,waste,26.915888
2016-01-24 01:00:00,1,Mouse_science_Micheal,Lederle,research,UMass Amherst,waste,26.915888
2016-01-24 02:00:00,1,Mouse_science_Micheal,Lederle,research,UMass Amherst,waste,26.915888
2016-01-24 03:00:00,1,Mouse_science_Micheal,Lederle,research,UMass Amherst,waste,26.915888
2016-01-24 04:00:00,1,Mouse_science_Micheal,Lederle,research,UMass Amherst,waste,26.915888
2016-01-24 05:00:00,1,Mouse_science_Micheal,Lederle,research,UMass Amherst,waste,26.915888
2016-01-24 06:00:00,1,Mouse_science_Micheal,Lederle,research,UMass Amherst,waste,26.915888
2016-01-24 07:00:00,1,Mouse_science_Micheal,Lederle,research,UMass Amherst,waste,26.915888
2016-01-24 08:00:00,1,Mouse_science_Micheal,Lederle,research,UMass Amherst,waste,26.915888
2016-01-24 09:00:00,1,Mouse_science_Micheal,Lederle,research,UMass Amherst,waste,26.915888
2016-01-24 10:00:00,1,Mouse_science_Micheal,Lederle,research,UMass Amherst,waste,26.915888
2016-01-24 11:00:00,1,Mouse_science_Micheal,Lederle,research,UMass Amherst,waste,26.915888
2016-01-24 12:00:00,1,Mouse_science_Micheal,Lederle,research,UMass Amherst,waste,26.915888
2016-01-24 13:00:00,1,Mouse_science_Micheal,Lederle,research,UMass Amherst,waste,26.915888
2016-01-24 14:00:00,1,Mouse_science_Micheal,Lederle,research,UMass Amherst,waste,26.915888
2016-01-24 15:00:00,1,Mouse_science_Micheal,Lederle,research,UMass Amherst,waste,26.915888
2016-01-24 16:00:00,1,Mouse_science_Micheal,Lederle,research,UMass Amherst,waste,26.915888
2016-01-24 17:00:00,1,Mouse_science_Micheal,Lederle,research,UMass Amherst,waste,26.915888
2016-01-24 18:00:00,1,Mouse_science_Micheal,Lederle,research,UMass Amherst,waste,26.915888
2016-01-24 19:00:00,1,Mouse_science_Micheal,Lederle,research,UMass Amherst,waste,26.915888
2016-01-24 20:00:00,1,Mouse_science_Micheal,Lederle,research,UMass Amherst,waste,26.915888
2016-01-24 21:00:00,1,Mouse_science_Micheal,Lederle,research,UMass Amherst,waste,26.915888
2016-01-24 22:00:00,1,Mouse_science_Micheal,Lederle,research,UMass Amherst,waste,26.915888
2016-01-24 23:00:00,1,Mouse_science_Micheal,Lederle,research,UMass Amherst,waste,26.915888
2016-01-25 00:00:00,1,Mouse_science_Micheal,Lederle,research,UMass Amherst,waste,26.915888
2016-01-25 01:00:00,1,Mouse_science_Micheal,Lederle,research,UMass Amherst,waste,26.915888
2016-01-25 02:00:00,1,Mouse_science_Micheal,Lederle,research,UMass Amherst,waste,26.915888
2016-01-25 03:00:00,1,Mouse_science_Micheal,Lederle,research,UMass Amherst,waste,26.915888
2016-01-25 04:00:00,1,Mouse_science_Micheal,Lederle,research,UMass Amherst,waste,26.915888
2016-01-25 05:00:00,1,Mouse_science_Micheal,Lederle,research,UMass Amherst,waste,26.915888
2016-01-25 06:00:00,1,Mouse_science_Micheal,Lederle,research,UMass Amherst,waste,26.915888
2016-01-25 07:00:00,1,Mouse_science_Micheal,Lederle,research,UMass Amherst,waste,26.915888
2016-01-25 08:00:00,1,Mouse_science_Micheal,Lederle,research,UMass Amherst,waste,26.915888
2016-01-25 09:00:00,1,Mouse_science_Micheal,Lederle,research,UMass Amherst,waste,26.915888
2016-01-25 10:00:00,1,Mouse_science_Micheal,Lederle,research,UMass Amherst,waste,26.915888
2016-01-25 11:00:00,1,Mouse_science_Micheal,Lederle,research,UMass Amherst,waste,26.915888
2016-01-25 12:00:00,1,Mouse_science_Micheal,Lederle,research,UMass Amherst,waste,26.915888
2016-01-25 13:00:00,1,Mouse_science_Micheal,Lederle,research,UMass Amherst,waste,26.915888
2016-01-25 14:00:00,1,Mouse_science_Micheal,Lederle,research,UMass Amherst,waste,26.915888
2016-01-25 15:00:00,1,Mouse_science_Micheal,Lederle,research,UMass Amherst,waste,26.915888
2016-01-25 16:00:00,1,Mouse_science_Micheal,Lederle,research,UMass Amherst,waste,26.915888
2016-01-25 17:00:00,1,Mouse_science_Micheal,Lederle,research,UMass Amherst,waste,26.915888
2016-01-25 18:00:00,1,Mouse_science_Micheal,Lederle,research,UMass Amherst,waste,26.915888
2016-01-25 19:00:00,1,Mouse_science_Micheal,Lederle,research,UMass Amherst,waste,26.915888
2016-01-25 20:00:00,1,Mouse_science_Micheal,Lederle,research,UMass Amherst,waste,26.915888
2016-01-25 21:00:00,1,Mouse_science_Micheal,Lederle,research,UMass Amherst,waste,26.915888
2016-01-25 22:00:00,1,Mouse_science_Micheal,Lederle,research,UMass Amherst,waste,26.915888
2016-01-25 23:00:00,1,Mouse_science_Micheal,Lederle,research,UMass Amherst,waste,26.915888
2016-01-26 00:00:00,1,Mouse_science_Micheal,Lederle,research,UMass Amherst,waste,26.915888
2016-01-26 01:00:00,1,Mouse_science_Micheal,Lederle,research,UMass Amherst,waste,26.915888
2016-01-26 02:00:00,1,Mouse_science_Micheal,Lederle,research,UMass Amherst,waste,26.915888
2016-01-26 03:00:00,1,Mouse_science_Micheal,Lederle,research,UMass Amherst,waste,26.915888
2016-01-26 04:00:00,1,Mouse_science_Micheal,Lederle,research,UMass Amherst,waste,26.915888
2016-01-26 05:00:00,1,Mouse_science_Micheal,Lederle,research,UMass Amherst,waste,26.915888
2016-01-26 06:00:00,1,Mouse_science_Micheal,Lederle,research,UMass Amherst,waste,26.915888
2016-01-26 07:00:00,1,Mouse_science_Micheal,Lederle,research,UMass Amherst,waste,26.915888
2016-01-26 08:00:00,1,Mouse_science_Micheal,Lederle,research,UMass Amherst,waste,26.915888
2016-01-26 09:00:00,1,Mouse_science_Micheal,Lederle,research,UMass Amherst,waste,26.915888
2016-01-26 10:00:00,1,Mouse_science_Micheal,Lederle,research,UMass Amherst,waste,26.915888
2016-01-26 11:00:00,1,Mouse_science_Micheal,Lederle,research,UMass Amherst,waste,26.915888
2016-01-26 12:00:00,1,Mouse_science_Micheal,Lederle,research,UMass Amherst,waste,26.915888
2016-01-26 13:00:00,1,Mouse_science_Micheal,Lederle,research,UMass Amherst,waste,26.915888
2016-01-26 14:00:00,1,Mouse_science_Micheal,Lederle,research,UMass Amherst,waste,26.915888
2016-01-26 15:00:00,1,Mouse_science_Micheal,Lederle,research,UMass Amherst,waste,26.915888
2016-01-26 16:00:00,1,Mouse_science_Micheal,Lederle,research,UMass Amherst,waste,26.915888
2016-01-26 17:00:00,1,Mouse_science_Micheal,Lederle,research,UMass Amherst,waste,26.915888
2016-01-26 18:00:00,1,Mouse_science_Micheal,Lederle,research,UMass Amherst,waste,26.915888
2016-01-26 19:00:00,1,Mouse_science_Micheal,Lederle,research,UMass Amherst,waste,26.915888
2016-01-26 20:00:00,1,Mouse_science_Micheal,Lederle,research,UMass Amherst,waste,26.915888
2016-01-26 21:00:00,1,Mouse_science_Micheal,Lederle,research,UMass Amherst,waste,26.915888
2016-01-26 22:00:00,1,Mouse_science_Micheal,Lederle,research,UMass Amherst,waste,26.915888
2016-01-26 23:00:00,1,Mouse_science_Micheal,Lederle,research,UMass Amherst,waste,26.915888
2016-01-27 00:00:00,1,Mouse_science_Micheal,Lederle,research,UMass Amherst,waste,26.915888
2016-01-27 01:00:00,1,Mouse_science_Micheal,Lederle,research,UMass Amherst,waste,26.915888
2016-01-27 02:00:00,1,Mouse_science_Micheal,Lederle,research,UMass Amherst,waste,26.915888
2016-01-27 03:00:00,1,Mouse_science_Micheal,Lederle,research,UMass Amherst,waste,26.915888
2016-01-27 04:00:00,1,Mouse_science_Micheal,Lederle,research,UMass Amherst,waste,26.915888
2016-01-27 05:00:00,1,Mouse_science_Micheal,Lederle,research,UMass Amherst,waste,26.915888
2016-01-27 06:00:00,1,Mouse_science_Micheal,Lederle,research,UMass Amherst,waste,26.915888
2016-01-27 07:00:00,1,Mouse_science_Micheal,Lederle,research,UMass Amherst,waste,26.915888
2016-01-27 08:00:00,1,Mouse_science_Micheal,Lederle,research,UMass Amherst,waste,26.915888
2016-01-27 09:00:00,1,Mouse_science_Micheal,Lederle,research,UMass Amherst,waste,26.915888
2016-01-27 10:00:00,1,Mouse_science_Micheal,Lederle,research,UMass Amherst,waste,26.915888
2016-01-27 11:00:00,1,Mouse_science_Micheal,Lederle,research,UMass Amherst,waste,26.915888
2016-01-27 12:00:00,1,Mouse_science_Micheal,Lederle,research,UMass Amherst,waste,26.915888
2016-01-27 13:00:00,1,Mouse_science_Micheal,Lederle,research,UMass Amherst,waste,26.915888
2016-01-27 14:00:00,1,Mouse_science_Micheal,Lederle,research,UMass Amherst,waste,26.915888
2016-01-27 15:00:00,1,Mouse_science_Micheal,Lederle,research,UMass Amherst,waste,26.915888
2016-01-27 16:00:00,1,Mouse_science_Micheal,Lederle,research,UMass Amherst,waste,26.915888
2016-01-27 17:00:00,1,Mouse_science_Micheal,Lederle,research,UMass Amherst,waste,26.915888
2016-01-27 18:00:00,1,Mouse_science_Micheal,Lederle,research,UMass Amherst,waste,26.915888
2016-01-27 19:00:00,1,Mouse_science_Micheal,Lederle,research,UMass Amherst,waste,26.915888
2016-01-27 20:00:00,1,Mouse_science_Micheal,Lederle,research,UMass Amherst,waste,26.915888
2016-01-27 21:00:00,1,Mouse_science_Micheal,Lederle,research,UMass Amherst,waste,26.915888
2016-01-27 22:00:00,1,Mouse_science_Micheal,Lederle,research,UMass Amherst,waste,26.915888
2016-01-27 23:00:00,1,Mouse_science_Micheal,Lederle,research,UMass Amherst,waste,26.915888
2016-01-28 00:00:00,1,Mouse_science_Micheal,Lederle,research,UMass Amherst,waste,26.915888
2016-01-28 01:00:00,1,Mouse_science_Micheal,Lederle,research,UMass Amherst,waste,26.915888
2016-01-28 02:00:00,1,Mouse_science_Micheal,Lederle,research,UMass Amherst,waste,26.915888
2016-01-28 03:00:00,1,Mouse_science_Micheal,Lederle,research,UMass Amherst,waste,26.915888
2016-01-28 04:00:00,1,Mouse_science_Micheal,Lederle,research,UMass Amherst,waste,26.915888
2016-01-28 05:00:00,1,Mouse_science_Micheal,Lederle,research,UMass Amherst,waste,26.915888
2016-01-28 06:00:00,1,Mouse_science_Micheal,Lederle,research,UMass Amherst,waste,26.915888
2016-01-28 07:00:00,1,Mouse_science_Micheal,Lederle,research,UMass Amherst,waste,26.915888
2016-01-28 08:00:00,1,Mouse_science_Micheal,Lederle,research,UMass Amherst,waste,26.915888
2016-01-28 09:00:00,1,Mouse_science_Micheal,Lederle,research,UMass Amherst,waste,26.915888
2016-01-28 10:00:00,1,Mouse_science_Micheal,Lederle,research,UMass Amherst,waste,26.915888
2016-01-28 11:00:00,1,Mouse_science_Micheal,Lederle,research,UMass Amherst,waste,26.915888
2016-01-28 12:00:00,1,Mouse_science_Micheal,Lederle,research,UMass Amherst,waste,26.915888
2016-01-28 13:00:00,1,Mouse_science_Micheal,Lederle,research,UMass Amherst,waste,26.915888
2016-01-28 14:00:00,1,Mouse_science_Micheal,Lederle,research,UMass Amherst,waste,26.915888
2016-01-28 15:00:00,1,Mouse_science_Micheal,Lederle,research,UMass Amherst,waste,26.915888
2016-01-28 16:00:00,1,Mouse_science_Micheal,Lederle,research,UMass Amherst,waste,26.915888
2016-01-28 17:00:00,1,Mouse_science_Micheal,Lederle,research,UMass Amherst,waste,26.915888
2016-01-28 18:00:00,1,Mouse_science_Micheal,Lederle,research,UMass Amherst,waste,26.915888
2016-01-28 19:00:00,1,Mouse_science_Micheal,Lederle,research,UMass Amherst,waste,26.915888
2016-01-28 20:00:00,1,Mouse_science_Micheal,Lederle,research,UMass Amherst,waste,26.915888
2016-01-28 21:00:00,1,Mouse_science_Micheal,Lederle,research,UMass Amherst,waste,26.915888
2016-01-28 22:00:00,1,Mouse_science_Micheal,Lederle,research,UMass Amherst,waste,26.915888
2016-01-28 23:00:00,1,Mouse_science_Micheal,Lederle,research,UMass Amherst,waste,26.915888
2016-01-29 00:00:00,1,Mouse_science_Micheal,Lederle,research,UMass Amherst,waste,26.915888
2016-01-29 01:00:00,1,Mouse_science_Micheal,Lederle,research,UMass Amherst,waste,26.915888
2016-01-29 02:00:00,1,Mouse_science_Micheal,Lederle,research,UMass Amherst,waste,26.915888
2016-01-29 03:00:00,1,Mouse_science_Micheal,Lederle,research,UMass Amherst,waste,26.915888
2016-01-29 04:00:00,1,Mouse_science_Micheal,Lederle,research,UMass Amherst,waste,26.915888
2016-01-29 05:00:00,1,Mouse_science_Micheal,Lederle,research,UMass Amherst,waste,26.915888
2016-01-29 06:00:00,1,Mouse_science_Micheal,Lederle,research,UMass Amherst,waste,26.915888
2016-01-29 07:00:00,1,Mouse_science_Micheal,Lederle,research,UMass Amherst,waste,26.915888
2016-01-29 08:00:00,1,Mouse_science_Micheal,Lederle,research,UMass Amherst,waste,26.915888
2016-01-29 09:00:00,1,Mouse_science_Micheal,Lederle,research,UMass Amherst,waste,26.915888
2016-01-29 10:00:00,1,Mouse_science_Micheal,Lederle,research,UMass Amherst,waste,26.915888
2016-01-29 11:00:00,1,Mouse_science_Micheal,Lederle,research,UMass Amherst,waste,26.915888
2016-01-29 12:00:00,1,Mouse_science_Micheal,Lederle,research,UMass Amherst,waste,26.915888
2016-01-29 13:00:00,1,Mouse_science_Micheal,Lederle,research,UMass Amherst,waste,26.915888
2016-01-29 14:00:00,1,Mouse_science_Micheal,Lederle,research,UMass Amherst,waste,26.915888
2016-01-29 15:00:00,1,Mouse_science_Micheal,Lederle,research,UMass Amherst,waste,26.915888
2016-01-29 16:00:00,1,Mouse_science_Micheal,Lederle,research,UMass Amherst,waste,26.915888
2016-01-29 17:00:00,1,Mouse_science_Micheal,Lederle,research,UMass Amherst,waste,26.915888
2016-01-29 18:00:00,1,Mouse_science_Micheal,Lederle,research,UMass Amherst,waste,26.915888
2016-01-29 19:00:00,1,Mouse_science_Micheal,Lederle,research,UMass Amherst,waste,26.915888
2016-01-29 20:00:00,1,Mouse_science_Micheal,Lederle,research,UMass Amherst,waste,26.915888
2016-01-29 21:00:00,1,Mouse_science_Micheal,Lederle,research,UMass Amherst,waste,26.915888
2016-01-29 22:00:00,1,Mouse_science_Micheal,Lederle,research,UMass Amherst,waste,26.915888
2016-01-29 23:00:00,1,Mouse_science_Micheal,Lederle,research,UMass Amherst,waste,26.915888
2016-01-30 00:00:00,1,Mouse_science_Micheal,Lederle,research,UMass Amherst,waste,26.915888
2016-01-30 01:00:00,1,Mouse_science_Micheal,Lederle,research,UMass Amherst,waste,26.915888
2016-01-30 02:00:00,1,Mouse_science_Micheal,Lederle,research,UMass Amherst,waste,26.915888
2016-01-30 03:00:00,1,Mouse_science_Micheal,Lederle,research,UMass Amherst,waste,26.915888
2016-01-30 04:00:00,1,Mouse_science_Micheal,Lederle,research,UMass Amherst,waste,26.915888
2016-01-30 05:00:00,1,Mouse_science_Micheal,Lederle,research,UMass Amherst,waste,26.915888
2016-01-30 06:00:00,1,Mouse_science_Micheal,Lederle,research,UMass Amherst,waste,26.915888
2016-01-30 07:00:00,1,Mouse_science_Micheal,Lederle,research,UMass Amherst,waste,26.915888
2016-01-30 08:00:00,1,Mouse_science_Micheal,Lederle,research,UMass Amherst,waste,26.915888
2016-01-30 09:00:00,1,Mouse_science_Micheal,Lederle,research,UMass Amherst,waste,26.915888
2016-01-30 10:00:00,1,Mouse_science_Micheal,Lederle,research,UMass Amherst,waste,26.915888
2016-01-30 11:00:00,1,Mouse_science_Micheal,Lederle,research,UMass Amherst,waste,26.915888
2016-01-30 12:00:00,1,Mouse_science_Micheal,Lederle,research,UMass Amherst,waste,26.915888
2016-01-30 13:00:00,1,Mouse_science_Micheal,Lederle,research,UMass Amherst,waste,26.915888
2016-01-30 14:00:00,1,Mouse_science_Micheal,Lederle,research,UMass Amherst,waste,26.915888
2016-01-30 15:00:00,1,Mouse_science_Micheal,Lederle,research,UMass Amherst,waste,26.915888
2016-01-30 16:00:00,1,Mouse_science_Micheal,Lederle,research,UMass Amherst,waste,26.915888
2016-01-30 17:00:00,1,Mouse_science_Micheal,Lederle,research,UMass Amherst,waste,26.915888
2016-01-30 18:00:00,1,Mouse_science_Micheal,Lederle,research,UMass Amherst,waste,26.915888
2016-01-30 19:00:00,1,Mouse_science_Micheal,Lederle,research,UMass Amherst,waste,26.915888
2016-01-30 20:00:00,1,Mouse_science_Micheal,Lederle,research,UMass Amherst,waste,26.915888
2016-01-30 21:00:00,1,Mouse_science_Micheal,Lederle,research,UMass Amherst,waste,26.915888
2016-01-30 22:00:00,1,Mouse_science_Micheal,Lederle,research,UMass Amherst,waste,26.915888
2016-01-30 23:00:00,1,Mouse_science_Micheal,Lederle,research,UMass Amherst,waste,26.915888
2016-01-01 00:00:00,2,Mouse_health_Estela,Morrill,science,UMass Amherst,waste,9.450000000000001
2016-01-01 01:00:00,2,Mouse_health_Estela,Morrill,science,UMass Amherst,waste,18.55
2016-01-01 02:00:00,2,Mouse_health_Estela,Morrill,science,UMass Amherst,waste,19.040000000000003
2016-01-01 03:00:00,2,Mouse_health_Estela,Morrill,science,UMass Amherst,waste,19.32
2016-01-01 04:00:00,2,Mouse_health_Estela,Morrill,science,UMass Amherst,waste,19.6
2016-01-01 05:00:00,2,Mouse_health_Estela,Morrill,science,UMass Amherst,waste,19.880000000000003
2016-01-01 06:00:00,2,Mouse_health_Estela,Morrill,science,UMass Amherst,waste,19.740000000000002
2016-01-01 07:00:00,2,Mouse_health_Estela,Morrill,science,UMass Amherst,waste,19.810000000000002
2016-01-01 08:00:00,2,Mouse_health_Estela,Morrill,science,UMass Amherst,waste,20.37
2016-01-01 09:00:00,2,Mouse_health_Estela,Morrill,science,UMass Amherst,waste,22.05
2016-01-01 10:00:00,2,Mouse_health_Estela,Morrill,science,UMass Amherst,waste,21.42
2016-01-01 11:00:00,2,Mouse_health_Estela,Morrill,science,UMass Amherst,waste,21.630000000000003
2016-01-01 12:00:00,2,Mouse_health_Estela,Morrill,science,UMass Amherst,waste,21.630000000000003
2016-01-01 13:00:00,2,Mouse_health_Estela,Morrill,science,UMass Amherst,waste,22.12
2016-01-01 14:00:00,2,Mouse_health_Estela,Morrill,science,UMass Amherst,waste,22.05
2016-01-01 15:00:00,2,Mouse_health_Estela,Morrill,science,UMass Amherst,waste,21.21
2016-01-01 16:00:00,2,Mouse_health_Estela,Morrill,science,UMass Amherst,waste,22.330000000000002
2016-01-01 17:00:00,2,Mouse_health_Estela,Morrill,science,UMass Amherst,waste,22.820000000000004
2016-01-01 18:00:00,2,Mouse_health_Estela,Morrill,science,UMass Amherst,waste,21.98
2016-01-01 19:00:00,2,Mouse_health_Estela,Morrill,science,UMass Amherst,waste,21.35
2016-01-01 20:00:00,2,Mouse_health_Estela,Morrill,science,UMass Amherst,waste,21.000000000000004
2016-01-01 21:00:00,2,Mouse_health_Estela,Morrill,science,UMass Amherst,waste,20.720000000000002
2016-01-01 22:00:00,2,Mouse_health_Estela,Morrill,science,UMass Amherst,waste,20.160000000000004
2016-01-01 23:00:00,2,Mouse_health_Estela,Morrill,science,UMass Amherst,waste,19.740000000000002
2016-01-02 00:00:00,2,Mouse_health_Estela,Morrill,science,UMass Amherst,waste,20.160000000000004
2016-01-02 01:00:00,2,Mouse_health_Estela,Morrill,science,UMass Amherst,waste,19.880000000000003
2016-01-02 02:00:00,2,Mouse_health_Estela,Morrill,science,UMass Amherst,waste,20.160000000000004
2016-01-02 03:00:00,2,Mouse_health_Estela,Morrill,science,UMass Amherst,waste,20.160000000000004
2016-01-02 04:00:00,2,Mouse_health_Estela,Morrill,science,UMass Amherst,waste,19.740000000000002
2016-01-02 05:00:00,2,Mouse_health_Estela,Morrill,science,UMass Amherst,waste,19.880000000000003
2016-01-02 06:00:00,2,Mouse_health_Estela,Morrill,science,UMass Amherst,waste,20.090000000000003
2016-01-02 07:00:00,2,Mouse_health_Estela,Morrill,science,UMass Amherst,waste,20.020000000000003
2016-01-02 08:00:00,2,Mouse_health_Estela,Morrill,science,UMass Amherst,waste,20.860000000000003
2016-01-02 09:00:00,2,Mouse_health_Estela,Morrill,science,UMass Amherst,waste,20.720000000000002
2016-01-02 10:00:00,2,Mouse_health_Estela,Morrill,science,UMass Amherst,waste,21.21
2016-01-02 11:00:00,2,Mouse_health_Estela,Morrill,science,UMass Amherst,waste,21.35
2016-01-02 12:00:00,2,Mouse_health_Estela,Morrill,science,UMass Amherst,waste,21.490000000000002
2016-01-02 13:00:00,2,Mouse_health_Estela,Morrill,science,UMass Amherst,waste,21.560000000000002
2016-01-02 14:00:00,2,Mouse_health_Estela,Morrill,science,UMass Amherst,waste,21.98
2016-01-02 15:00:00,2,Mouse_health_Estela,Morrill,science,UMass Amherst,waste,21.98
2016-01-02 16:00:00,2,Mouse_health_Estela,Morrill,science,UMass Amherst,waste,22.89
2016-01-02 17:00:00,2,Mouse_health_Estela,Morrill,science,UMass Amherst,waste,22.820000000000004
2016-01-02 18:00:00,2,Mouse_health_Estela,Morrill,science,UMass Amherst,waste,22.400000000000002
2016-01-02 19:00:00,2,Mouse_health_Estela,Morrill,science,UMass Amherst,waste,22.19
2016-01-02 20:00:00,2,Mouse_health_Estela,Morrill,science,UMass Amherst,waste,21.98
2016-01-02 21:00:00,2,Mouse_health_Estela,Morrill,science,UMass Amherst,waste,21.910000000000004
2016-01-02 22:00:00,2,Mouse_health_Estela,Morrill,science,UMass Amherst,waste,21.490000000000002
2016-01-02 23:00:00,2,Mouse_health_Estela,Morrill,science,UMass Amherst,waste,21.07
2016-01-03 00:00:00,2,Mouse_health_Estela,Morrill,science,UMass Amherst,waste,20.720000000000002
2016-01-03 01:00:00,2,Mouse_health_Estela,Morrill,science,UMass Amherst,waste,21.98
2016-01-03 02:00:00,2,Mouse_health_Estela,Morrill,science,UMass Amherst,waste,22.26
2016-01-03 03:00:00,2,Mouse_health_Estela,Morrill,science,UMass Amherst,waste,22.12
2016-01-03 04:00:00,2,Mouse_health_Estela,Morrill,science,UMass Amherst,waste,20.790000000000003
2016-01-03 05:00:00,2,Mouse_health_Estela,Morrill,science,UMass Amherst,waste,21.35
2016-01-03 06:00:00,2,Mouse_health_Estela,Morrill,science,UMass Amherst,waste,21.000000000000004
2016-01-03 07:00:00,2,Mouse_health_Estela,Morrill,science,UMass Amherst,waste,20.930000000000003
2016-01-03 08:00:00,2,Mouse_health_Estela,Morrill,science,UMass Amherst,waste,20.930000000000003
2016-01-03 09:00:00,2,Mouse_health_Estela,Morrill,science,UMass Amherst,waste,21.21
2016-01-03 10:00:00,2,Mouse_health_Estela,Morrill,science,UMass Amherst,waste,21.630000000000003
2016-01-03 11:00:00,2,Mouse_health_Estela,Morrill,science,UMass Amherst,waste,22.05
2016-01-03 12:00:00,2,Mouse_health_Estela,Morrill,science,UMass Amherst,waste,21.98
2016-01-03 13:00:00,2,Mouse_health_Estela,Morrill,science,UMass Amherst,waste,22.540000000000003
2016-01-03 14:00:00,2,Mouse_health_Estela,Morrill,science,UMass Amherst,waste,22.750000000000004
2016-01-03 15:00:00,2,Mouse_health_Estela,Morrill,science,UMass Amherst,waste,21.98
2016-01-03 16:00:00,2,Mouse_health_Estela,Morrill,science,UMass Amherst,waste,22.330000000000002
2016-01-03 17:00:00,2,Mouse_health_Estela,Morrill,science,UMass Amherst,waste,21.910000000000004
2016-01-03 18:00:00,2,Mouse_health_Estela,Morrill,science,UMass Amherst,waste,22.26
2016-01-03 19:00:00,2,Mouse_health_Estela,Morrill,science,UMass Amherst,waste,21.910000000000004
2016-01-03 20:00:00,2,Mouse_health_Estela,Morrill,science,UMass Amherst,waste,21.700000000000003
2016-01-03 21:00:00,2,Mouse_health_Estela,Morrill,science,UMass Amherst,waste,21.630000000000003
2016-01-03 22:00:00,2,Mouse_health_Estela,Morrill,science,UMass Amherst,waste,21.35
2016-01-03 23:00:00,2,Mouse_health_Estela,Morrill,science,UMass Amherst,waste,21.14
2016-01-04 00:00:00,2,Mouse_health_Estela,Morrill,science,UMass Amherst,waste,20.580000000000002
2016-01-04 01:00:00,2,Mouse_health_Estela,Morrill,science,UMass Amherst,waste,20.160000000000004
2016-01-04 02:00:00,2,Mouse_health_Estela,Morrill,science,UMass Amherst,waste,20.020000000000003
2016-01-04 03:00:00,2,Mouse_health_Estela,Morrill,science,UMass Amherst,waste,19.53
2016-01-04 04:00:00,2,Mouse_health_Estela,Morrill,science,UMass Amherst,waste,19.46
2016-01-04 05:00:00,2,Mouse_health_Estela,Morrill,science,UMass Amherst,waste,19.53
2016-01-04 06:00:00,2,Mouse_health_Estela,Morrill,science,UMass Amherst,waste,19.6
2016-01-04 07:00:00,2,Mouse_health_Estela,Morrill,science,UMass Amherst,waste,20.44
2016-01-04 08:00:00,2,Mouse_health_Estela,Morrill,science,UMass Amherst,waste,23.660000000000004
2016-01-04 09:00:00,2,Mouse_health_Estela,Morrill,science,UMass Amherst,waste,29.540000000000003
2016-01-04 10:00:00,2,Mouse_health_Estela,Morrill,science,UMass Amherst,waste,34.02
2016-01-04 11:00:00,2,Mouse_health_Estela,Morrill,science,UMass Amherst,waste,33.95
2016-01-04 12:00:00,2,Mouse_health_Estela,Morrill,science,UMass Amherst,waste,34.440000000000005
2016-01-04 13:00:00,2,Mouse_health_Estela,Morrill,science,UMass Amherst,waste,35.07
2016-01-04 14:00:00,2,Mouse_health_Estela,Morrill,science,UMass Amherst,waste,33.39
2016-01-04 15:00:00,2,Mouse_health_Estela,Morrill,science,UMass Amherst,waste,34.440000000000005
2016-01-04 16:00:00,2,Mouse_health_Estela,Morrill,science,UMass Amherst,waste,33.95
2016-01-04 17:00:00,2,Mouse_health_Estela,Morrill,science,UMass Amherst,waste,33.53
2016-01-04 18:00:00,2,Mouse_health_Estela,Morrill,science,UMass Amherst,waste,31.500000000000004
2016-01-04 19:00:00,2,Mouse_health_Estela,Morrill,science,UMass Amherst,waste,28.140000000000004
2016-01-04 20:00:00,2,Mouse_health_Estela,Morrill,science,UMass Amherst,waste,24.500000000000004
2016-01-04 21:00:00,2,Mouse_health_Estela,Morrill,science,UMass Amherst,waste,22.820000000000004
2016-01-04 22:00:00,2,Mouse_health_Estela,Morrill,science,UMass Amherst,waste,21.770000000000003
2016-01-04 23:00:00,2,Mouse_health_Estela,Morrill,science,UMass Amherst,waste,21.14
2016-01-05 00:00:00,2,Mouse_health_Estela,Morrill,science,UMass Amherst,waste,20.51
2016-01-05 01:00:00,2,Mouse_health_Estela,Morrill,science,UMass Amherst,waste,20.23
2016-01-05 02:00:00,2,Mouse_health_Estela,Morrill,science,UMass Amherst,waste,20.160000000000004
2016-01-05 03:00:00,2,Mouse_health_Estela,Morrill,science,UMass Amherst,waste,20.720000000000002
2016-01-05 04:00:00,2,Mouse_health_Estela,Morrill,science,UMass Amherst,waste,20.930000000000003
2016-01-05 05:00:00,2,Mouse_health_Estela,Morrill,science,UMass Amherst,waste,20.790000000000003
2016-01-05 06:00:00,2,Mouse_health_Estela,Morrill,science,UMass Amherst,waste,20.860000000000003
2016-01-05 07:00:00,2,Mouse_health_Estela,Morrill,science,UMass Amherst,waste,21.07
2016-01-05 08:00:00,2,Mouse_health_Estela,Morrill,science,UMass Amherst,waste,23.730000000000004
2016-01-05 09:00:00,2,Mouse_health_Estela,Morrill,science,UMass Amherst,waste,31.640000000000004
2016-01-05 10:00:00,2,Mouse_health_Estela,Morrill,science,UMass Amherst,waste,35.56
2016-01-05 11:00:00,2,Mouse_health_Estela,Morrill,science,UMass Amherst,waste,36.96
2016-01-05 12:00:00,2,Mouse_health_Estela,Morrill,science,UMass Amherst,waste,37.24
2016-01-05 13:00:00,2,Mouse_health_Estela,Morrill,science,UMass Amherst,waste,37.940000000000005
2016-01-05 14:00:00,2,Mouse_health_Estela,Morrill,science,UMass Amherst,waste,36.330000000000005
2016-01-05 15:00:00,2,Mouse_health_Estela,Morrill,science,UMass Amherst,waste,36.68000000000001
2016-01-05 16:00:00,2,Mouse_health_Estela,Morrill,science,UMass Amherst,waste,36.540000000000006
2016-01-05 17:00:00,2,Mouse_health_Estela,Morrill,science,UMass Amherst,waste,34.650000000000006
2016-01-05 18:00:00,2,Mouse_health_Estela,Morrill,science,UMass Amherst,waste,32.620000000000005
2016-01-05 19:00:00,2,Mouse_health_Estela,Morrill,science,UMass Amherst,waste,28.770000000000003
2016-01-05 20:00:00,2,Mouse_health_Estela,Morrill,science,UMass Amherst,waste,26.040000000000003
2016-01-05 21:00:00,2,Mouse_health_Estela,Morrill,science,UMass Amherst,waste,23.1
2016-01-05 22:00:00,2,Mouse_health_Estela,Morrill,science,UMass Amherst,waste,21.840000000000003
2016-01-05 23:00:00,2,Mouse_health_Estela,Morrill,science,UMass Amherst,waste,21.07
2016-01-06 00:00:00,2,Mouse_health_Estela,Morrill,science,UMass Amherst,waste,24.052196000000002
2016-01-06 01:00:00,2,Mouse_health_Estela,Morrill,science,UMass Amherst,waste,27.664385
2016-01-06 02:00:00,2,Mouse_health_Estela,Morrill,science,UMass Amherst,waste,27.664385
2016-01-06 03:00:00,2,Mouse_health_Estela,Morrill,science,UMass Amherst,waste,27.664385
2016-01-06 04:00:00,2,Mouse_health_Estela,Morrill,science,UMass Amherst,waste,27.664385
2016-01-06 05:00:00,2,Mouse_health_Estela,Morrill,science,UMass Amherst,waste,27.664385
2016-01-06 06:00:00,2,Mouse_health_Estela,Morrill,science,UMass Amherst,waste,27.664385
2016-01-06 07:00:00,2,Mouse_health_Estela,Morrill,science,UMass Amherst,waste,27.664385
2016-01-06 08:00:00,2,Mouse_health_Estela,Morrill,science,UMass Amherst,waste,27.664385
2016-01-06 09:00:00,2,Mouse_health_Estela,Morrill,science,UMass Amherst,waste,27.664385
2016-01-06 10:00:00,2,Mouse_health_Estela,Morrill,science,UMass Amherst,waste,27.664385
2016-01-06 11:00:00,2,Mouse_health_Estela,Morrill,science,UMass Amherst,waste,27.664385
2016-01-06 12:00:00,2,Mouse_health_Estela,Morrill,science,UMass Amherst,waste,27.664385
2016-01-06 13:00:00,2,Mouse_health_Estela,Morrill,science,UMass Amherst,waste,27.664385
2016-01-06 14:00:00,2,Mouse_health_Estela,Morrill,science,UMass Amherst,waste,27.664385
2016-01-06 15:00:00,2,Mouse_health_Estela,Morrill,science,UMass Amherst,waste,27.664385
2016-01-06 16:00:00,2,Mouse_health_Estela,Morrill,science,UMass Amherst,waste,27.664385
2016-01-06 17:00:00,2,Mouse_health_Estela,Morrill,science,UMass Amherst,waste,27.664385
2016-01-06 18:00:00,2,Mouse_health_Estela,Morrill,science,UMass Amherst,waste,27.664385
2016-01-06 19:00:00,2,Mouse_health_Estela,Morrill,science,UMass Amherst,waste,27.664385
2016-01-06 20:00:00,2,Mouse_health_Estela,Morrill,science,UMass Amherst,waste,27.664385
2016-01-06 21:00:00,2,Mouse_health_Estela,Morrill,science,UMass Amherst,waste,27.664385
2016-01-06 22:00:00,2,Mouse_health_Estela,Morrill,science,UMass Amherst,waste,27.664385
2016-01-06 23:00:00,2,Mouse_health_Estela,Morrill,science,UMass Amherst,waste,27.664385
2016-01-07 00:00:00,2,Mouse_health_Estela,Morrill,science,UMass Amherst,waste,27.664385
2016-01-07 01:00:00,2,Mouse_health_Estela,Morrill,science,UMass Amherst,waste,27.664385
2016-01-07 02:00:00,2,Mouse_health_Estela,Morrill,science,UMass Amherst,waste,27.664385
2016-01-07 03:00:00,2,Mouse_health_Estela,Morrill,science,UMass Amherst,waste,27.664385
2016-01-07 04:00:00,2,Mouse_health_Estela,Morrill,science,UMass Amherst,waste,27.664385
2016-01-07 05:00:00,2,Mouse_health_Estela,Morrill,science,UMass Amherst,waste,27.664385
2016-01-07 06:00:00,2,Mouse_health_Estela,Morrill,science,UMass Amherst,waste,27.664385
2016-01-07 07:00:00,2,Mouse_health_Estela,Morrill,science,UMass Amherst,waste,27.664385
2016-01-07 08:00:00,2,Mouse_health_Estela,Morrill,science,UMass Amherst,waste,27.664385
2016-01-07 09:00:00,2,Mouse_health_Estela,Morrill,science,UMass Amherst,waste,27.664385
2016-01-07 10:00:00,2,Mouse_health_Estela,Morrill,science,UMass Amherst,waste,27.664385
2016-01-07 11:00:00,2,Mouse_health_Estela,Morrill,science,UMass Amherst,waste,27.664385
2016-01-07 12:00:00,2,Mouse_health_Estela,Morrill,science,UMass Amherst,waste,27.664385
2016-01-07 13:00:00,2,Mouse_health_Estela,Morrill,science,UMass Amherst,waste,27.664385
2016-01-07 14:00:00,2,Mouse_health_Estela,Morrill,science,UMass Amherst,waste,27.664385
2016-01-07 15:00:00,2,Mouse_health_Estela,Morrill,science,UMass Amherst,waste,27.664385
2016-01-07 16:00:00,2,Mouse_health_Estela,Morrill,science,UMass Amherst,waste,27.664385
2016-01-07 17:00:00,2,Mouse_health_Estela,Morrill,science,UMass Amherst,waste,27.664385
2016-01-07 18:00:00,2,Mouse_health_Estela,Morrill,science,UMass Amherst,waste,27.664385
2016-01-07 19:00:00,2,Mouse_health_Estela,Morrill,science,UMass Amherst,waste,27.664385
2016-01-07 20:00:00,2,Mouse_health_Estela,Morrill,science,UMass Amherst,waste,27.664385
2016-01-07 21:00:00,2,Mouse_health_Estela,Morrill,science,UMass Amherst,waste,27.664385
2016-01-07 22:00:00,2,Mouse_health_Estela,Morrill,science,UMass Amherst,waste,27.664385
2016-01-07 23:00:00,2,Mouse_health_Estela,Morrill,science,UMass Amherst,waste,27.664385
2016-01-08 00:00:00,2,Mouse_health_Estela,Morrill,science,UMass Amherst,waste,27.664385
2016-01-08 01:00:00,2,Mouse_health_Estela,Morrill,science,UMass Amherst,waste,27.664385
2016-01-08 02:00:00,2,Mouse_health_Estela,Morrill,science,UMass Amherst,waste,27.664385
2016-01-08 03:00:00,2,Mouse_health_Estela,Morrill,science,UMass Amherst,waste,27.664385
2016-01-08 04:00:00,2,Mouse_health_Estela,Morrill,science,UMass Amherst,waste,27.664385
2016-01-08 05:00:00,2,Mouse_health_Estela,Morrill,science,UMass Amherst,waste,27.664385
2016-01-08 06:00:00,2,Mouse_health_Estela,Morrill,science,UMass Amherst,waste,27.664385
2016-01-08 07:00:00,2,Mouse_health_Estela,Morrill,science,UMass Amherst,waste,27.664385
2016-01-08 08:00:00,2,Mouse_health_Estela,Morrill,science,UMass Amherst,waste,27.664385
2016-01-08 09:00:00,2,Mouse_health_Estela,Morrill,science,UMass Amherst,waste,27.664385
2016-01-08 10:00:00,2,Mouse_health_Estela,Morrill,science,UMass Amherst,waste,27.664385
2016-01-08 11:00:00,2,Mouse_health_Estela,Morrill,science,UMass Amherst,waste,27.664385
2016-01-08 12:00:00,2,Mouse_health_Estela,Morrill,science,UMass Amherst,waste,27.664385
2016-01-08 13:00:00,2,Mouse_health_Estela,Morrill,science,UMass Amherst,waste,27.664385
2016-01-08 14:00:00,2,Mouse_health_Estela,Morrill,science,UMass Amherst,waste,27.664385
2016-01-08 15:00:00,2,Mouse_health_Estela,Morrill,science,UMass Amherst,waste,27.664385
2016-01-08 16:00:00,2,Mouse_health_Estela,Morrill,science,UMass Amherst,waste,27.664385
2016-01-08 17:00:00,2,Mouse_health_Estela,Morrill,science,UMass Amherst,waste,27.664385
2016-01-08 18:00:00,2,Mouse_health_Estela,Morrill,science,UMass Amherst,waste,27.664385
2016-01-08 19:00:00,2,Mouse_health_Estela,Morrill,science,UMass Amherst,waste,27.664385
2016-01-08 20:00:00,2,Mouse_health_Estela,Morrill,science,UMass Amherst,waste,27.664385
2016-01-08 21:00:00,2,Mouse_health_Estela,Morrill,science,UMass Amherst,waste,27.664385
2016-01-08 22:00:00,2,Mouse_health_Estela,Morrill,science,UMass Amherst,waste,27.664385
2016-01-08 23:00:00,2,Mouse_health_Estela,Morrill,science,UMass Amherst,waste,27.664385
2016-01-09 00:00:00,2,Mouse_health_Estela,Morrill,science,UMass Amherst,waste,27.664385
2016-01-09 01:00:00,2,Mouse_health_Estela,Morrill,science,UMass Amherst,waste,27.664385
2016-01-09 02:00:00,2,Mouse_health_Estela,Morrill,science,UMass Amherst,waste,27.664385
2016-01-09 03:00:00,2,Mouse_health_Estela,Morrill,science,UMass Amherst,waste,27.664385
2016-01-09 04:00:00,2,Mouse_health_Estela,Morrill,science,UMass Amherst,waste,27.664385
2016-01-09 05:00:00,2,Mouse_health_Estela,Morrill,science,UMass Amherst,waste,27.664385
2016-01-09 06:00:00,2,Mouse_health_Estela,Morrill,science,UMass Amherst,waste,27.664385
2016-01-09 07:00:00,2,Mouse_health_Estela,Morrill,science,UMass Amherst,waste,27.664385
2016-01-09 08:00:00,2,Mouse_health_Estela,Morrill,science,UMass Amherst,waste,27.664385
2016-01-09 09:00:00,2,Mouse_health_Estela,Morrill,science,UMass Amherst,waste,27.664385
2016-01-09 10:00:00,2,Mouse_health_Estela,Morrill,science,UMass Amherst,waste,27.664385
2016-01-09 11:00:00,2,Mouse_health_Estela,Morrill,science,UMass Amherst,waste,27.664385
2016-01-09 12:00:00,2,Mouse_health_Estela,Morrill,science,UMass Amherst,waste,27.664385
2016-01-09 13:00:00,2,Mouse_health_Estela,Morrill,science,UMass Amherst,waste,27.664385
2016-01-09 14:00:00,2,Mouse_health_Estela,Morrill,science,UMass Amherst,waste,27.664385
2016-01-09 15:00:00,2,Mouse_health_Estela,Morrill,science,UMass Amherst,waste,27.664385
2016-01-09 16:00:00,2,Mouse_health_Estela,Morrill,science,UMass Amherst,waste,27.664385
2016-01-09 17:00:00,2,Mouse_health_Estela,Morrill,science,UMass Amherst,waste,27.664385
2016-01-09 18:00:00,2,Mouse_health_Estela,Morrill,science,UMass Amherst,waste,27.664385
2016-01-09 19:00:00,2,Mouse_health_Estela,Morrill,science,UMass Amherst,waste,27.664385
2016-01-09 20:00:00,2,Mouse_health_Estela,Morrill,science,UMass Amherst,waste,27.664385
2016-01-09 21:00:00,2,Mouse_health_Estela,Morrill,science,UMass Amherst,waste,27.664385
2016-01-09 22:00:00,2,Mouse_health_Estela,Morrill,science,UMass Amherst,waste,27.664385
2016-01-09 23:00:00,2,Mouse_health_Estela,Morrill,science,UMass Amherst,waste,27.664385
2016-01-10 00:00:00,2,Mouse_health_Estela,Morrill,science,UMass Amherst,waste,27.664385
2016-01-10 01:00:00,2,Mouse_health_Estela,Morrill,science,UMass Amherst,waste,27.664385
2016-01-10 02:00:00,2,Mouse_health_Estela,Morrill,science,UMass Amherst,waste,27.664385
2016-01-10 03:00:00,2,Mouse_health_Estela,Morrill,science,UMass Amherst,waste,27.664385
2016-01-10 04:00:00,2,Mouse_health_Estela,Morrill,science,UMass Amherst,waste,27.664385
2016-01-10 05:00:00,2,Mouse_health_Estela,Morrill,science,UMass Amherst,waste,27.664385
2016-01-10 06:00:00,2,Mouse_health_Estela,Morrill,science,UMass Amherst,waste,27.664385
2016-01-10 07:00:00,2,Mouse_health_Estela,Morrill,science,UMass Amherst,waste,27.664385
2016-01-10 08:00:00,2,Mouse_health_Estela,Morrill,science,UMass Amherst,waste,27.664385
2016-01-10 09:00:00,2,Mouse_health_Estela,Morrill,science,UMass Amherst,waste,27.664385
2016-01-10 10:00:00,2,Mouse_health_Estela,Morrill,science,UMass Amherst,waste,27.664385
2016-01-10 11:00:00,2,Mouse_health_Estela,Morrill,science,UMass Amherst,waste,27.664385
2016-01-10 12:00:00,2,Mouse_health_Estela,Morrill,science,UMass Amherst,waste,27.664385
2016-01-10 13:00:00,2,Mouse_health_Estela,Morrill,science,UMass Amherst,waste,27.664385
2016-01-10 14:00:00,2,Mouse_health_Estela,Morrill,science,UMass Amherst,waste,27.664385
2016-01-10 15:00:00,2,Mouse_health_Estela,Morrill,science,UMass Amherst,waste,27.664385
2016-01-10 16:00:00,2,Mouse_health_Estela,Morrill,science,UMass Amherst,waste,27.664385
2016-01-10 17:00:00,2,Mouse_health_Estela,Morrill,science,UMass Amherst,waste,27.664385
2016-01-10 18:00:00,2,Mouse_health_Estela,Morrill,science,UMass Amherst,waste,27.664385
2016-01-10 19:00:00,2,Mouse_health_Estela,Morrill,science,UMass Amherst,waste,27.664385
2016-01-10 20:00:00,2,Mouse_health_Estela,Morrill,science,UMass Amherst,waste,27.664385
2016-01-10 21:00:00,2,Mouse_health_Estela,Morrill,science,UMass Amherst,waste,27.664385
2016-01-10 22:00:00,2,Mouse_health_Estela,Morrill,science,UMass Amherst,waste,27.664385
2016-01-10 23:00:00,2,Mouse_health_Estela,Morrill,science,UMass Amherst,waste,27.664385
2016-01-11 00:00:00,2,Mouse_health_Estela,Morrill,science,UMass Amherst,waste,27.664385
2016-01-11 01:00:00,2,Mouse_health_Estela,Morrill,science,UMass Amherst,waste,27.664385
2016-01-11 02:00:00,2,Mouse_health_Estela,Morrill,science,UMass Amherst,waste,27.664385
2016-01-11 03:00:00,2,Mouse_health_Estela,Morrill,science,UMass Amherst,waste,27.664385
2016-01-11 04:00:00,2,Mouse_health_Estela,Morrill,science,UMass Amherst,waste,27.664385
2016-01-11 05:00:00,2,Mouse_health_Estela,Morrill,science,UMass Amherst,waste,27.664385
2016-01-11 06:00:00,2,Mouse_health_Estela,Morrill,science,UMass Amherst,waste,27.664385
2016-01-11 07:00:00,2,Mouse_health_Estela,Morrill,science,UMass Amherst,waste,27.664385
2016-01-11 08:00:00,2,Mouse_health_Estela,Morrill,science,UMass Amherst,waste,27.664385
2016-01-11 09:00:00,2,Mouse_health_Estela,Morrill,science,UMass Amherst,waste,27.664385
2016-01-11 10:00:00,2,Mouse_health_Estela,Morrill,science,UMass Amherst,waste,27.664385
2016-01-11 11:00:00,2,Mouse_health_Estela,Morrill,science,UMass Amherst,waste,27.664385
2016-01-11 12:00:00,2,Mouse_health_Estela,Morrill,science,UMass Amherst,waste,27.664385
2016-01-11 13:00:00,2,Mouse_health_Estela,Morrill,science,UMass Amherst,waste,27.664385
2016-01-11 14:00:00,2,Mouse_health_Estela,Morrill,science,UMass Amherst,waste,27.664385
2016-01-11 15:00:00,2,Mouse_health_Estela,Morrill,science,UMass Amherst,waste,27.664385
2016-01-11 16:00:00,2,Mouse_health_Estela,Morrill,science,UMass Amherst,waste,27.664385
2016-01-11 17:00:00,2,Mouse_health_Estela,Morrill,science,UMass Amherst,waste,27.664385
2016-01-11 18:00:00,2,Mouse_health_Estela,Morrill,science,UMass Amherst,waste,27.664385
2016-01-11 19:00:00,2,Mouse_health_Estela,Morrill,science,UMass Amherst,waste,27.664385
2016-01-11 20:00:00,2,Mouse_health_Estela,Morrill,science,UMass Amherst,waste,27.664385
2016-01-11 21:00:00,2,Mouse_health_Estela,Morrill,science,UMass Amherst,waste,27.664385
2016-01-11 22:00:00,2,Mouse_health_Estela,Morrill,science,UMass Amherst,waste,27.664385
2016-01-11 23:00:00,2,Mouse_health_Estela,Morrill,science,UMass Amherst,waste,27.664385
2016-01-12 00:00:00,2,Mouse_health_Estela,Morrill,science,UMass Amherst,waste,27.664385
2016-01-12 01:00:00,2,Mouse_health_Estela,Morrill,science,UMass Amherst,waste,27.664385
2016-01-12 02:00:00,2,Mouse_health_Estela,Morrill,science,UMass Amherst,waste,27.664385
2016-01-12 03:00:00,2,Mouse_health_Estela,Morrill,science,UMass Amherst,waste,27.664385
2016-01-12 04:00:00,2,Mouse_health_Estela,Morrill,science,UMass Amherst,waste,27.664385
2016-01-12 05:00:00,2,Mouse_health_Estela,Morrill,science,UMass Amherst,waste,27.664385
2016-01-12 06:00:00,2,Mouse_health_Estela,Morrill,science,UMass Amherst,waste,27.664385
2016-01-12 07:00:00,2,Mouse_health_Estela,Morrill,science,UMass Amherst,waste,27.664385
2016-01-12 08:00:00,2,Mouse_health_Estela,Morrill,science,UMass Amherst,waste,27.664385
2016-01-12 09:00:00,2,Mouse_health_Estela,Morrill,science,UMass Amherst,waste,27.664385
2016-01-12 10:00:00,2,Mouse_health_Estela,Morrill,science,UMass Amherst,waste,27.664385
2016-01-12 11:00:00,2,Mouse_health_Estela,Morrill,science,UMass Amherst,waste,27.664385
2016-01-12 12:00:00,2,Mouse_health_Estela,Morrill,science,UMass Amherst,waste,27.664385
2016-01-12 13:00:00,2,Mouse_health_Estela,Morrill,science,UMass Amherst,waste,27.664385
2016-01-12 14:00:00,2,Mouse_health_Estela,Morrill,science,UMass Amherst,waste,27.664385
2016-01-12 15:00:00,2,Mouse_health_Estela,Morrill,science,UMass Amherst,waste,27.664385
2016-01-12 16:00:00,2,Mouse_health_Estela,Morrill,science,UMass Amherst,waste,27.664385
2016-01-12 17:00:00,2,Mouse_health_Estela,Morrill,science,UMass Amherst,waste,27.664385
2016-01-12 18:00:00,2,Mouse_health_Estela,Morrill,science,UMass Amherst,waste,27.664385
2016-01-12 19:00:00,2,Mouse_health_Estela,Morrill,science,UMass Amherst,waste,27.664385
2016-01-12 20:00:00,2,Mouse_health_Estela,Morrill,science,UMass Amherst,waste,27.664385
2016-01-12 21:00:00,2,Mouse_health_Estela,Morrill,science,UMass Amherst,waste,27.664385
2016-01-12 22:00:00,2,Mouse_health_Estela,Morrill,science,UMass Amherst,waste,27.664385
2016-01-12 23:00:00,2,Mouse_health_Estela,Morrill,science,UMass Amherst,waste,27.664385
2016-01-13 00:00:00,2,Mouse_health_Estela,Morrill,science,UMass Amherst,waste,27.664385
2016-01-13 01:00:00,2,Mouse_health_Estela,Morrill,science,UMass Amherst,waste,27.664385
2016-01-13 02:00:00,2,Mouse_health_Estela,Morrill,science,UMass Amherst,waste,27.664385
2016-01-13 03:00:00,2,Mouse_health_Estela,Morrill,science,UMass Amherst,waste,27.664385
2016-01-13 04:00:00,2,Mouse_health_Estela,Morrill,science,UMass Amherst,waste,27.664385
2016-01-13 05:00:00,2,Mouse_health_Estela,Morrill,science,UMass Amherst,waste,27.664385
2016-01-13 06:00:00,2,Mouse_health_Estela,Morrill,science,UMass Amherst,waste,27.664385
2016-01-13 07:00:00,2,Mouse_health_Estela,Morrill,science,UMass Amherst,waste,27.664385
2016-01-13 08:00:00,2,Mouse_health_Estela,Morrill,science,UMass Amherst,waste,27.664385
2016-01-13 09:00:00,2,Mouse_health_Estela,Morrill,science,UMass Amherst,waste,27.664385
2016-01-13 10:00:00,2,Mouse_health_Estela,Morrill,science,UMass Amherst,waste,27.664385
2016-01-13 11:00:00,2,Mouse_health_Estela,Morrill,science,UMass Amherst,waste,27.664385
2016-01-13 12:00:00,2,Mouse_health_Estela,Morrill,science,UMass Amherst,waste,27.664385
2016-01-13 13:00:00,2,Mouse_health_Estela,Morrill,science,UMass Amherst,waste,27.664385
2016-01-13 14:00:00,2,Mouse_health_Estela,Morrill,science,UMass Amherst,waste,27.664385
2016-01-13 15:00:00,2,Mouse_health_Estela,Morrill,science,UMass Amherst,waste,27.664385
2016-01-13 16:00:00,2,Mouse_health_Estela,Morrill,science,UMass Amherst,waste,27.664385
2016-01-13 17:00:00,2,Mouse_health_Estela,Morrill,science,UMass Amherst,waste,27.664385
2016-01-13 18:00:00,2,Mouse_health_Estela,Morrill,science,UMass Amherst,waste,27.664385
2016-01-13 19:00:00,2,Mouse_health_Estela,Morrill,science,UMass Amherst,waste,27.664385
2016-01-13 20:00:00,2,Mouse_health_Estela,Morrill,science,UMass Amherst,waste,27.664385
2016-01-13 21:00:00,2,Mouse_health_Estela,Morrill,science,UMass Amherst,waste,27.664385
2016-01-13 22:00:00,2,Mouse_health_Estela,Morrill,science,UMass Amherst,waste,27.664385
2016-01-13 23:00:00,2,Mouse_health_Estela,Morrill,science,UMass Amherst,waste,27.664385
2016-01-14 00:00:00,2,Mouse_health_Estela,Morrill,science,UMass Amherst,waste,27.664385
2016-01-14 01:00:00,2,Mouse_health_Estela,Morrill,science,UMass Amherst,waste,27.664385
2016-01-14 02:00:00,2,Mouse_health_Estela,Morrill,science,UMass Amherst,waste,27.664385
2016-01-14 03:00:00,2,Mouse_health_Estela,Morrill,science,UMass Amherst,waste,27.664385
2016-01-14 04:00:00,2,Mouse_health_Estela,Morrill,science,UMass Amherst,waste,27.664385
2016-01-14 05:00:00,2,Mouse_health_Estela,Morrill,science,UMass Amherst,waste,27.664385
2016-01-14 06:00:00,2,Mouse_health_Estela,Morrill,science,UMass Amherst,waste,27.664385
2016-01-14 07:00:00,2,Mouse_health_Estela,Morrill,science,UMass Amherst,waste,27.664385
2016-01-14 08:00:00,2,Mouse_health_Estela,Morrill,science,UMass Amherst,waste,27.664385
2016-01-14 09:00:00,2,Mouse_health_Estela,Morrill,science,UMass Amherst,waste,27.664385
2016-01-14 10:00:00,2,Mouse_health_Estela,Morrill,science,UMass Amherst,waste,27.664385
2016-01-14 11:00:00,2,Mouse_health_Estela,Morrill,science,UMass Amherst,waste,27.664385
2016-01-14 12:00:00,2,Mouse_health_Estela,Morrill,science,UMass Amherst,waste,27.664385
2016-01-14 13:00:00,2,Mouse_health_Estela,Morrill,science,UMass Amherst,waste,27.664385
2016-01-14 14:00:00,2,Mouse_health_Estela,Morrill,science,UMass Amherst,waste,27.664385
2016-01-14 15:00:00,2,Mouse_health_Estela,Morrill,science,UMass Amherst,waste,27.664385
2016-01-14 16:00:00,2,Mouse_health_Estela,Morrill,science,UMass Amherst,waste,27.664385
2016-01-14 17:00:00,2,Mouse_health_Estela,Morrill,science,UMass Amherst,waste,27.664385
2016-01-14 18:00:00,2,Mouse_health_Estela,Morrill,science,UMass Amherst,waste,27.664385
2016-01-14 19:00:00,2,Mouse_health_Estela,Morrill,science,UMass Amherst,waste,27.664385
2016-01-14 20:00:00,2,Mouse_health_Estela,Morrill,science,UMass Amherst,waste,27.664385
2016-01-14 21:00:00,2,Mouse_health_Estela,Morrill,science,UMass Amherst,waste,27.664385
2016-01-14 22:00:00,2,Mouse_health_Estela,Morrill,science,UMass Amherst,waste,27.664385
2016-01-14 23:00:00,2,Mouse_health_Estela,Morrill,science,UMass Amherst,waste,27.664385
2016-01-15 00:00:00,2,Mouse_health_Estela,Morrill,science,UMass Amherst,waste,25.662196
2016-01-15 01:00:00,2,Mouse_health_Estela,Morrill,science,UMass Amherst,waste,25.312196000000004
2016-01-15 02:00:00,2,Mouse_health_Estela,Morrill,science,UMass Amherst,waste,22.750000000000004
2016-01-15 03:00:00,2,Mouse_health_Estela,Morrill,science,UMass Amherst,waste,22.470000000000002
2016-01-15 04:00:00,2,Mouse_health_Estela,Morrill,science,UMass Amherst,waste,22.400000000000002
2016-01-15 05:00:00,2,Mouse_health_Estela,Morrill,science,UMass Amherst,waste,22.19
2016-01-15 06:00:00,2,Mouse_health_Estela,Morrill,science,UMass Amherst,waste,22.680000000000003
2016-01-15 07:00:00,2,Mouse_health_Estela,Morrill,science,UMass Amherst,waste,23.03
2016-01-15 08:00:00,2,Mouse_health_Estela,Morrill,science,UMass Amherst,waste,26.180000000000003
2016-01-15 09:00:00,2,Mouse_health_Estela,Morrill,science,UMass Amherst,waste,32.970000000000006
2016-01-15 10:00:00,2,Mouse_health_Estela,Morrill,science,UMass Amherst,waste,40.11000000000001
2016-01-15 11:00:00,2,Mouse_health_Estela,Morrill,science,UMass Amherst,waste,39.550000000000004
2016-01-15 12:00:00,2,Mouse_health_Estela,Morrill,science,UMass Amherst,waste,41.160000000000004
2016-01-15 13:00:00,2,Mouse_health_Estela,Morrill,science,UMass Amherst,waste,41.580000000000005
2016-01-15 14:00:00,2,Mouse_health_Estela,Morrill,science,UMass Amherst,waste,40.81
2016-01-15 15:00:00,2,Mouse_health_Estela,Morrill,science,UMass Amherst,waste,40.95
2016-01-15 16:00:00,2,Mouse_health_Estela,Morrill,science,UMass Amherst,waste,40.25000000000001
2016-01-15 17:00:00,2,Mouse_health_Estela,Morrill,science,UMass Amherst,waste,39.2
2016-01-15 18:00:00,2,Mouse_health_Estela,Morrill,science,UMass Amherst,waste,35.63
2016-01-15 19:00:00,2,Mouse_health_Estela,Morrill,science,UMass Amherst,waste,31.85
2016-01-15 20:00:00,2,Mouse_health_Estela,Morrill,science,UMass Amherst,waste,28.980000000000004
2016-01-15 21:00:00,2,Mouse_health_Estela,Morrill,science,UMass Amherst,waste,27.090000000000003
2016-01-15 22:00:00,2,Mouse_health_Estela,Morrill,science,UMass Amherst,waste,25.200000000000003
2016-01-15 23:00:00,2,Mouse_health_Estela,Morrill,science,UMass Amherst,waste,24.220000000000002
2016-01-16 00:00:00,2,Mouse_health_Estela,Morrill,science,UMass Amherst,waste,23.520000000000003
2016-01-16 01:00:00,2,Mouse_health_Estela,Morrill,science,UMass Amherst,waste,23.1
2016-01-16 02:00:00,2,Mouse_health_Estela,Morrill,science,UMass Amherst,waste,23.240000000000002
2016-01-16 03:00:00,2,Mouse_health_Estela,Morrill,science,UMass Amherst,waste,22.89
2016-01-16 04:00:00,2,Mouse_health_Estela,Morrill,science,UMass Amherst,waste,22.820000000000004
2016-01-16 05:00:00,2,Mouse_health_Estela,Morrill,science,UMass Amherst,waste,23.03
2016-01-16 06:00:00,2,Mouse_health_Estela,Morrill,science,UMass Amherst,waste,22.96
2016-01-16 07:00:00,2,Mouse_health_Estela,Morrill,science,UMass Amherst,waste,23.310000000000002
2016-01-16 08:00:00,2,Mouse_health_Estela,Morrill,science,UMass Amherst,waste,25.62
2016-01-16 09:00:00,2,Mouse_health_Estela,Morrill,science,UMass Amherst,waste,28.560000000000002
2016-01-16 10:00:00,2,Mouse_health_Estela,Morrill,science,UMass Amherst,waste,28.140000000000004
2016-01-16 11:00:00,2,Mouse_health_Estela,Morrill,science,UMass Amherst,waste,29.19
2016-01-16 12:00:00,2,Mouse_health_Estela,Morrill,science,UMass Amherst,waste,28.840000000000003
2016-01-16 13:00:00,2,Mouse_health_Estela,Morrill,science,UMass Amherst,waste,29.330000000000002
2016-01-16 14:00:00,2,Mouse_health_Estela,Morrill,science,UMass Amherst,waste,28.910000000000004
2016-01-16 15:00:00,2,Mouse_health_Estela,Morrill,science,UMass Amherst,waste,26.810000000000002
2016-01-16 16:00:00,2,Mouse_health_Estela,Morrill,science,UMass Amherst,waste,26.53
2016-01-16 17:00:00,2,Mouse_health_Estela,Morrill,science,UMass Amherst,waste,26.110000000000003
2016-01-16 18:00:00,2,Mouse_health_Estela,Morrill,science,UMass Amherst,waste,26.250000000000004
2016-01-16 19:00:00,2,Mouse_health_Estela,Morrill,science,UMass Amherst,waste,26.320000000000004
2016-01-16 20:00:00,2,Mouse_health_Estela,Morrill,science,UMass Amherst,waste,24.990000000000002
2016-01-16 21:00:00,2,Mouse_health_Estela,Morrill,science,UMass Amherst,waste,24.85
2016-01-16 22:00:00,2,Mouse_health_Estela,Morrill,science,UMass Amherst,waste,24.71
2016-01-16 23:00:00,2,Mouse_health_Estela,Morrill,science,UMass Amherst,waste,24.64
2016-01-17 00:00:00,2,Mouse_health_Estela,Morrill,science,UMass Amherst,waste,24.92
2016-01-17 01:00:00,2,Mouse_health_Estela,Morrill,science,UMass Amherst,waste,26.740000000000002
2016-01-17 02:00:00,2,Mouse_health_Estela,Morrill,science,UMass Amherst,waste,24.92
2016-01-17 03:00:00,2,Mouse_health_Estela,Morrill,science,UMass Amherst,waste,24.430000000000003
2016-01-17 04:00:00,2,Mouse_health_Estela,Morrill,science,UMass Amherst,waste,24.64
2016-01-17 05:00:00,2,Mouse_health_Estela,Morrill,science,UMass Amherst,waste,24.85
2016-01-17 06:00:00,2,Mouse_health_Estela,Morrill,science,UMass Amherst,waste,24.570000000000004
2016-01-17 07:00:00,2,Mouse_health_Estela,Morrill,science,UMass Amherst,waste,24.64
2016-01-17 08:00:00,2,Mouse_health_Estela,Morrill,science,UMass Amherst,waste,25.55
2016-01-17 09:00:00,2,Mouse_health_Estela,Morrill,science,UMass Amherst,waste,26.390000000000004
2016-01-17 10:00:00,2,Mouse_health_Estela,Morrill,science,UMass Amherst,waste,27.090000000000003
2016-01-17 11:00:00,2,Mouse_health_Estela,Morrill,science,UMass Amherst,waste,29.120000000000005
2016-01-17 12:00:00,2,Mouse_health_Estela,Morrill,science,UMass Amherst,waste,28.910000000000004
2016-01-17 13:00:00,2,Mouse_health_Estela,Morrill,science,UMass Amherst,waste,31.290000000000003
2016-01-17 14:00:00,2,Mouse_health_Estela,Morrill,science,UMass Amherst,waste,27.650000000000002
2016-01-17 15:00:00,2,Mouse_health_Estela,Morrill,science,UMass Amherst,waste,28.070000000000004
2016-01-17 16:00:00,2,Mouse_health_Estela,Morrill,science,UMass Amherst,waste,26.46
2016-01-17 17:00:00,2,Mouse_health_Estela,Morrill,science,UMass Amherst,waste,25.62
2016-01-17 18:00:00,2,Mouse_health_Estela,Morrill,science,UMass Amherst,waste,25.480000000000004
2016-01-17 19:00:00,2,Mouse_health_Estela,Morrill,science,UMass Amherst,waste,25.55
2016-01-17 20:00:00,2,Mouse_health_Estela,Morrill,science,UMass Amherst,waste,25.270000000000003
2016-01-17 21:00:00,2,Mouse_health_Estela,Morrill,science,UMass Amherst,waste,24.71
2016-01-17 22:00:00,2,Mouse_health_Estela,Morrill,science,UMass Amherst,waste,24.570000000000004
2016-01-17 23:00:00,2,Mouse_health_Estela,Morrill,science,UMass Amherst,waste,24.78
2016-01-18 00:00:00,2,Mouse_health_Estela,Morrill,science,UMass Amherst,waste,23.94
2016-01-18 01:00:00,2,Mouse_health_Estela,Morrill,science,UMass Amherst,waste,23.03
2016-01-18 02:00:00,2,Mouse_health_Estela,Morrill,science,UMass Amherst,waste,23.8
2016-01-18 03:00:00,2,Mouse_health_Estela,Morrill,science,UMass Amherst,waste,23.94
2016-01-18 04:00:00,2,Mouse_health_Estela,Morrill,science,UMass Amherst,waste,23.8
2016-01-18 05:00:00,2,Mouse_health_Estela,Morrill,science,UMass Amherst,waste,23.8
2016-01-18 06:00:00,2,Mouse_health_Estela,Morrill,science,UMass Amherst,waste,23.94
2016-01-18 07:00:00,2,Mouse_health_Estela,Morrill,science,UMass Amherst,waste,24.01
2016-01-18 08:00:00,2,Mouse_health_Estela,Morrill,science,UMass Amherst,waste,26.810000000000002
2016-01-18 09:00:00,2,Mouse_health_Estela,Morrill,science,UMass Amherst,waste,33.95
2016-01-18 10:00:00,2,Mouse_health_Estela,Morrill,science,UMass Amherst,waste,39.900000000000006
2016-01-18 11:00:00,2,Mouse_health_Estela,Morrill,science,UMass Amherst,waste,40.67
2016-01-18 12:00:00,2,Mouse_health_Estela,Morrill,science,UMass Amherst,waste,40.11000000000001
2016-01-18 13:00:00,2,Mouse_health_Estela,Morrill,science,UMass Amherst,waste,39.900000000000006
2016-01-18 14:00:00,2,Mouse_health_Estela,Morrill,science,UMass Amherst,waste,39.830000000000005
2016-01-18 15:00:00,2,Mouse_health_Estela,Morrill,science,UMass Amherst,waste,39.900000000000006
2016-01-18 16:00:00,2,Mouse_health_Estela,Morrill,science,UMass Amherst,waste,39.27
2016-01-18 17:00:00,2,Mouse_health_Estela,Morrill,science,UMass Amherst,waste,38.71
2016-01-18 18:00:00,2,Mouse_health_Estela,Morrill,science,UMass Amherst,waste,35.980000000000004
2016-01-18 19:00:00,2,Mouse_health_Estela,Morrill,science,UMass Amherst,waste,31.710000000000004
2016-01-18 20:00:00,2,Mouse_health_Estela,Morrill,science,UMass Amherst,waste,27.650000000000002
2016-01-18 21:00:00,2,Mouse_health_Estela,Morrill,science,UMass Amherst,waste,26.320000000000004
2016-01-18 22:00:00,2,Mouse_health_Estela,Morrill,science,UMass Amherst,waste,25.69
2016-01-18 23:00:00,2,Mouse_health_Estela,Morrill,science,UMass Amherst,waste,24.990000000000002
2016-01-19 00:00:00,2,Mouse_health_Estela,Morrill,science,UMass Amherst,waste,23.380000000000003
2016-01-19 01:00:00,2,Mouse_health_Estela,Morrill,science,UMass Amherst,waste,24.080000000000002
2016-01-19 02:00:00,2,Mouse_health_Estela,Morrill,science,UMass Amherst,waste,23.87
2016-01-19 03:00:00,2,Mouse_health_Estela,Morrill,science,UMass Amherst,waste,23.730000000000004
2016-01-19 04:00:00,2,Mouse_health_Estela,Morrill,science,UMass Amherst,waste,23.450000000000003
2016-01-19 05:00:00,2,Mouse_health_Estela,Morrill,science,UMass Amherst,waste,23.520000000000003
2016-01-19 06:00:00,2,Mouse_health_Estela,Morrill,science,UMass Amherst,waste,23.450000000000003
2016-01-19 07:00:00,2,Mouse_health_Estela,Morrill,science,UMass Amherst,waste,24.430000000000003
2016-01-19 08:00:00,2,Mouse_health_Estela,Morrill,science,UMass Amherst,waste,28.490000000000002
2016-01-19 09:00:00,2,Mouse_health_Estela,Morrill,science,UMass Amherst,waste,39.410000000000004
2016-01-19 10:00:00,2,Mouse_health_Estela,Morrill,science,UMass Amherst,waste,41.86000000000001
2016-01-19 11:00:00,2,Mouse_health_Estela,Morrill,science,UMass Amherst,waste,41.580000000000005
2016-01-19 12:00:00,2,Mouse_health_Estela,Morrill,science,UMass Amherst,waste,40.67
2016-01-19 13:00:00,2,Mouse_health_Estela,Morrill,science,UMass Amherst,waste,41.160000000000004
2016-01-19 14:00:00,2,Mouse_health_Estela,Morrill,science,UMass Amherst,waste,40.95
2016-01-19 15:00:00,2,Mouse_health_Estela,Morrill,science,UMass Amherst,waste,40.88
2016-01-19 16:00:00,2,Mouse_health_Estela,Morrill,science,UMass Amherst,waste,41.300000000000004
2016-01-19 17:00:00,2,Mouse_health_Estela,Morrill,science,UMass Amherst,waste,39.06
2016-01-19 18:00:00,2,Mouse_health_Estela,Morrill,science,UMass Amherst,waste,36.75
2016-01-19 19:00:00,2,Mouse_health_Estela,Morrill,science,UMass Amherst,waste,32.410000000000004
2016-01-19 20:00:00,2,Mouse_health_Estela,Morrill,science,UMass Amherst,waste,28.630000000000003
2016-01-19 21:00:00,2,Mouse_health_Estela,Morrill,science,UMass Amherst,waste,26.53
2016-01-19 22:00:00,2,Mouse_health_Estela,Morrill,science,UMass Amherst,waste,25.270000000000003
2016-01-19 23:00:00,2,Mouse_health_Estela,Morrill,science,UMass Amherst,waste,24.360000000000003
2016-01-20 00:00:00,2,Mouse_health_Estela,Morrill,science,UMass Amherst,waste,23.450000000000003
2016-01-20 01:00:00,2,Mouse_health_Estela,Morrill,science,UMass Amherst,waste,23.87
2016-01-20 02:00:00,2,Mouse_health_Estela,Morrill,science,UMass Amherst,waste,23.87
2016-01-20 03:00:00,2,Mouse_health_Estela,Morrill,science,UMass Amherst,waste,23.590000000000003
2016-01-20 04:00:00,2,Mouse_health_Estela,Morrill,science,UMass Amherst,waste,22.820000000000004
2016-01-20 05:00:00,2,Mouse_health_Estela,Morrill,science,UMass Amherst,waste,23.240000000000002
2016-01-20 06:00:00,2,Mouse_health_Estela,Morrill,science,UMass Amherst,waste,23.17
2016-01-20 07:00:00,2,Mouse_health_Estela,Morrill,science,UMass Amherst,waste,23.94
2016-01-20 08:00:00,2,Mouse_health_Estela,Morrill,science,UMass Amherst,waste,27.650000000000002
2016-01-20 09:00:00,2,Mouse_health_Estela,Morrill,science,UMass Amherst,waste,38.36000000000001
2016-01-20 10:00:00,2,Mouse_health_Estela,Morrill,science,UMass Amherst,waste,41.86000000000001
2016-01-20 11:00:00,2,Mouse_health_Estela,Morrill,science,UMass Amherst,waste,41.93000000000001
2016-01-20 12:00:00,2,Mouse_health_Estela,Morrill,science,UMass Amherst,waste,42.42
2016-01-20 13:00:00,2,Mouse_health_Estela,Morrill,science,UMass Amherst,waste,41.02
2016-01-20 14:00:00,2,Mouse_health_Estela,Morrill,science,UMass Amherst,waste,41.09
2016-01-20 15:00:00,2,Mouse_health_Estela,Morrill,science,UMass Amherst,waste,41.09
2016-01-20 16:00:00,2,Mouse_health_Estela,Morrill,science,UMass Amherst,waste,41.440000000000005
2016-01-20 17:00:00,2,Mouse_health_Estela,Morrill,science,UMass Amherst,waste,39.34
2016-01-20 18:00:00,2,Mouse_health_Estela,Morrill,science,UMass Amherst,waste,37.17
2016-01-20 19:00:00,2,Mouse_health_Estela,Morrill,science,UMass Amherst,waste,33.46
2016-01-20 20:00:00,2,Mouse_health_Estela,Morrill,science,UMass Amherst,waste,28.630000000000003
2016-01-20 21:00:00,2,Mouse_health_Estela,Morrill,science,UMass Amherst,waste,26.53
2016-01-20 22:00:00,2,Mouse_health_Estela,Morrill,science,UMass Amherst,waste,25.480000000000004
2016-01-20 23:00:00,2,Mouse_health_Estela,Morrill,science,UMass Amherst,waste,24.71
2016-01-21 00:00:00,2,Mouse_health_Estela,Morrill,science,UMass Amherst,waste,23.17
2016-01-21 01:00:00,2,Mouse_health_Estela,Morrill,science,UMass Amherst,waste,23.310000000000002
2016-01-21 02:00:00,2,Mouse_health_Estela,Morrill,science,UMass Amherst,waste,23.450000000000003
2016-01-21 03:00:00,2,Mouse_health_Estela,Morrill,science,UMass Amherst,waste,23.240000000000002
2016-01-21 04:00:00,2,Mouse_health_Estela,Morrill,science,UMass Amherst,waste,23.240000000000002
2016-01-21 05:00:00,2,Mouse_health_Estela,Morrill,science,UMass Amherst,waste,23.380000000000003
2016-01-21 06:00:00,2,Mouse_health_Estela,Morrill,science,UMass Amherst,waste,23.450000000000003
2016-01-21 07:00:00,2,Mouse_health_Estela,Morrill,science,UMass Amherst,waste,24.290000000000003
2016-01-21 08:00:00,2,Mouse_health_Estela,Morrill,science,UMass Amherst,waste,27.020000000000003
2016-01-21 09:00:00,2,Mouse_health_Estela,Morrill,science,UMass Amherst,waste,37.660000000000004
2016-01-21 10:00:00,2,Mouse_health_Estela,Morrill,science,UMass Amherst,waste,41.580000000000005
2016-01-21 11:00:00,2,Mouse_health_Estela,Morrill,science,UMass Amherst,waste,41.300000000000004
2016-01-21 12:00:00,2,Mouse_health_Estela,Morrill,science,UMass Amherst,waste,41.510000000000005
2016-01-21 13:00:00,2,Mouse_health_Estela,Morrill,science,UMass Amherst,waste,41.86000000000001
2016-01-21 14:00:00,2,Mouse_health_Estela,Morrill,science,UMass Amherst,waste,41.370000000000005
2016-01-21 15:00:00,2,Mouse_health_Estela,Morrill,science,UMass Amherst,waste,40.95
2016-01-21 16:00:00,2,Mouse_health_Estela,Morrill,science,UMass Amherst,waste,39.06
2016-01-21 17:00:00,2,Mouse_health_Estela,Morrill,science,UMass Amherst,waste,38.220000000000006
2016-01-21 18:00:00,2,Mouse_health_Estela,Morrill,science,UMass Amherst,waste,35.980000000000004
2016-01-21 19:00:00,2,Mouse_health_Estela,Morrill,science,UMass Amherst,waste,31.080000000000002
2016-01-21 20:00:00,2,Mouse_health_Estela,Morrill,science,UMass Amherst,waste,28.140000000000004
2016-01-21 21:00:00,2,Mouse_health_Estela,Morrill,science,UMass Amherst,waste,26.040000000000003
2016-01-21 22:00:00,2,Mouse_health_Estela,Morrill,science,UMass Amherst,waste,24.570000000000004
2016-01-21 23:00:00,2,Mouse_health_Estela,Morrill,science,UMass Amherst,waste,24.080000000000002
2016-01-22 00:00:00,2,Mouse_health_Estela,Morrill,science,UMass Amherst,waste,22.470000000000002
2016-01-22 01:00:00,2,Mouse_health_Estela,Morrill,science,UMass Amherst,waste,22.330000000000002
2016-01-22 02:00:00,2,Mouse_health_Estela,Morrill,science,UMass Amherst,waste,22.400000000000002
2016-01-22 03:00:00,2,Mouse_health_Estela,Morrill,science,UMass Amherst,waste,21.98
2016-01-22 04:00:00,2,Mouse_health_Estela,Morrill,science,UMass Amherst,waste,22.05
2016-01-22 05:00:00,2,Mouse_health_Estela,Morrill,science,UMass Amherst,waste,22.26
2016-01-22 06:00:00,2,Mouse_health_Estela,Morrill,science,UMass Amherst,waste,21.98
2016-01-22 07:00:00,2,Mouse_health_Estela,Morrill,science,UMass Amherst,waste,22.680000000000003
2016-01-22 08:00:00,2,Mouse_health_Estela,Morrill,science,UMass Amherst,waste,26.320000000000004
2016-01-22 09:00:00,2,Mouse_health_Estela,Morrill,science,UMass Amherst,waste,32.690000000000005
2016-01-22 10:00:00,2,Mouse_health_Estela,Morrill,science,UMass Amherst,waste,38.150000000000006
2016-01-22 11:00:00,2,Mouse_health_Estela,Morrill,science,UMass Amherst,waste,38.010000000000005
2016-01-22 12:00:00,2,Mouse_health_Estela,Morrill,science,UMass Amherst,waste,38.010000000000005
2016-01-22 13:00:00,2,Mouse_health_Estela,Morrill,science,UMass Amherst,waste,37.45
2016-01-22 14:00:00,2,Mouse_health_Estela,Morrill,science,UMass Amherst,waste,36.96
2016-01-22 15:00:00,2,Mouse_health_Estela,Morrill,science,UMass Amherst,waste,37.870000000000005
2016-01-22 16:00:00,2,Mouse_health_Estela,Morrill,science,UMass Amherst,waste,37.17
2016-01-22 17:00:00,2,Mouse_health_Estela,Morrill,science,UMass Amherst,waste,35.28
2016-01-22 18:00:00,2,Mouse_health_Estela,Morrill,science,UMass Amherst,waste,32.830000000000005
2016-01-22 19:00:00,2,Mouse_health_Estela,Morrill,science,UMass Amherst,waste,28.980000000000004
2016-01-22 20:00:00,2,Mouse_health_Estela,Morrill,science,UMass Amherst,waste,27.650000000000002
2016-01-22 21:00:00,2,Mouse_health_Estela,Morrill,science,UMass Amherst,waste,24.570000000000004
2016-01-22 22:00:00,2,Mouse_health_Estela,Morrill,science,UMass Amherst,waste,23.87
2016-01-22 23:00:00,2,Mouse_health_Estela,Morrill,science,UMass Amherst,waste,22.540000000000003
2016-01-23 00:00:00,2,Mouse_health_Estela,Morrill,science,UMass Amherst,waste,21.560000000000002
2016-01-23 01:00:00,2,Mouse_health_Estela,Morrill,science,UMass Amherst,waste,22.330000000000002
2016-01-23 02:00:00,2,Mouse_health_Estela,Morrill,science,UMass Amherst,waste,22.330000000000002
2016-01-23 03:00:00,2,Mouse_health_Estela,Morrill,science,UMass Amherst,waste,22.470000000000002
2016-01-23 04:00:00,2,Mouse_health_Estela,Morrill,science,UMass Amherst,waste,21.910000000000004
2016-01-23 05:00:00,2,Mouse_health_Estela,Morrill,science,UMass Amherst,waste,22.26
2016-01-23 06:00:00,2,Mouse_health_Estela,Morrill,science,UMass Amherst,waste,22.12
2016-01-23 07:00:00,2,Mouse_health_Estela,Morrill,science,UMass Amherst,waste,22.19
2016-01-23 08:00:00,2,Mouse_health_Estela,Morrill,science,UMass Amherst,waste,24.080000000000002
2016-01-23 09:00:00,2,Mouse_health_Estela,Morrill,science,UMass Amherst,waste,26.250000000000004
2016-01-23 10:00:00,2,Mouse_health_Estela,Morrill,science,UMass Amherst,waste,27.160000000000004
2016-01-23 11:00:00,2,Mouse_health_Estela,Morrill,science,UMass Amherst,waste,27.650000000000002
2016-01-23 12:00:00,2,Mouse_health_Estela,Morrill,science,UMass Amherst,waste,27.300000000000004
2016-01-23 13:00:00,2,Mouse_health_Estela,Morrill,science,UMass Amherst,waste,26.6
2016-01-23 14:00:00,2,Mouse_health_Estela,Morrill,science,UMass Amherst,waste,27.930000000000003
2016-01-23 15:00:00,2,Mouse_health_Estela,Morrill,science,UMass Amherst,waste,26.390000000000004
2016-01-23 16:00:00,2,Mouse_health_Estela,Morrill,science,UMass Amherst,waste,25.55
2016-01-23 17:00:00,2,Mouse_health_Estela,Morrill,science,UMass Amherst,waste,25.55
2016-01-23 18:00:00,2,Mouse_health_Estela,Morrill,science,UMass Amherst,waste,24.290000000000003
2016-01-23 19:00:00,2,Mouse_health_Estela,Morrill,science,UMass Amherst,waste,23.380000000000003
2016-01-23 20:00:00,2,Mouse_health_Estela,Morrill,science,UMass Amherst,waste,23.1
2016-01-23 21:00:00,2,Mouse_health_Estela,Morrill,science,UMass Amherst,waste,22.750000000000004
2016-01-23 22:00:00,2,Mouse_health_Estela,Morrill,science,UMass Amherst,waste,22.330000000000002
2016-01-23 23:00:00,2,Mouse_health_Estela,Morrill,science,UMass Amherst,waste,22.19
2016-01-24 00:00:00,2,Mouse_health_Estela,Morrill,science,UMass Amherst,waste,22.330000000000002
2016-01-24 01:00:00,2,Mouse_health_Estela,Morrill,science,UMass Amherst,waste,22.89
2016-01-24 02:00:00,2,Mouse_health_Estela,Morrill,science,UMass Amherst,waste,23.1
2016-01-24 03:00:00,2,Mouse_health_Estela,Morrill,science,UMass Amherst,waste,22.820000000000004
2016-01-24 04:00:00,2,Mouse_health_Estela,Morrill,science,UMass Amherst,waste,23.380000000000003
2016-01-24 05:00:00,2,Mouse_health_Estela,Morrill,science,UMass Amherst,waste,23.240000000000002
2016-01-24 06:00:00,2,Mouse_health_Estela,Morrill,science,UMass Amherst,waste,22.96
2016-01-24 07:00:00,2,Mouse_health_Estela,Morrill,science,UMass Amherst,waste,23.17
2016-01-24 08:00:00,2,Mouse_health_Estela,Morrill,science,UMass Amherst,waste,24.150000000000002
2016-01-24 09:00:00,2,Mouse_health_Estela,Morrill,science,UMass Amherst,waste,24.220000000000002
2016-01-24 10:00:00,2,Mouse_health_Estela,Morrill,science,UMass Amherst,waste,24.570000000000004
2016-01-24 11:00:00,2,Mouse_health_Estela,Morrill,science,UMass Amherst,waste,26.740000000000002
2016-01-24 12:00:00,2,Mouse_health_Estela,Morrill,science,UMass Amherst,waste,26.6
2016-01-24 13:00:00,2,Mouse_health_Estela,Morrill,science,UMass Amherst,waste,26.740000000000002
2016-01-24 14:00:00,2,Mouse_health_Estela,Morrill,science,UMass Amherst,waste,25.76
2016-01-24 15:00:00,2,Mouse_health_Estela,Morrill,science,UMass Amherst,waste,26.880000000000003
2016-01-24 16:00:00,2,Mouse_health_Estela,Morrill,science,UMass Amherst,waste,27.51
2016-01-24 17:00:00,2,Mouse_health_Estela,Morrill,science,UMass Amherst,waste,25.340000000000003
2016-01-24 18:00:00,2,Mouse_health_Estela,Morrill,science,UMass Amherst,waste,24.150000000000002
2016-01-24 19:00:00,2,Mouse_health_Estela,Morrill,science,UMass Amherst,waste,24.220000000000002
2016-01-24 20:00:00,2,Mouse_health_Estela,Morrill,science,UMass Amherst,waste,23.8
2016-01-24 21:00:00,2,Mouse_health_Estela,Morrill,science,UMass Amherst,waste,23.730000000000004
2016-01-24 22:00:00,2,Mouse_health_Estela,Morrill,science,UMass Amherst,waste,23.590000000000003
2016-01-24 23:00:00,2,Mouse_health_Estela,Morrill,science,UMass Amherst,waste,23.1
2016-01-25 00:00:00,2,Mouse_health_Estela,Morrill,science,UMass Amherst,waste,22.610000000000003
2016-01-25 01:00:00,2,Mouse_health_Estela,Morrill,science,UMass Amherst,waste,21.910000000000004
2016-01-25 02:00:00,2,Mouse_health_Estela,Morrill,science,UMass Amherst,waste,22.05
2016-01-25 03:00:00,2,Mouse_health_Estela,Morrill,science,UMass Amherst,waste,22.470000000000002
2016-01-25 04:00:00,2,Mouse_health_Estela,Morrill,science,UMass Amherst,waste,21.840000000000003
2016-01-25 05:00:00,2,Mouse_health_Estela,Morrill,science,UMass Amherst,waste,21.910000000000004
2016-01-25 06:00:00,2,Mouse_health_Estela,Morrill,science,UMass Amherst,waste,21.770000000000003
2016-01-25 07:00:00,2,Mouse_health_Estela,Morrill,science,UMass Amherst,waste,22.19
2016-01-25 08:00:00,2,Mouse_health_Estela,Morrill,science,UMass Amherst,waste,25.62
2016-01-25 09:00:00,2,Mouse_health_Estela,Morrill,science,UMass Amherst,waste,30.590000000000003
2016-01-25 10:00:00,2,Mouse_health_Estela,Morrill,science,UMass Amherst,waste,36.470000000000006
2016-01-25 11:00:00,2,Mouse_health_Estela,Morrill,science,UMass Amherst,waste,36.470000000000006
2016-01-25 12:00:00,2,Mouse_health_Estela,Morrill,science,UMass Amherst,waste,35.910000000000004
2016-01-25 13:00:00,2,Mouse_health_Estela,Morrill,science,UMass Amherst,waste,36.260000000000005
2016-01-25 14:00:00,2,Mouse_health_Estela,Morrill,science,UMass Amherst,waste,36.400000000000006
2016-01-25 15:00:00,2,Mouse_health_Estela,Morrill,science,UMass Amherst,waste,36.190000000000005
2016-01-25 16:00:00,2,Mouse_health_Estela,Morrill,science,UMass Amherst,waste,35.42
2016-01-25 17:00:00,2,Mouse_health_Estela,Morrill,science,UMass Amherst,waste,34.440000000000005
2016-01-25 18:00:00,2,Mouse_health_Estela,Morrill,science,UMass Amherst,waste,32.34
2016-01-25 19:00:00,2,Mouse_health_Estela,Morrill,science,UMass Amherst,waste,29.750000000000004
2016-01-25 20:00:00,2,Mouse_health_Estela,Morrill,science,UMass Amherst,waste,26.950000000000003
2016-01-25 21:00:00,2,Mouse_health_Estela,Morrill,science,UMass Amherst,waste,25.62
2016-01-25 22:00:00,2,Mouse_health_Estela,Morrill,science,UMass Amherst,waste,24.01
2016-01-25 23:00:00,2,Mouse_health_Estela,Morrill,science,UMass Amherst,waste,23.1
2016-01-26 00:00:00,2,Mouse_health_Estela,Morrill,science,UMass Amherst,waste,21.910000000000004
2016-01-26 01:00:00,2,Mouse_health_Estela,Morrill,science,UMass Amherst,waste,21.98
2016-01-26 02:00:00,2,Mouse_health_Estela,Morrill,science,UMass Amherst,waste,21.770000000000003
2016-01-26 03:00:00,2,Mouse_health_Estela,Morrill,science,UMass Amherst,waste,21.770000000000003
2016-01-26 04:00:00,2,Mouse_health_Estela,Morrill,science,UMass Amherst,waste,21.700000000000003
2016-01-26 05:00:00,2,Mouse_health_Estela,Morrill,science,UMass Amherst,waste,21.560000000000002
2016-01-26 06:00:00,2,Mouse_health_Estela,Morrill,science,UMass Amherst,waste,21.560000000000002
2016-01-26 07:00:00,2,Mouse_health_Estela,Morrill,science,UMass Amherst,waste,22.05
2016-01-26 08:00:00,2,Mouse_health_Estela,Morrill,science,UMass Amherst,waste,25.270000000000003
2016-01-26 09:00:00,2,Mouse_health_Estela,Morrill,science,UMass Amherst,waste,32.830000000000005
2016-01-26 10:00:00,2,Mouse_health_Estela,Morrill,science,UMass Amherst,waste,38.010000000000005
2016-01-26 11:00:00,2,Mouse_health_Estela,Morrill,science,UMass Amherst,waste,37.59
2016-01-26 12:00:00,2,Mouse_health_Estela,Morrill,science,UMass Amherst,waste,37.38
2016-01-26 13:00:00,2,Mouse_health_Estela,Morrill,science,UMass Amherst,waste,38.57
2016-01-26 14:00:00,2,Mouse_health_Estela,Morrill,science,UMass Amherst,waste,37.03
2016-01-26 15:00:00,2,Mouse_health_Estela,Morrill,science,UMass Amherst,waste,37.1
2016-01-26 16:00:00,2,Mouse_health_Estela,Morrill,science,UMass Amherst,waste,37.38
2016-01-26 17:00:00,2,Mouse_health_Estela,Morrill,science,UMass Amherst,waste,35.77
2016-01-26 18:00:00,2,Mouse_health_Estela,Morrill,science,UMass Amherst,waste,33.32
2016-01-26 19:00:00,2,Mouse_health_Estela,Morrill,science,UMass Amherst,waste,31.150000000000002
2016-01-26 20:00:00,2,Mouse_health_Estela,Morrill,science,UMass Amherst,waste,26.810000000000002
2016-01-26 21:00:00,2,Mouse_health_Estela,Morrill,science,UMass Amherst,waste,24.92
2016-01-26 22:00:00,2,Mouse_health_Estela,Morrill,science,UMass Amherst,waste,23.660000000000004
2016-01-26 23:00:00,2,Mouse_health_Estela,Morrill,science,UMass Amherst,waste,22.89
2016-01-27 00:00:00,2,Mouse_health_Estela,Morrill,science,UMass Amherst,waste,22.470000000000002
2016-01-27 01:00:00,2,Mouse_health_Estela,Morrill,science,UMass Amherst,waste,21.28
2016-01-27 02:00:00,2,Mouse_health_Estela,Morrill,science,UMass Amherst,waste,21.21
2016-01-27 03:00:00,2,Mouse_health_Estela,Morrill,science,UMass Amherst,waste,21.07
2016-01-27 04:00:00,2,Mouse_health_Estela,Morrill,science,UMass Amherst,waste,21.14
2016-01-27 05:00:00,2,Mouse_health_Estela,Morrill,science,UMass Amherst,waste,21.07
2016-01-27 06:00:00,2,Mouse_health_Estela,Morrill,science,UMass Amherst,waste,21.28
2016-01-27 07:00:00,2,Mouse_health_Estela,Morrill,science,UMass Amherst,waste,21.840000000000003
2016-01-27 08:00:00,2,Mouse_health_Estela,Morrill,science,UMass Amherst,waste,25.200000000000003
2016-01-27 09:00:00,2,Mouse_health_Estela,Morrill,science,UMass Amherst,waste,32.27
2016-01-27 10:00:00,2,Mouse_health_Estela,Morrill,science,UMass Amherst,waste,37.59
2016-01-27 11:00:00,2,Mouse_health_Estela,Morrill,science,UMass Amherst,waste,39.2
2016-01-27 12:00:00,2,Mouse_health_Estela,Morrill,science,UMass Amherst,waste,38.85
2016-01-27 13:00:00,2,Mouse_health_Estela,Morrill,science,UMass Amherst,waste,37.45
2016-01-27 14:00:00,2,Mouse_health_Estela,Morrill,science,UMass Amherst,waste,36.68000000000001
2016-01-27 15:00:00,2,Mouse_health_Estela,Morrill,science,UMass Amherst,waste,37.730000000000004
2016-01-27 16:00:00,2,Mouse_health_Estela,Morrill,science,UMass Amherst,waste,36.82
2016-01-27 17:00:00,2,Mouse_health_Estela,Morrill,science,UMass Amherst,waste,35.980000000000004
2016-01-27 18:00:00,2,Mouse_health_Estela,Morrill,science,UMass Amherst,waste,33.32
2016-01-27 19:00:00,2,Mouse_health_Estela,Morrill,science,UMass Amherst,waste,29.610000000000003
2016-01-27 20:00:00,2,Mouse_health_Estela,Morrill,science,UMass Amherst,waste,26.320000000000004
2016-01-27 21:00:00,2,Mouse_health_Estela,Morrill,science,UMass Amherst,waste,25.410000000000004
2016-01-27 22:00:00,2,Mouse_health_Estela,Morrill,science,UMass Amherst,waste,24.500000000000004
2016-01-27 23:00:00,2,Mouse_health_Estela,Morrill,science,UMass Amherst,waste,23.450000000000003
2016-01-28 00:00:00,2,Mouse_health_Estela,Morrill,science,UMass Amherst,waste,22.540000000000003
2016-01-28 01:00:00,2,Mouse_health_Estela,Morrill,science,UMass Amherst,waste,23.03
2016-01-28 02:00:00,2,Mouse_health_Estela,Morrill,science,UMass Amherst,waste,21.840000000000003
2016-01-28 03:00:00,2,Mouse_health_Estela,Morrill,science,UMass Amherst,waste,22.12
2016-01-28 04:00:00,2,Mouse_health_Estela,Morrill,science,UMass Amherst,waste,21.98
2016-01-28 05:00:00,2,Mouse_health_Estela,Morrill,science,UMass Amherst,waste,22.19
2016-01-28 06:00:00,2,Mouse_health_Estela,Morrill,science,UMass Amherst,waste,21.98
2016-01-28 07:00:00,2,Mouse_health_Estela,Morrill,science,UMass Amherst,waste,23.1
2016-01-28 08:00:00,2,Mouse_health_Estela,Morrill,science,UMass Amherst,waste,26.250000000000004
2016-01-28 09:00:00,2,Mouse_health_Estela,Morrill,science,UMass Amherst,waste,35.35
2016-01-28 10:00:00,2,Mouse_health_Estela,Morrill,science,UMass Amherst,waste,37.940000000000005
2016-01-28 11:00:00,2,Mouse_health_Estela,Morrill,science,UMass Amherst,waste,37.59
2016-01-28 12:00:00,2,Mouse_health_Estela,Morrill,science,UMass Amherst,waste,38.92
2016-01-28 13:00:00,2,Mouse_health_Estela,Morrill,science,UMass Amherst,waste,37.59
2016-01-28 14:00:00,2,Mouse_health_Estela,Morrill,science,UMass Amherst,waste,38.150000000000006
2016-01-28 15:00:00,2,Mouse_health_Estela,Morrill,science,UMass Amherst,waste,38.080000000000005
2016-01-28 16:00:00,2,Mouse_health_Estela,Morrill,science,UMass Amherst,waste,37.870000000000005
2016-01-28 17:00:00,2,Mouse_health_Estela,Morrill,science,UMass Amherst,waste,36.89
2016-01-28 18:00:00,2,Mouse_health_Estela,Morrill,science,UMass Amherst,waste,34.86000000000001
2016-01-28 19:00:00,2,Mouse_health_Estela,Morrill,science,UMass Amherst,waste,31.85
2016-01-28 20:00:00,2,Mouse_health_Estela,Morrill,science,UMass Amherst,waste,28.35
2016-01-28 21:00:00,2,Mouse_health_Estela,Morrill,science,UMass Amherst,waste,25.270000000000003
2016-01-28 22:00:00,2,Mouse_health_Estela,Morrill,science,UMass Amherst,waste,23.660000000000004
2016-01-28 23:00:00,2,Mouse_health_Estela,Morrill,science,UMass Amherst,waste,23.660000000000004
2016-01-29 00:00:00,2,Mouse_health_Estela,Morrill,science,UMass Amherst,waste,21.910000000000004
2016-01-29 01:00:00,2,Mouse_health_Estela,Morrill,science,UMass Amherst,waste,21.770000000000003
2016-01-29 02:00:00,2,Mouse_health_Estela,Morrill,science,UMass Amherst,waste,21.42
2016-01-29 03:00:00,2,Mouse_health_Estela,Morrill,science,UMass Amherst,waste,21.000000000000004
2016-01-29 04:00:00,2,Mouse_health_Estela,Morrill,science,UMass Amherst,waste,21.07
2016-01-29 05:00:00,2,Mouse_health_Estela,Morrill,science,UMass Amherst,waste,20.860000000000003
2016-01-29 06:00:00,2,Mouse_health_Estela,Morrill,science,UMass Amherst,waste,20.23
2016-01-29 07:00:00,2,Mouse_health_Estela,Morrill,science,UMass Amherst,waste,20.790000000000003
2016-01-29 08:00:00,2,Mouse_health_Estela,Morrill,science,UMass Amherst,waste,23.660000000000004
2016-01-29 09:00:00,2,Mouse_health_Estela,Morrill,science,UMass Amherst,waste,30.380000000000003
2016-01-29 10:00:00,2,Mouse_health_Estela,Morrill,science,UMass Amherst,waste,35.56
2016-01-29 11:00:00,2,Mouse_health_Estela,Morrill,science,UMass Amherst,waste,35.21
2016-01-29 12:00:00,2,Mouse_health_Estela,Morrill,science,UMass Amherst,waste,35.56
2016-01-29 13:00:00,2,Mouse_health_Estela,Morrill,science,UMass Amherst,waste,35.21
2016-01-29 14:00:00,2,Mouse_health_Estela,Morrill,science,UMass Amherst,waste,34.650000000000006
2016-01-29 15:00:00,2,Mouse_health_Estela,Morrill,science,UMass Amherst,waste,34.86000000000001
2016-01-29 16:00:00,2,Mouse_health_Estela,Morrill,science,UMass Amherst,waste,35.49
2016-01-29 17:00:00,2,Mouse_health_Estela,Morrill,science,UMass Amherst,waste,34.02
2016-01-29 18:00:00,2,Mouse_health_Estela,Morrill,science,UMass Amherst,waste,31.290000000000003
2016-01-29 19:00:00,2,Mouse_health_Estela,Morrill,science,UMass Amherst,waste,29.050000000000004
2016-01-29 20:00:00,2,Mouse_health_Estela,Morrill,science,UMass Amherst,waste,26.110000000000003
2016-01-29 21:00:00,2,Mouse_health_Estela,Morrill,science,UMass Amherst,waste,24.500000000000004
2016-01-29 22:00:00,2,Mouse_health_Estela,Morrill,science,UMass Amherst,waste,23.450000000000003
2016-01-29 23:00:00,2,Mouse_health_Estela,Morrill,science,UMass Amherst,waste,22.610000000000003
2016-01-30 00:00:00,2,Mouse_health_Estela,Morrill,science,UMass Amherst,waste,22.12
2016-01-30 01:00:00,2,Mouse_health_Estela,Morrill,science,UMass Amherst,waste,21.490000000000002
2016-01-30 02:00:00,2,Mouse_health_Estela,Morrill,science,UMass Amherst,waste,21.28
2016-01-30 03:00:00,2,Mouse_health_Estela,Morrill,science,UMass Amherst,waste,21.14
2016-01-30 04:00:00,2,Mouse_health_Estela,Morrill,science,UMass Amherst,waste,21.14
2016-01-30 05:00:00,2,Mouse_health_Estela,Morrill,science,UMass Amherst,waste,20.930000000000003
2016-01-30 06:00:00,2,Mouse_health_Estela,Morrill,science,UMass Amherst,waste,20.790000000000003
2016-01-30 07:00:00,2,Mouse_health_Estela,Morrill,science,UMass Amherst,waste,21.42
2016-01-30 08:00:00,2,Mouse_health_Estela,Morrill,science,UMass Amherst,waste,22.96
2016-01-30 09:00:00,2,Mouse_health_Estela,Morrill,science,UMass Amherst,waste,24.78
2016-01-30 10:00:00,2,Mouse_health_Estela,Morrill,science,UMass Amherst,waste,26.180000000000003
2016-01-30 11:00:00,2,Mouse_health_Estela,Morrill,science,UMass Amherst,waste,26.53
2016-01-30 12:00:00,2,Mouse_health_Estela,Morrill,science,UMass Amherst,waste,27.650000000000002
2016-01-30 13:00:00,2,Mouse_health_Estela,Morrill,science,UMass Amherst,waste,26.880000000000003
2016-01-30 14:00:00,2,Mouse_health_Estela,Morrill,science,UMass Amherst,waste,27.160000000000004
2016-01-30 15:00:00,2,Mouse_health_Estela,Morrill,science,UMass Amherst,waste,26.67
2016-01-30 16:00:00,2,Mouse_health_Estela,Morrill,science,UMass Amherst,waste,27.160000000000004
2016-01-30 17:00:00,2,Mouse_health_Estela,Morrill,science,UMass Amherst,waste,25.76
2016-01-30 18:00:00,2,Mouse_health_Estela,Morrill,science,UMass Amherst,waste,23.87
2016-01-30 19:00:00,2,Mouse_health_Estela,Morrill,science,UMass Amherst,waste,24.430000000000003
2016-01-30 20:00:00,2,Mouse_health_Estela,Morrill,science,UMass Amherst,waste,23.94
2016-01-30 21:00:00,2,Mouse_health_Estela,Morrill,science,UMass Amherst,waste,23.380000000000003
2016-01-30 22:00:00,2,Mouse_health_Estela,Morrill,science,UMass Amherst,waste,23.1
2016-01-30 23:00:00,2,Mouse_health_Estela,Morrill,science,UMass Amherst,waste,22.470000000000002
2016-01-01 00:00:00,3,Mouse_health_Ileana,Goessmann,chemistry_lab,UMass Amherst,waste,2.34
2016-01-01 01:00:00,3,Mouse_health_Ileana,Goessmann,chemistry_lab,UMass Amherst,waste,4.59
2016-01-01 02:00:00,3,Mouse_health_Ileana,Goessmann,chemistry_lab,UMass Amherst,waste,4.5
2016-01-01 03:00:00,3,Mouse_health_Ileana,Goessmann,chemistry_lab,UMass Amherst,waste,4.68
2016-01-01 04:00:00,3,Mouse_health_Ileana,Goessmann,chemistry_lab,UMass Amherst,waste,4.5
2016-01-01 05:00:00,3,Mouse_health_Ileana,Goessmann,chemistry_lab,UMass Amherst,waste,4.68
2016-01-01 06:00:00,3,Mouse_health_Ileana,Goessmann,chemistry_lab,UMass Amherst,waste,4.68
2016-01-01 07:00:00,3,Mouse_health_Ileana,Goessmann,chemistry_lab,UMass Amherst,waste,4.859999999999999
2016-01-01 08:00:00,3,Mouse_health_Ileana,Goessmann,chemistry_lab,UMass Amherst,waste,5.49
2016-01-01 09:00:00,3,Mouse_health_Ileana,Goessmann,chemistry_lab,UMass Amherst,waste,5.76
2016-01-01 10:00:00,3,Mouse_health_Ileana,Goessmann,chemistry_lab,UMass Amherst,waste,5.58
2016-01-01 11:00:00,3,Mouse_health_Ileana,Goessmann,chemistry_lab,UMass Amherst,waste,5.58
2016-01-01 12:00:00,3,Mouse_health_Ileana,Goessmann,chemistry_lab,UMass Amherst,waste,5.3999999999999995
2016-01-01 13:00:00,3,Mouse_health_Ileana,Goessmann,chemistry_lab,UMass Amherst,waste,5.3999999999999995
2016-01-01 14:00:00,3,Mouse_health_Ileana,Goessmann,chemistry_lab,UMass Amherst,waste,5.3999999999999995
2016-01-01 15:00:00,3,Mouse_health_Ileana,Goessmann,chemistry_lab,UMass Amherst,waste,5.49
2016-01-01 16:00:00,3,Mouse_health_Ileana,Goessmann,chemistry_lab,UMass Amherst,waste,5.49
2016-01-01 17:00:00,3,Mouse_health_Ileana,Goessmann,chemistry_lab,UMass Amherst,waste,5.3999999999999995
2016-01-01 18:00:00,3,Mouse_health_Ileana,Goessmann,chemistry_lab,UMass Amherst,waste,5.3999999999999995
2016-01-01 19:00:00,3,Mouse_health_Ileana,Goessmann,chemistry_lab,UMass Amherst,waste,4.95
2016-01-01 20:00:00,3,Mouse_health_Ileana,Goessmann,chemistry_lab,UMass Amherst,waste,4.68
2016-01-01 21:00:00,3,Mouse_health_Ileana,Goessmann,chemistry_lab,UMass Amherst,waste,4.5
2016-01-01 22:00:00,3,Mouse_health_Ileana,Goessmann,chemistry_lab,UMass Amherst,waste,4.5
2016-01-01 23:00:00,3,Mouse_health_Ileana,Goessmann,chemistry_lab,UMass Amherst,waste,4.41
2016-01-02 00:00:00,3,Mouse_health_Ileana,Goessmann,chemistry_lab,UMass Amherst,waste,4.5
2016-01-02 01:00:00,3,Mouse_health_Ileana,Goessmann,chemistry_lab,UMass Amherst,waste,4.2299999999999995
2016-01-02 02:00:00,3,Mouse_health_Ileana,Goessmann,chemistry_lab,UMass Amherst,waste,4.41
2016-01-02 03:00:00,3,Mouse_health_Ileana,Goessmann,chemistry_lab,UMass Amherst,waste,4.2299999999999995
2016-01-02 04:00:00,3,Mouse_health_Ileana,Goessmann,chemistry_lab,UMass Amherst,waste,4.32
2016-01-02 05:00:00,3,Mouse_health_Ileana,Goessmann,chemistry_lab,UMass Amherst,waste,4.32
2016-01-02 06:00:00,3,Mouse_health_Ileana,Goessmann,chemistry_lab,UMass Amherst,waste,4.32
2016-01-02 07:00:00,3,Mouse_health_Ileana,Goessmann,chemistry_lab,UMass Amherst,waste,4.32
2016-01-02 08:00:00,3,Mouse_health_Ileana,Goessmann,chemistry_lab,UMass Amherst,waste,4.41
2016-01-02 09:00:00,3,Mouse_health_Ileana,Goessmann,chemistry_lab,UMass Amherst,waste,4.5
2016-01-02 10:00:00,3,Mouse_health_Ileana,Goessmann,chemistry_lab,UMass Amherst,waste,4.59
2016-01-02 11:00:00,3,Mouse_health_Ileana,Goessmann,chemistry_lab,UMass Amherst,waste,4.5
2016-01-02 12:00:00,3,Mouse_health_Ileana,Goessmann,chemistry_lab,UMass Amherst,waste,4.59
2016-01-02 13:00:00,3,Mouse_health_Ileana,Goessmann,chemistry_lab,UMass Amherst,waste,4.41
2016-01-02 14:00:00,3,Mouse_health_Ileana,Goessmann,chemistry_lab,UMass Amherst,waste,4.59
2016-01-02 15:00:00,3,Mouse_health_Ileana,Goessmann,chemistry_lab,UMass Amherst,waste,4.5
2016-01-02 16:00:00,3,Mouse_health_Ileana,Goessmann,chemistry_lab,UMass Amherst,waste,4.41
2016-01-02 17:00:00,3,Mouse_health_Ileana,Goessmann,chemistry_lab,UMass Amherst,waste,4.41
2016-01-02 18:00:00,3,Mouse_health_Ileana,Goessmann,chemistry_lab,UMass Amherst,waste,4.41
2016-01-02 19:00:00,3,Mouse_health_Ileana,Goessmann,chemistry_lab,UMass Amherst,waste,4.41
2016-01-02 20:00:00,3,Mouse_health_Ileana,Goessmann,chemistry_lab,UMass Amherst,waste,4.41
2016-01-02 21:00:00,3,Mouse_health_Ileana,Goessmann,chemistry_lab,UMass Amherst,waste,4.41
2016-01-02 22:00:00,3,Mouse_health_Ileana,Goessmann,chemistry_lab,UMass Amherst,waste,4.5
2016-01-02 23:00:00,3,Mouse_health_Ileana,Goessmann,chemistry_lab,UMass Amherst,waste,4.32
2016-01-03 00:00:00,3,Mouse_health_Ileana,Goessmann,chemistry_lab,UMass Amherst,waste,4.5
2016-01-03 01:00:00,3,Mouse_health_Ileana,Goessmann,chemistry_lab,UMass Amherst,waste,4.2299999999999995
2016-01-03 02:00:00,3,Mouse_health_Ileana,Goessmann,chemistry_lab,UMass Amherst,waste,4.32
2016-01-03 03:00:00,3,Mouse_health_Ileana,Goessmann,chemistry_lab,UMass Amherst,waste,4.2299999999999995
2016-01-03 04:00:00,3,Mouse_health_Ileana,Goessmann,chemistry_lab,UMass Amherst,waste,4.41
2016-01-03 05:00:00,3,Mouse_health_Ileana,Goessmann,chemistry_lab,UMass Amherst,waste,4.32
2016-01-03 06:00:00,3,Mouse_health_Ileana,Goessmann,chemistry_lab,UMass Amherst,waste,4.32
2016-01-03 07:00:00,3,Mouse_health_Ileana,Goessmann,chemistry_lab,UMass Amherst,waste,4.41
2016-01-03 08:00:00,3,Mouse_health_Ileana,Goessmann,chemistry_lab,UMass Amherst,waste,4.41
2016-01-03 09:00:00,3,Mouse_health_Ileana,Goessmann,chemistry_lab,UMass Amherst,waste,4.5
2016-01-03 10:00:00,3,Mouse_health_Ileana,Goessmann,chemistry_lab,UMass Amherst,waste,4.5
2016-01-03 11:00:00,3,Mouse_health_Ileana,Goessmann,chemistry_lab,UMass Amherst,waste,4.41
2016-01-03 12:00:00,3,Mouse_health_Ileana,Goessmann,chemistry_lab,UMass Amherst,waste,4.59
2016-01-03 13:00:00,3,Mouse_health_Ileana,Goessmann,chemistry_lab,UMass Amherst,waste,4.5
2016-01-03 14:00:00,3,Mouse_health_Ileana,Goessmann,chemistry_lab,UMass Amherst,waste,4.59
2016-01-03 15:00:00,3,Mouse_health_Ileana,Goessmann,chemistry_lab,UMass Amherst,waste,4.5
2016-01-03 16:00:00,3,Mouse_health_Ileana,Goessmann,chemistry_lab,UMass Amherst,waste,4.68
2016-01-03 17:00:00,3,Mouse_health_Ileana,Goessmann,chemistry_lab,UMass Amherst,waste,4.59
2016-01-03 18:00:00,3,Mouse_health_Ileana,Goessmann,chemistry_lab,UMass Amherst,waste,4.59
2016-01-03 19:00:00,3,Mouse_health_Ileana,Goessmann,chemistry_lab,UMass Amherst,waste,4.5
2016-01-03 20:00:00,3,Mouse_health_Ileana,Goessmann,chemistry_lab,UMass Amherst,waste,4.68
2016-01-03 21:00:00,3,Mouse_health_Ileana,Goessmann,chemistry_lab,UMass Amherst,waste,4.68
2016-01-03 22:00:00,3,Mouse_health_Ileana,Goessmann,chemistry_lab,UMass Amherst,waste,4.68
2016-01-03 23:00:00,3,Mouse_health_Ileana,Goessmann,chemistry_lab,UMass Amherst,waste,4.59
2016-01-04 00:00:00,3,Mouse_health_Ileana,Goessmann,chemistry_lab,UMass Amherst,waste,4.59
2016-01-04 01:00:00,3,Mouse_health_Ileana,Goessmann,chemistry_lab,UMass Amherst,waste,4.41
2016-01-04 02:00:00,3,Mouse_health_Ileana,Goessmann,chemistry_lab,UMass Amherst,waste,4.32
2016-01-04 03:00:00,3,Mouse_health_Ileana,Goessmann,chemistry_lab,UMass Amherst,waste,4.2299999999999995
2016-01-04 04:00:00,3,Mouse_health_Ileana,Goessmann,chemistry_lab,UMass Amherst,waste,4.41
2016-01-04 05:00:00,3,Mouse_health_Ileana,Goessmann,chemistry_lab,UMass Amherst,waste,4.41
2016-01-04 06:00:00,3,Mouse_health_Ileana,Goessmann,chemistry_lab,UMass Amherst,waste,4.41
2016-01-04 07:00:00,3,Mouse_health_Ileana,Goessmann,chemistry_lab,UMass Amherst,waste,4.41
2016-01-04 08:00:00,3,Mouse_health_Ileana,Goessmann,chemistry_lab,UMass Amherst,waste,5.58
2016-01-04 09:00:00,3,Mouse_health_Ileana,Goessmann,chemistry_lab,UMass Amherst,waste,7.29
2016-01-04 10:00:00,3,Mouse_health_Ileana,Goessmann,chemistry_lab,UMass Amherst,waste,9.0
2016-01-04 11:00:00,3,Mouse_health_Ileana,Goessmann,chemistry_lab,UMass Amherst,waste,9.36
2016-01-04 12:00:00,3,Mouse_health_Ileana,Goessmann,chemistry_lab,UMass Amherst,waste,9.36
2016-01-04 13:00:00,3,Mouse_health_Ileana,Goessmann,chemistry_lab,UMass Amherst,waste,9.719999999999999
2016-01-04 14:00:00,3,Mouse_health_Ileana,Goessmann,chemistry_lab,UMass Amherst,waste,9.81
2016-01-04 15:00:00,3,Mouse_health_Ileana,Goessmann,chemistry_lab,UMass Amherst,waste,9.81
2016-01-04 16:00:00,3,Mouse_health_Ileana,Goessmann,chemistry_lab,UMass Amherst,waste,9.9
2016-01-04 17:00:00,3,Mouse_health_Ileana,Goessmann,chemistry_lab,UMass Amherst,waste,9.36
2016-01-04 18:00:00,3,Mouse_health_Ileana,Goessmann,chemistry_lab,UMass Amherst,waste,8.459999999999999
2016-01-04 19:00:00,3,Mouse_health_Ileana,Goessmann,chemistry_lab,UMass Amherst,waste,6.84
2016-01-04 20:00:00,3,Mouse_health_Ileana,Goessmann,chemistry_lab,UMass Amherst,waste,6.569999999999999
2016-01-04 21:00:00,3,Mouse_health_Ileana,Goessmann,chemistry_lab,UMass Amherst,waste,5.85
2016-01-04 22:00:00,3,Mouse_health_Ileana,Goessmann,chemistry_lab,UMass Amherst,waste,5.3999999999999995
2016-01-04 23:00:00,3,Mouse_health_Ileana,Goessmann,chemistry_lab,UMass Amherst,waste,4.95
2016-01-05 00:00:00,3,Mouse_health_Ileana,Goessmann,chemistry_lab,UMass Amherst,waste,4.859999999999999
2016-01-05 01:00:00,3,Mouse_health_Ileana,Goessmann,chemistry_lab,UMass Amherst,waste,4.68
2016-01-05 02:00:00,3,Mouse_health_Ileana,Goessmann,chemistry_lab,UMass Amherst,waste,4.77
2016-01-05 03:00:00,3,Mouse_health_Ileana,Goessmann,chemistry_lab,UMass Amherst,waste,4.77
2016-01-05 04:00:00,3,Mouse_health_Ileana,Goessmann,chemistry_lab,UMass Amherst,waste,4.77
2016-01-05 05:00:00,3,Mouse_health_Ileana,Goessmann,chemistry_lab,UMass Amherst,waste,4.859999999999999
2016-01-05 06:00:00,3,Mouse_health_Ileana,Goessmann,chemistry_lab,UMass Amherst,waste,4.95
2016-01-05 07:00:00,3,Mouse_health_Ileana,Goessmann,chemistry_lab,UMass Amherst,waste,4.95
2016-01-05 08:00:00,3,Mouse_health_Ileana,Goessmann,chemistry_lab,UMass Amherst,waste,5.67
2016-01-05 09:00:00,3,Mouse_health_Ileana,Goessmann,chemistry_lab,UMass Amherst,waste,7.83
2016-01-05 10:00:00,3,Mouse_health_Ileana,Goessmann,chemistry_lab,UMass Amherst,waste,9.45
2016-01-05 11:00:00,3,Mouse_health_Ileana,Goessmann,chemistry_lab,UMass Amherst,waste,9.629999999999999
2016-01-05 12:00:00,3,Mouse_health_Ileana,Goessmann,chemistry_lab,UMass Amherst,waste,9.719999999999999
2016-01-05 13:00:00,3,Mouse_health_Ileana,Goessmann,chemistry_lab,UMass Amherst,waste,9.81
2016-01-05 14:00:00,3,Mouse_health_Ileana,Goessmann,chemistry_lab,UMass Amherst,waste,9.45
2016-01-05 15:00:00,3,Mouse_health_Ileana,Goessmann,chemistry_lab,UMass Amherst,waste,9.719999999999999
2016-01-05 16:00:00,3,Mouse_health_Ileana,Goessmann,chemistry_lab,UMass Amherst,waste,9.54
2016-01-05 17:00:00,3,Mouse_health_Ileana,Goessmann,chemistry_lab,UMass Amherst,waste,9.36
2016-01-05 18:00:00,3,Mouse_health_Ileana,Goessmann,chemistry_lab,UMass Amherst,waste,8.64
2016-01-05 19:00:00,3,Mouse_health_Ileana,Goessmann,chemistry_lab,UMass Amherst,waste,7.47
2016-01-05 20:00:00,3,Mouse_health_Ileana,Goessmann,chemistry_lab,UMass Amherst,waste,6.84
2016-01-05 21:00:00,3,Mouse_health_Ileana,Goessmann,chemistry_lab,UMass Amherst,waste,6.21
2016-01-05 22:00:00,3,Mouse_health_Ileana,Goessmann,chemistry_lab,UMass Amherst,waste,5.13
2016-01-05 23:00:00,3,Mouse_health_Ileana,Goessmann,chemistry_lab,UMass Amherst,waste,5.04
2016-01-06 00:00:00,3,Mouse_health_Ileana,Goessmann,chemistry_lab,UMass Amherst,waste,5.536143
2016-01-06 01:00:00,3,Mouse_health_Ileana,Goessmann,chemistry_lab,UMass Amherst,waste,6.392286
2016-01-06 02:00:00,3,Mouse_health_Ileana,Goessmann,chemistry_lab,UMass Amherst,waste,6.392286
2016-01-06 03:00:00,3,Mouse_health_Ileana,Goessmann,chemistry_lab,UMass Amherst,waste,6.392286
2016-01-06 04:00:00,3,Mouse_health_Ileana,Goessmann,chemistry_lab,UMass Amherst,waste,6.392286
2016-01-06 05:00:00,3,Mouse_health_Ileana,Goessmann,chemistry_lab,UMass Amherst,waste,6.392286
2016-01-06 06:00:00,3,Mouse_health_Ileana,Goessmann,chemistry_lab,UMass Amherst,waste,6.392286
2016-01-06 07:00:00,3,Mouse_health_Ileana,Goessmann,chemistry_lab,UMass Amherst,waste,6.392286
2016-01-06 08:00:00,3,Mouse_health_Ileana,Goessmann,chemistry_lab,UMass Amherst,waste,6.392286
2016-01-06 09:00:00,3,Mouse_health_Ileana,Goessmann,chemistry_lab,UMass Amherst,waste,6.392286
2016-01-06 10:00:00,3,Mouse_health_Ileana,Goessmann,chemistry_lab,UMass Amherst,waste,6.392286
2016-01-06 11:00:00,3,Mouse_health_Ileana,Goessmann,chemistry_lab,UMass Amherst,waste,6.392286
2016-01-06 12:00:00,3,Mouse_health_Ileana,Goessmann,chemistry_lab,UMass Amherst,waste,6.392286
2016-01-06 13:00:00,3,Mouse_health_Ileana,Goessmann,chemistry_lab,UMass Amherst,waste,6.392286
2016-01-06 14:00:00,3,Mouse_health_Ileana,Goessmann,chemistry_lab,UMass Amherst,waste,6.392286
2016-01-06 15:00:00,3,Mouse_health_Ileana,Goessmann,chemistry_lab,UMass Amherst,waste,6.392286
2016-01-06 16:00:00,3,Mouse_health_Ileana,Goessmann,chemistry_lab,UMass Amherst,waste,6.392286
2016-01-06 17:00:00,3,Mouse_health_Ileana,Goessmann,chemistry_lab,UMass Amherst,waste,6.392286
2016-01-06 18:00:00,3,Mouse_health_Ileana,Goessmann,chemistry_lab,UMass Amherst,waste,6.392286
2016-01-06 19:00:00,3,Mouse_health_Ileana,Goessmann,chemistry_lab,UMass Amherst,waste,6.392286
2016-01-06 20:00:00,3,Mouse_health_Ileana,Goessmann,chemistry_lab,UMass Amherst,waste,6.392286
2016-01-06 21:00:00,3,Mouse_health_Ileana,Goessmann,chemistry_lab,UMass Amherst,waste,6.392286
2016-01-06 22:00:00,3,Mouse_health_Ileana,Goessmann,chemistry_lab,UMass Amherst,waste,6.392286
2016-01-06 23:00:00,3,Mouse_health_Ileana,Goessmann,chemistry_lab,UMass Amherst,waste,6.392286
2016-01-07 00:00:00,3,Mouse_health_Ileana,Goessmann,chemistry_lab,UMass Amherst,waste,6.392286
2016-01-07 01:00:00,3,Mouse_health_Ileana,Goessmann,chemistry_lab,UMass Amherst,waste,6.392286
2016-01-07 02:00:00,3,Mouse_health_Ileana,Goessmann,chemistry_lab,UMass Amherst,waste,6.392286
2016-01-07 03:00:00,3,Mouse_health_Ileana,Goessmann,chemistry_lab,UMass Amherst,waste,6.392286
2016-01-07 04:00:00,3,Mouse_health_Ileana,Goessmann,chemistry_lab,UMass Amherst,waste,6.392286
2016-01-07 05:00:00,3,Mouse_health_Ileana,Goessmann,chemistry_lab,UMass Amherst,waste,6.392286
2016-01-07 06:00:00,3,Mouse_health_Ileana,Goessmann,chemistry_lab,UMass Amherst,waste,6.392286
2016-01-07 07:00:00,3,Mouse_health_Ileana,Goessmann,chemistry_lab,UMass Amherst,waste,6.392286
2016-01-07 08:00:00,3,Mouse_health_Ileana,Goessmann,chemistry_lab,UMass Amherst,waste,6.392286
2016-01-07 09:00:00,3,Mouse_health_Ileana,Goessmann,chemistry_lab,UMass Amherst,waste,6.392286
2016-01-07 10:00:00,3,Mouse_health_Ileana,Goessmann,chemistry_lab,UMass Amherst,waste,6.392286
2016-01-07 11:00:00,3,Mouse_health_Ileana,Goessmann,chemistry_lab,UMass Amherst,waste,6.392286
2016-01-07 12:00:00,3,Mouse_health_Ileana,Goessmann,chemistry_lab,UMass Amherst,waste,6.392286
2016-01-07 13:00:00,3,Mouse_health_Ileana,Goessmann,chemistry_lab,UMass Amherst,waste,6.392286
2016-01-07 14:00:00,3,Mouse_health_Ileana,Goessmann,chemistry_lab,UMass Amherst,waste,6.392286
2016-01-07 15:00:00,3,Mouse_health_Ileana,Goessmann,chemistry_lab,UMass Amherst,waste,6.392286
2016-01-07 16:00:00,3,Mouse_health_Ileana,Goessmann,chemistry_lab,UMass Amherst,waste,6.392286
2016-01-07 17:00:00,3,Mouse_health_Ileana,Goessmann,chemistry_lab,UMass Amherst,waste,6.392286
2016-01-07 18:00:00,3,Mouse_health_Ileana,Goessmann,chemistry_lab,UMass Amherst,waste,6.392286
2016-01-07 19:00:00,3,Mouse_health_Ileana,Goessmann,chemistry_lab,UMass Amherst,waste,6.392286
2016-01-07 20:00:00,3,Mouse_health_Ileana,Goessmann,chemistry_lab,UMass Amherst,waste,6.392286
2016-01-07 21:00:00,3,Mouse_health_Ileana,Goessmann,chemistry_lab,UMass Amherst,waste,6.392286
2016-01-07 22:00:00,3,Mouse_health_Ileana,Goessmann,chemistry_lab,UMass Amherst,waste,6.392286
2016-01-07 23:00:00,3,Mouse_health_Ileana,Goessmann,chemistry_lab,UMass Amherst,waste,6.392286
2016-01-08 00:00:00,3,Mouse_health_Ileana,Goessmann,chemistry_lab,UMass Amherst,waste,6.392286
2016-01-08 01:00:00,3,Mouse_health_Ileana,Goessmann,chemistry_lab,UMass Amherst,waste,6.392286
2016-01-08 02:00:00,3,Mouse_health_Ileana,Goessmann,chemistry_lab,UMass Amherst,waste,6.392286
2016-01-08 03:00:00,3,Mouse_health_Ileana,Goessmann,chemistry_lab,UMass Amherst,waste,6.392286
2016-01-08 04:00:00,3,Mouse_health_Ileana,Goessmann,chemistry_lab,UMass Amherst,waste,6.392286
2016-01-08 05:00:00,3,Mouse_health_Ileana,Goessmann,chemistry_lab,UMass Amherst,waste,6.392286
2016-01-08 06:00:00,3,Mouse_health_Ileana,Goessmann,chemistry_lab,UMass Amherst,waste,6.392286
2016-01-08 07:00:00,3,Mouse_health_Ileana,Goessmann,chemistry_lab,UMass Amherst,waste,6.392286
2016-01-08 08:00:00,3,Mouse_health_Ileana,Goessmann,chemistry_lab,UMass Amherst,waste,6.392286
2016-01-08 09:00:00,3,Mouse_health_Ileana,Goessmann,chemistry_lab,UMass Amherst,waste,6.392286
2016-01-08 10:00:00,3,Mouse_health_Ileana,Goessmann,chemistry_lab,UMass Amherst,waste,6.392286
2016-01-08 11:00:00,3,Mouse_health_Ileana,Goessmann,chemistry_lab,UMass Amherst,waste,6.392286
2016-01-08 12:00:00,3,Mouse_health_Ileana,Goessmann,chemistry_lab,UMass Amherst,waste,6.392286
2016-01-08 13:00:00,3,Mouse_health_Ileana,Goessmann,chemistry_lab,UMass Amherst,waste,6.392286
2016-01-08 14:00:00,3,Mouse_health_Ileana,Goessmann,chemistry_lab,UMass Amherst,waste,6.392286
2016-01-08 15:00:00,3,Mouse_health_Ileana,Goessmann,chemistry_lab,UMass Amherst,waste,6.392286
2016-01-08 16:00:00,3,Mouse_health_Ileana,Goessmann,chemistry_lab,UMass Amherst,waste,6.392286
2016-01-08 17:00:00,3,Mouse_health_Ileana,Goessmann,chemistry_lab,UMass Amherst,waste,6.392286
2016-01-08 18:00:00,3,Mouse_health_Ileana,Goessmann,chemistry_lab,UMass Amherst,waste,6.392286
2016-01-08 19:00:00,3,Mouse_health_Ileana,Goessmann,chemistry_lab,UMass Amherst,waste,6.392286
2016-01-08 20:00:00,3,Mouse_health_Ileana,Goessmann,chemistry_lab,UMass Amherst,waste,6.392286
2016-01-08 21:00:00,3,Mouse_health_Ileana,Goessmann,chemistry_lab,UMass Amherst,waste,6.392286
2016-01-08 22:00:00,3,Mouse_health_Ileana,Goessmann,chemistry_lab,UMass Amherst,waste,6.392286
2016-01-08 23:00:00,3,Mouse_health_Ileana,Goessmann,chemistry_lab,UMass Amherst,waste,6.392286
2016-01-09 00:00:00,3,Mouse_health_Ileana,Goessmann,chemistry_lab,UMass Amherst,waste,6.392286
2016-01-09 01:00:00,3,Mouse_health_Ileana,Goessmann,chemistry_lab,UMass Amherst,waste,6.392286
2016-01-09 02:00:00,3,Mouse_health_Ileana,Goessmann,chemistry_lab,UMass Amherst,waste,6.392286
2016-01-09 03:00:00,3,Mouse_health_Ileana,Goessmann,chemistry_lab,UMass Amherst,waste,6.392286
2016-01-09 04:00:00,3,Mouse_health_Ileana,Goessmann,chemistry_lab,UMass Amherst,waste,6.392286
2016-01-09 05:00:00,3,Mouse_health_Ileana,Goessmann,chemistry_lab,UMass Amherst,waste,6.392286
2016-01-09 06:00:00,3,Mouse_health_Ileana,Goessmann,chemistry_lab,UMass Amherst,waste,6.392286
2016-01-09 07:00:00,3,Mouse_health_Ileana,Goessmann,chemistry_lab,UMass Amherst,waste,6.392286
2016-01-09 08:00:00,3,Mouse_health_Ileana,Goessmann,chemistry_lab,UMass Amherst,waste,6.392286
2016-01-09 09:00:00,3,Mouse_health_Ileana,Goessmann,chemistry_lab,UMass Amherst,waste,6.392286
2016-01-09 10:00:00,3,Mouse_health_Ileana,Goessmann,chemistry_lab,UMass Amherst,waste,6.392286
2016-01-09 11:00:00,3,Mouse_health_Ileana,Goessmann,chemistry_lab,UMass Amherst,waste,6.392286
2016-01-09 12:00:00,3,Mouse_health_Ileana,Goessmann,chemistry_lab,UMass Amherst,waste,6.392286
2016-01-09 13:00:00,3,Mouse_health_Ileana,Goessmann,chemistry_lab,UMass Amherst,waste,6.392286
2016-01-09 14:00:00,3,Mouse_health_Ileana,Goessmann,chemistry_lab,UMass Amherst,waste,6.392286
2016-01-09 15:00:00,3,Mouse_health_Ileana,Goessmann,chemistry_lab,UMass Amherst,waste,6.392286
2016-01-09 16:00:00,3,Mouse_health_Ileana,Goessmann,chemistry_lab,UMass Amherst,waste,6.392286
2016-01-09 17:00:00,3,Mouse_health_Ileana,Goessmann,chemistry_lab,UMass Amherst,waste,6.392286
2016-01-09 18:00:00,3,Mouse_health_Ileana,Goessmann,chemistry_lab,UMass Amherst,waste,6.392286
2016-01-09 19:00:00,3,Mouse_health_Ileana,Goessmann,chemistry_lab,UMass Amherst,waste,6.392286
2016-01-09 20:00:00,3,Mouse_health_Ileana,Goessmann,chemistry_lab,UMass Amherst,waste,6.392286
2016-01-09 21:00:00,3,Mouse_health_Ileana,Goessmann,chemistry_lab,UMass Amherst,waste,6.392286
2016-01-09 22:00:00,3,Mouse_health_Ileana,Goessmann,chemistry_lab,UMass Amherst,waste,6.392286
2016-01-09 23:00:00,3,Mouse_health_Ileana,Goessmann,chemistry_lab,UMass Amherst,waste,6.392286
2016-01-10 00:00:00,3,Mouse_health_Ileana,Goessmann,chemistry_lab,UMass Amherst,waste,6.392286
2016-01-10 01:00:00,3,Mouse_health_Ileana,Goessmann,chemistry_lab,UMass Amherst,waste,6.392286
2016-01-10 02:00:00,3,Mouse_health_Ileana,Goessmann,chemistry_lab,UMass Amherst,waste,6.392286
2016-01-10 03:00:00,3,Mouse_health_Ileana,Goessmann,chemistry_lab,UMass Amherst,waste,6.392286
2016-01-10 04:00:00,3,Mouse_health_Ileana,Goessmann,chemistry_lab,UMass Amherst,waste,6.392286
2016-01-10 05:00:00,3,Mouse_health_Ileana,Goessmann,chemistry_lab,UMass Amherst,waste,6.392286
2016-01-10 06:00:00,3,Mouse_health_Ileana,Goessmann,chemistry_lab,UMass Amherst,waste,6.392286
2016-01-10 07:00:00,3,Mouse_health_Ileana,Goessmann,chemistry_lab,UMass Amherst,waste,6.392286
2016-01-10 08:00:00,3,Mouse_health_Ileana,Goessmann,chemistry_lab,UMass Amherst,waste,6.392286
2016-01-10 09:00:00,3,Mouse_health_Ileana,Goessmann,chemistry_lab,UMass Amherst,waste,6.392286
2016-01-10 10:00:00,3,Mouse_health_Ileana,Goessmann,chemistry_lab,UMass Amherst,waste,6.392286
2016-01-10 11:00:00,3,Mouse_health_Ileana,Goessmann,chemistry_lab,UMass Amherst,waste,6.392286
2016-01-10 12:00:00,3,Mouse_health_Ileana,Goessmann,chemistry_lab,UMass Amherst,waste,6.392286
2016-01-10 13:00:00,3,Mouse_health_Ileana,Goessmann,chemistry_lab,UMass Amherst,waste,6.392286
2016-01-10 14:00:00,3,Mouse_health_Ileana,Goessmann,chemistry_lab,UMass Amherst,waste,6.392286
2016-01-10 15:00:00,3,Mouse_health_Ileana,Goessmann,chemistry_lab,UMass Amherst,waste,6.392286
2016-01-10 16:00:00,3,Mouse_health_Ileana,Goessmann,chemistry_lab,UMass Amherst,waste,6.392286
2016-01-10 17:00:00,3,Mouse_health_Ileana,Goessmann,chemistry_lab,UMass Amherst,waste,6.392286
2016-01-10 18:00:00,3,Mouse_health_Ileana,Goessmann,chemistry_lab,UMass Amherst,waste,6.392286
2016-01-10 19:00:00,3,Mouse_health_Ileana,Goessmann,chemistry_lab,UMass Amherst,waste,6.392286
2016-01-10 20:00:00,3,Mouse_health_Ileana,Goessmann,chemistry_lab,UMass Amherst,waste,6.392286
2016-01-10 21:00:00,3,Mouse_health_Ileana,Goessmann,chemistry_lab,UMass Amherst,waste,6.392286
2016-01-10 22:00:00,3,Mouse_health_Ileana,Goessmann,chemistry_lab,UMass Amherst,waste,6.392286
2016-01-10 23:00:00,3,Mouse_health_Ileana,Goessmann,chemistry_lab,UMass Amherst,waste,6.392286
2016-01-11 00:00:00,3,Mouse_health_Ileana,Goessmann,chemistry_lab,UMass Amherst,waste,6.392286
2016-01-11 01:00:00,3,Mouse_health_Ileana,Goessmann,chemistry_lab,UMass Amherst,waste,6.392286
2016-01-11 02:00:00,3,Mouse_health_Ileana,Goessmann,chemistry_lab,UMass Amherst,waste,6.392286
2016-01-11 03:00:00,3,Mouse_health_Ileana,Goessmann,chemistry_lab,UMass Amherst,waste,6.392286
2016-01-11 04:00:00,3,Mouse_health_Ileana,Goessmann,chemistry_lab,UMass Amherst,waste,6.392286
2016-01-11 05:00:00,3,Mouse_health_Ileana,Goessmann,chemistry_lab,UMass Amherst,waste,6.392286
2016-01-11 06:00:00,3,Mouse_health_Ileana,Goessmann,chemistry_lab,UMass Amherst,waste,6.392286
2016-01-11 07:00:00,3,Mouse_health_Ileana,Goessmann,chemistry_lab,UMass Amherst,waste,6.392286
2016-01-11 08:00:00,3,Mouse_health_Ileana,Goessmann,chemistry_lab,UMass Amherst,waste,6.392286
2016-01-11 09:00:00,3,Mouse_health_Ileana,Goessmann,chemistry_lab,UMass Amherst,waste,6.392286
2016-01-11 10:00:00,3,Mouse_health_Ileana,Goessmann,chemistry_lab,UMass Amherst,waste,6.392286
2016-01-11 11:00:00,3,Mouse_health_Ileana,Goessmann,chemistry_lab,UMass Amherst,waste,6.392286
2016-01-11 12:00:00,3,Mouse_health_Ileana,Goessmann,chemistry_lab,UMass Amherst,waste,6.392286
2016-01-11 13:00:00,3,Mouse_health_Ileana,Goessmann,chemistry_lab,UMass Amherst,waste,6.392286
2016-01-11 14:00:00,3,Mouse_health_Ileana,Goessmann,chemistry_lab,UMass Amherst,waste,6.392286
2016-01-11 15:00:00,3,Mouse_health_Ileana,Goessmann,chemistry_lab,UMass Amherst,waste,6.392286
2016-01-11 16:00:00,3,Mouse_health_Ileana,Goessmann,chemistry_lab,UMass Amherst,waste,6.392286
2016-01-11 17:00:00,3,Mouse_health_Ileana,Goessmann,chemistry_lab,UMass Amherst,waste,6.392286
2016-01-11 18:00:00,3,Mouse_health_Ileana,Goessmann,chemistry_lab,UMass Amherst,waste,6.392286
2016-01-11 19:00:00,3,Mouse_health_Ileana,Goessmann,chemistry_lab,UMass Amherst,waste,6.392286
2016-01-11 20:00:00,3,Mouse_health_Ileana,Goessmann,chemistry_lab,UMass Amherst,waste,6.392286
2016-01-11 21:00:00,3,Mouse_health_Ileana,Goessmann,chemistry_lab,UMass Amherst,waste,6.392286
2016-01-11 22:00:00,3,Mouse_health_Ileana,Goessmann,chemistry_lab,UMass Amherst,waste,6.392286
2016-01-11 23:00:00,3,Mouse_health_Ileana,Goessmann,chemistry_lab,UMass Amherst,waste,6.392286
2016-01-12 00:00:00,3,Mouse_health_Ileana,Goessmann,chemistry_lab,UMass Amherst,waste,6.392286
2016-01-12 01:00:00,3,Mouse_health_Ileana,Goessmann,chemistry_lab,UMass Amherst,waste,6.392286
2016-01-12 02:00:00,3,Mouse_health_Ileana,Goessmann,chemistry_lab,UMass Amherst,waste,6.392286
2016-01-12 03:00:00,3,Mouse_health_Ileana,Goessmann,chemistry_lab,UMass Amherst,waste,6.392286
2016-01-12 04:00:00,3,Mouse_health_Ileana,Goessmann,chemistry_lab,UMass Amherst,waste,6.392286
2016-01-12 05:00:00,3,Mouse_health_Ileana,Goessmann,chemistry_lab,UMass Amherst,waste,6.392286
2016-01-12 06:00:00,3,Mouse_health_Ileana,Goessmann,chemistry_lab,UMass Amherst,waste,6.392286
2016-01-12 07:00:00,3,Mouse_health_Ileana,Goessmann,chemistry_lab,UMass Amherst,waste,6.392286
2016-01-12 08:00:00,3,Mouse_health_Ileana,Goessmann,chemistry_lab,UMass Amherst,waste,6.392286
2016-01-12 09:00:00,3,Mouse_health_Ileana,Goessmann,chemistry_lab,UMass Amherst,waste,6.392286
2016-01-12 10:00:00,3,Mouse_health_Ileana,Goessmann,chemistry_lab,UMass Amherst,waste,6.392286
2016-01-12 11:00:00,3,Mouse_health_Ileana,Goessmann,chemistry_lab,UMass Amherst,waste,6.392286
2016-01-12 12:00:00,3,Mouse_health_Ileana,Goessmann,chemistry_lab,UMass Amherst,waste,6.392286
2016-01-12 13:00:00,3,Mouse_health_Ileana,Goessmann,chemistry_lab,UMass Amherst,waste,6.392286
2016-01-12 14:00:00,3,Mouse_health_Ileana,Goessmann,chemistry_lab,UMass Amherst,waste,6.392286
2016-01-12 15:00:00,3,Mouse_health_Ileana,Goessmann,chemistry_lab,UMass Amherst,waste,6.392286
2016-01-12 16:00:00,3,Mouse_health_Ileana,Goessmann,chemistry_lab,UMass Amherst,waste,6.392286
2016-01-12 17:00:00,3,Mouse_health_Ileana,Goessmann,chemistry_lab,UMass Amherst,waste,6.392286
2016-01-12 18:00:00,3,Mouse_health_Ileana,Goessmann,chemistry_lab,UMass Amherst,waste,6.392286
2016-01-12 19:00:00,3,Mouse_health_Ileana,Goessmann,chemistry_lab,UMass Amherst,waste,6.392286
2016-01-12 20:00:00,3,Mouse_health_Ileana,Goessmann,chemistry_lab,UMass Amherst,waste,6.392286
2016-01-12 21:00:00,3,Mouse_health_Ileana,Goessmann,chemistry_lab,UMass Amherst,waste,6.392286
2016-01-12 22:00:00,3,Mouse_health_Ileana,Goessmann,chemistry_lab,UMass Amherst,waste,6.392286
2016-01-12 23:00:00,3,Mouse_health_Ileana,Goessmann,chemistry_lab,UMass Amherst,waste,6.392286
2016-01-13 00:00:00,3,Mouse_health_Ileana,Goessmann,chemistry_lab,UMass Amherst,waste,6.392286
2016-01-13 01:00:00,3,Mouse_health_Ileana,Goessmann,chemistry_lab,UMass Amherst,waste,6.392286
2016-01-13 02:00:00,3,Mouse_health_Ileana,Goessmann,chemistry_lab,UMass Amherst,waste,6.392286
2016-01-13 03:00:00,3,Mouse_health_Ileana,Goessmann,chemistry_lab,UMass Amherst,waste,6.392286
2016-01-13 04:00:00,3,Mouse_health_Ileana,Goessmann,chemistry_lab,UMass Amherst,waste,6.392286
2016-01-13 05:00:00,3,Mouse_health_Ileana,Goessmann,chemistry_lab,UMass Amherst,waste,6.392286
2016-01-13 06:00:00,3,Mouse_health_Ileana,Goessmann,chemistry_lab,UMass Amherst,waste,6.392286
2016-01-13 07:00:00,3,Mouse_health_Ileana,Goessmann,chemistry_lab,UMass Amherst,waste,6.392286
2016-01-13 08:00:00,3,Mouse_health_Ileana,Goessmann,chemistry_lab,UMass Amherst,waste,6.392286
2016-01-13 09:00:00,3,Mouse_health_Ileana,Goessmann,chemistry_lab,UMass Amherst,waste,6.392286
2016-01-13 10:00:00,3,Mouse_health_Ileana,Goessmann,chemistry_lab,UMass Amherst,waste,6.392286
2016-01-13 11:00:00,3,Mouse_health_Ileana,Goessmann,chemistry_lab,UMass Amherst,waste,6.392286
2016-01-13 12:00:00,3,Mouse_health_Ileana,Goessmann,chemistry_lab,UMass Amherst,waste,6.392286
2016-01-13 13:00:00,3,Mouse_health_Ileana,Goessmann,chemistry_lab,UMass Amherst,waste,6.392286
2016-01-13 14:00:00,3,Mouse_health_Ileana,Goessmann,chemistry_lab,UMass Amherst,waste,6.392286
2016-01-13 15:00:00,3,Mouse_health_Ileana,Goessmann,chemistry_lab,UMass Amherst,waste,6.392286
2016-01-13 16:00:00,3,Mouse_health_Ileana,Goessmann,chemistry_lab,UMass Amherst,waste,6.392286
2016-01-13 17:00:00,3,Mouse_health_Ileana,Goessmann,chemistry_lab,UMass Amherst,waste,6.392286
2016-01-13 18:00:00,3,Mouse_health_Ileana,Goessmann,chemistry_lab,UMass Amherst,waste,6.392286
2016-01-13 19:00:00,3,Mouse_health_Ileana,Goessmann,chemistry_lab,UMass Amherst,waste,6.392286
2016-01-13 20:00:00,3,Mouse_health_Ileana,Goessmann,chemistry_lab,UMass Amherst,waste,6.392286
2016-01-13 21:00:00,3,Mouse_health_Ileana,Goessmann,chemistry_lab,UMass Amherst,waste,6.392286
2016-01-13 22:00:00,3,Mouse_health_Ileana,Goessmann,chemistry_lab,UMass Amherst,waste,6.392286
2016-01-13 23:00:00,3,Mouse_health_Ileana,Goessmann,chemistry_lab,UMass Amherst,waste,6.392286
2016-01-14 00:00:00,3,Mouse_health_Ileana,Goessmann,chemistry_lab,UMass Amherst,waste,6.392286
2016-01-14 01:00:00,3,Mouse_health_Ileana,Goessmann,chemistry_lab,UMass Amherst,waste,6.392286
2016-01-14 02:00:00,3,Mouse_health_Ileana,Goessmann,chemistry_lab,UMass Amherst,waste,6.392286
2016-01-14 03:00:00,3,Mouse_health_Ileana,Goessmann,chemistry_lab,UMass Amherst,waste,6.392286
2016-01-14 04:00:00,3,Mouse_health_Ileana,Goessmann,chemistry_lab,UMass Amherst,waste,6.392286
2016-01-14 05:00:00,3,Mouse_health_Ileana,Goessmann,chemistry_lab,UMass Amherst,waste,6.392286
2016-01-14 06:00:00,3,Mouse_health_Ileana,Goessmann,chemistry_lab,UMass Amherst,waste,6.392286
2016-01-14 07:00:00,3,Mouse_health_Ileana,Goessmann,chemistry_lab,UMass Amherst,waste,6.392286
2016-01-14 08:00:00,3,Mouse_health_Ileana,Goessmann,chemistry_lab,UMass Amherst,waste,6.392286
2016-01-14 09:00:00,3,Mouse_health_Ileana,Goessmann,chemistry_lab,UMass Amherst,waste,6.392286
2016-01-14 10:00:00,3,Mouse_health_Ileana,Goessmann,chemistry_lab,UMass Amherst,waste,6.392286
2016-01-14 11:00:00,3,Mouse_health_Ileana,Goessmann,chemistry_lab,UMass Amherst,waste,6.392286
2016-01-14 12:00:00,3,Mouse_health_Ileana,Goessmann,chemistry_lab,UMass Amherst,waste,6.392286
2016-01-14 13:00:00,3,Mouse_health_Ileana,Goessmann,chemistry_lab,UMass Amherst,waste,6.392286
2016-01-14 14:00:00,3,Mouse_health_Ileana,Goessmann,chemistry_lab,UMass Amherst,waste,6.392286
2016-01-14 15:00:00,3,Mouse_health_Ileana,Goessmann,chemistry_lab,UMass Amherst,waste,6.392286
2016-01-14 16:00:00,3,Mouse_health_Ileana,Goessmann,chemistry_lab,UMass Amherst,waste,6.392286
2016-01-14 17:00:00,3,Mouse_health_Ileana,Goessmann,chemistry_lab,UMass Amherst,waste,6.392286
2016-01-14 18:00:00,3,Mouse_health_Ileana,Goessmann,chemistry_lab,UMass Amherst,waste,6.392286
2016-01-14 19:00:00,3,Mouse_health_Ileana,Goessmann,chemistry_lab,UMass Amherst,waste,6.392286
2016-01-14 20:00:00,3,Mouse_health_Ileana,Goessmann,chemistry_lab,UMass Amherst,waste,6.392286
2016-01-14 21:00:00,3,Mouse_health_Ileana,Goessmann,chemistry_lab,UMass Amherst,waste,6.392286
2016-01-14 22:00:00,3,Mouse_health_Ileana,Goessmann,chemistry_lab,UMass Amherst,waste,6.392286
2016-01-14 23:00:00,3,Mouse_health_Ileana,Goessmann,chemistry_lab,UMass Amherst,waste,6.392286
2016-01-15 00:00:00,3,Mouse_health_Ileana,Goessmann,chemistry_lab,UMass Amherst,waste,5.2661430000000005
2016-01-15 01:00:00,3,Mouse_health_Ileana,Goessmann,chemistry_lab,UMass Amherst,waste,5.356143
2016-01-15 02:00:00,3,Mouse_health_Ileana,Goessmann,chemistry_lab,UMass Amherst,waste,4.5
2016-01-15 03:00:00,3,Mouse_health_Ileana,Goessmann,chemistry_lab,UMass Amherst,waste,4.41
2016-01-15 04:00:00,3,Mouse_health_Ileana,Goessmann,chemistry_lab,UMass Amherst,waste,4.41
2016-01-15 05:00:00,3,Mouse_health_Ileana,Goessmann,chemistry_lab,UMass Amherst,waste,4.59
2016-01-15 06:00:00,3,Mouse_health_Ileana,Goessmann,chemistry_lab,UMass Amherst,waste,4.5
2016-01-15 07:00:00,3,Mouse_health_Ileana,Goessmann,chemistry_lab,UMass Amherst,waste,4.41
2016-01-15 08:00:00,3,Mouse_health_Ileana,Goessmann,chemistry_lab,UMass Amherst,waste,5.67
2016-01-15 09:00:00,3,Mouse_health_Ileana,Goessmann,chemistry_lab,UMass Amherst,waste,8.28
2016-01-15 10:00:00,3,Mouse_health_Ileana,Goessmann,chemistry_lab,UMass Amherst,waste,9.81
2016-01-15 11:00:00,3,Mouse_health_Ileana,Goessmann,chemistry_lab,UMass Amherst,waste,10.08
2016-01-15 12:00:00,3,Mouse_health_Ileana,Goessmann,chemistry_lab,UMass Amherst,waste,10.08
2016-01-15 13:00:00,3,Mouse_health_Ileana,Goessmann,chemistry_lab,UMass Amherst,waste,10.08
2016-01-15 14:00:00,3,Mouse_health_Ileana,Goessmann,chemistry_lab,UMass Amherst,waste,9.9
2016-01-15 15:00:00,3,Mouse_health_Ileana,Goessmann,chemistry_lab,UMass Amherst,waste,9.99
2016-01-15 16:00:00,3,Mouse_health_Ileana,Goessmann,chemistry_lab,UMass Amherst,waste,9.9
2016-01-15 17:00:00,3,Mouse_health_Ileana,Goessmann,chemistry_lab,UMass Amherst,waste,9.629999999999999
2016-01-15 18:00:00,3,Mouse_health_Ileana,Goessmann,chemistry_lab,UMass Amherst,waste,8.549999999999999
2016-01-15 19:00:00,3,Mouse_health_Ileana,Goessmann,chemistry_lab,UMass Amherst,waste,7.38
2016-01-15 20:00:00,3,Mouse_health_Ileana,Goessmann,chemistry_lab,UMass Amherst,waste,6.66
2016-01-15 21:00:00,3,Mouse_health_Ileana,Goessmann,chemistry_lab,UMass Amherst,waste,6.12
2016-01-15 22:00:00,3,Mouse_health_Ileana,Goessmann,chemistry_lab,UMass Amherst,waste,4.859999999999999
2016-01-15 23:00:00,3,Mouse_health_Ileana,Goessmann,chemistry_lab,UMass Amherst,waste,4.41
2016-01-16 00:00:00,3,Mouse_health_Ileana,Goessmann,chemistry_lab,UMass Amherst,waste,4.2299999999999995
2016-01-16 01:00:00,3,Mouse_health_Ileana,Goessmann,chemistry_lab,UMass Amherst,waste,4.14
2016-01-16 02:00:00,3,Mouse_health_Ileana,Goessmann,chemistry_lab,UMass Amherst,waste,4.14
2016-01-16 03:00:00,3,Mouse_health_Ileana,Goessmann,chemistry_lab,UMass Amherst,waste,4.05
2016-01-16 04:00:00,3,Mouse_health_Ileana,Goessmann,chemistry_lab,UMass Amherst,waste,4.05
2016-01-16 05:00:00,3,Mouse_health_Ileana,Goessmann,chemistry_lab,UMass Amherst,waste,4.2299999999999995
2016-01-16 06:00:00,3,Mouse_health_Ileana,Goessmann,chemistry_lab,UMass Amherst,waste,4.14
2016-01-16 07:00:00,3,Mouse_health_Ileana,Goessmann,chemistry_lab,UMass Amherst,waste,4.14
2016-01-16 08:00:00,3,Mouse_health_Ileana,Goessmann,chemistry_lab,UMass Amherst,waste,4.2299999999999995
2016-01-16 09:00:00,3,Mouse_health_Ileana,Goessmann,chemistry_lab,UMass Amherst,waste,4.41
2016-01-16 10:00:00,3,Mouse_health_Ileana,Goessmann,chemistry_lab,UMass Amherst,waste,4.5
2016-01-16 11:00:00,3,Mouse_health_Ileana,Goessmann,chemistry_lab,UMass Amherst,waste,4.5
2016-01-16 12:00:00,3,Mouse_health_Ileana,Goessmann,chemistry_lab,UMass Amherst,waste,4.41
2016-01-16 13:00:00,3,Mouse_health_Ileana,Goessmann,chemistry_lab,UMass Amherst,waste,4.59
2016-01-16 14:00:00,3,Mouse_health_Ileana,Goessmann,chemistry_lab,UMass Amherst,waste,4.68
2016-01-16 15:00:00,3,Mouse_health_Ileana,Goessmann,chemistry_lab,UMass Amherst,waste,4.5
2016-01-16 16:00:00,3,Mouse_health_Ileana,Goessmann,chemistry_lab,UMass Amherst,waste,4.59
2016-01-16 17:00:00,3,Mouse_health_Ileana,Goessmann,chemistry_lab,UMass Amherst,waste,4.5
2016-01-16 18:00:00,3,Mouse_health_Ileana,Goessmann,chemistry_lab,UMass Amherst,waste,4.5
2016-01-16 19:00:00,3,Mouse_health_Ileana,Goessmann,chemistry_lab,UMass Amherst,waste,4.41
2016-01-16 20:00:00,3,Mouse_health_Ileana,Goessmann,chemistry_lab,UMass Amherst,waste,4.5
2016-01-16 21:00:00,3,Mouse_health_Ileana,Goessmann,chemistry_lab,UMass Amherst,waste,4.41
2016-01-16 22:00:00,3,Mouse_health_Ileana,Goessmann,chemistry_lab,UMass Amherst,waste,4.41
2016-01-16 23:00:00,3,Mouse_health_Ileana,Goessmann,chemistry_lab,UMass Amherst,waste,4.32
2016-01-17 00:00:00,3,Mouse_health_Ileana,Goessmann,chemistry_lab,UMass Amherst,waste,4.32
2016-01-17 01:00:00,3,Mouse_health_Ileana,Goessmann,chemistry_lab,UMass Amherst,waste,4.32
2016-01-17 02:00:00,3,Mouse_health_Ileana,Goessmann,chemistry_lab,UMass Amherst,waste,4.2299999999999995
2016-01-17 03:00:00,3,Mouse_health_Ileana,Goessmann,chemistry_lab,UMass Amherst,waste,4.2299999999999995
2016-01-17 04:00:00,3,Mouse_health_Ileana,Goessmann,chemistry_lab,UMass Amherst,waste,4.32
2016-01-17 05:00:00,3,Mouse_health_Ileana,Goessmann,chemistry_lab,UMass Amherst,waste,4.32
2016-01-17 06:00:00,3,Mouse_health_Ileana,Goessmann,chemistry_lab,UMass Amherst,waste,4.41
2016-01-17 07:00:00,3,Mouse_health_Ileana,Goessmann,chemistry_lab,UMass Amherst,waste,4.2299999999999995
2016-01-17 08:00:00,3,Mouse_health_Ileana,Goessmann,chemistry_lab,UMass Amherst,waste,4.41
2016-01-17 09:00:00,3,Mouse_health_Ileana,Goessmann,chemistry_lab,UMass Amherst,waste,4.41
2016-01-17 10:00:00,3,Mouse_health_Ileana,Goessmann,chemistry_lab,UMass Amherst,waste,4.68
2016-01-17 11:00:00,3,Mouse_health_Ileana,Goessmann,chemistry_lab,UMass Amherst,waste,4.59
2016-01-17 12:00:00,3,Mouse_health_Ileana,Goessmann,chemistry_lab,UMass Amherst,waste,4.41
2016-01-17 13:00:00,3,Mouse_health_Ileana,Goessmann,chemistry_lab,UMass Amherst,waste,4.68
2016-01-17 14:00:00,3,Mouse_health_Ileana,Goessmann,chemistry_lab,UMass Amherst,waste,4.41
2016-01-17 15:00:00,3,Mouse_health_Ileana,Goessmann,chemistry_lab,UMass Amherst,waste,4.5
2016-01-17 16:00:00,3,Mouse_health_Ileana,Goessmann,chemistry_lab,UMass Amherst,waste,4.5
2016-01-17 17:00:00,3,Mouse_health_Ileana,Goessmann,chemistry_lab,UMass Amherst,waste,4.41
2016-01-17 18:00:00,3,Mouse_health_Ileana,Goessmann,chemistry_lab,UMass Amherst,waste,4.5
2016-01-17 19:00:00,3,Mouse_health_Ileana,Goessmann,chemistry_lab,UMass Amherst,waste,4.5
2016-01-17 20:00:00,3,Mouse_health_Ileana,Goessmann,chemistry_lab,UMass Amherst,waste,4.5
2016-01-17 21:00:00,3,Mouse_health_Ileana,Goessmann,chemistry_lab,UMass Amherst,waste,4.32
2016-01-17 22:00:00,3,Mouse_health_Ileana,Goessmann,chemistry_lab,UMass Amherst,waste,4.32
2016-01-17 23:00:00,3,Mouse_health_Ileana,Goessmann,chemistry_lab,UMass Amherst,waste,4.2299999999999995
2016-01-18 00:00:00,3,Mouse_health_Ileana,Goessmann,chemistry_lab,UMass Amherst,waste,4.59
2016-01-18 01:00:00,3,Mouse_health_Ileana,Goessmann,chemistry_lab,UMass Amherst,waste,4.14
2016-01-18 02:00:00,3,Mouse_health_Ileana,Goessmann,chemistry_lab,UMass Amherst,waste,4.2299999999999995
2016-01-18 03:00:00,3,Mouse_health_Ileana,Goessmann,chemistry_lab,UMass Amherst,waste,4.05
2016-01-18 04:00:00,3,Mouse_health_Ileana,Goessmann,chemistry_lab,UMass Amherst,waste,4.14
2016-01-18 05:00:00,3,Mouse_health_Ileana,Goessmann,chemistry_lab,UMass Amherst,waste,4.2299999999999995
2016-01-18 06:00:00,3,Mouse_health_Ileana,Goessmann,chemistry_lab,UMass Amherst,waste,4.14
2016-01-18 07:00:00,3,Mouse_health_Ileana,Goessmann,chemistry_lab,UMass Amherst,waste,4.2299999999999995
2016-01-18 08:00:00,3,Mouse_health_Ileana,Goessmann,chemistry_lab,UMass Amherst,waste,5.3999999999999995
2016-01-18 09:00:00,3,Mouse_health_Ileana,Goessmann,chemistry_lab,UMass Amherst,waste,8.19
2016-01-18 10:00:00,3,Mouse_health_Ileana,Goessmann,chemistry_lab,UMass Amherst,waste,9.629999999999999
2016-01-18 11:00:00,3,Mouse_health_Ileana,Goessmann,chemistry_lab,UMass Amherst,waste,9.81
2016-01-18 12:00:00,3,Mouse_health_Ileana,Goessmann,chemistry_lab,UMass Amherst,waste,9.719999999999999
2016-01-18 13:00:00,3,Mouse_health_Ileana,Goessmann,chemistry_lab,UMass Amherst,waste,9.719999999999999
2016-01-18 14:00:00,3,Mouse_health_Ileana,Goessmann,chemistry_lab,UMass Amherst,waste,10.17
2016-01-18 15:00:00,3,Mouse_health_Ileana,Goessmann,chemistry_lab,UMass Amherst,waste,10.08
2016-01-18 16:00:00,3,Mouse_health_Ileana,Goessmann,chemistry_lab,UMass Amherst,waste,10.26
2016-01-18 17:00:00,3,Mouse_health_Ileana,Goessmann,chemistry_lab,UMass Amherst,waste,9.629999999999999
2016-01-18 18:00:00,3,Mouse_health_Ileana,Goessmann,chemistry_lab,UMass Amherst,waste,9.18
2016-01-18 19:00:00,3,Mouse_health_Ileana,Goessmann,chemistry_lab,UMass Amherst,waste,7.6499999999999995
2016-01-18 20:00:00,3,Mouse_health_Ileana,Goessmann,chemistry_lab,UMass Amherst,waste,6.66
2016-01-18 21:00:00,3,Mouse_health_Ileana,Goessmann,chemistry_lab,UMass Amherst,waste,6.21
2016-01-18 22:00:00,3,Mouse_health_Ileana,Goessmann,chemistry_lab,UMass Amherst,waste,5.3999999999999995
2016-01-18 23:00:00,3,Mouse_health_Ileana,Goessmann,chemistry_lab,UMass Amherst,waste,4.95
2016-01-19 00:00:00,3,Mouse_health_Ileana,Goessmann,chemistry_lab,UMass Amherst,waste,4.859999999999999
2016-01-19 01:00:00,3,Mouse_health_Ileana,Goessmann,chemistry_lab,UMass Amherst,waste,4.859999999999999
2016-01-19 02:00:00,3,Mouse_health_Ileana,Goessmann,chemistry_lab,UMass Amherst,waste,4.77
2016-01-19 03:00:00,3,Mouse_health_Ileana,Goessmann,chemistry_lab,UMass Amherst,waste,4.859999999999999
2016-01-19 04:00:00,3,Mouse_health_Ileana,Goessmann,chemistry_lab,UMass Amherst,waste,4.77
2016-01-19 05:00:00,3,Mouse_health_Ileana,Goessmann,chemistry_lab,UMass Amherst,waste,4.77
2016-01-19 06:00:00,3,Mouse_health_Ileana,Goessmann,chemistry_lab,UMass Amherst,waste,4.859999999999999
2016-01-19 07:00:00,3,Mouse_health_Ileana,Goessmann,chemistry_lab,UMass Amherst,waste,4.95
2016-01-19 08:00:00,3,Mouse_health_Ileana,Goessmann,chemistry_lab,UMass Amherst,waste,6.21
2016-01-19 09:00:00,3,Mouse_health_Ileana,Goessmann,chemistry_lab,UMass Amherst,waste,8.28
2016-01-19 10:00:00,3,Mouse_health_Ileana,Goessmann,chemistry_lab,UMass Amherst,waste,10.08
2016-01-19 11:00:00,3,Mouse_health_Ileana,Goessmann,chemistry_lab,UMass Amherst,waste,11.07
2016-01-19 12:00:00,3,Mouse_health_Ileana,Goessmann,chemistry_lab,UMass Amherst,waste,11.34
2016-01-19 13:00:00,3,Mouse_health_Ileana,Goessmann,chemistry_lab,UMass Amherst,waste,11.07
2016-01-19 14:00:00,3,Mouse_health_Ileana,Goessmann,chemistry_lab,UMass Amherst,waste,11.07
2016-01-19 15:00:00,3,Mouse_health_Ileana,Goessmann,chemistry_lab,UMass Amherst,waste,10.799999999999999
2016-01-19 16:00:00,3,Mouse_health_Ileana,Goessmann,chemistry_lab,UMass Amherst,waste,10.62
2016-01-19 17:00:00,3,Mouse_health_Ileana,Goessmann,chemistry_lab,UMass Amherst,waste,10.17
2016-01-19 18:00:00,3,Mouse_health_Ileana,Goessmann,chemistry_lab,UMass Amherst,waste,9.629999999999999
2016-01-19 19:00:00,3,Mouse_health_Ileana,Goessmann,chemistry_lab,UMass Amherst,waste,7.47
2016-01-19 20:00:00,3,Mouse_health_Ileana,Goessmann,chemistry_lab,UMass Amherst,waste,6.66
2016-01-19 21:00:00,3,Mouse_health_Ileana,Goessmann,chemistry_lab,UMass Amherst,waste,6.21
2016-01-19 22:00:00,3,Mouse_health_Ileana,Goessmann,chemistry_lab,UMass Amherst,waste,4.859999999999999
2016-01-19 23:00:00,3,Mouse_health_Ileana,Goessmann,chemistry_lab,UMass Amherst,waste,4.95
2016-01-20 00:00:00,3,Mouse_health_Ileana,Goessmann,chemistry_lab,UMass Amherst,waste,4.77
2016-01-20 01:00:00,3,Mouse_health_Ileana,Goessmann,chemistry_lab,UMass Amherst,waste,4.59
2016-01-20 02:00:00,3,Mouse_health_Ileana,Goessmann,chemistry_lab,UMass Amherst,waste,4.5
2016-01-20 03:00:00,3,Mouse_health_Ileana,Goessmann,chemistry_lab,UMass Amherst,waste,4.59
2016-01-20 04:00:00,3,Mouse_health_Ileana,Goessmann,chemistry_lab,UMass Amherst,waste,4.59
2016-01-20 05:00:00,3,Mouse_health_Ileana,Goessmann,chemistry_lab,UMass Amherst,waste,4.68
2016-01-20 06:00:00,3,Mouse_health_Ileana,Goessmann,chemistry_lab,UMass Amherst,waste,4.59
2016-01-20 07:00:00,3,Mouse_health_Ileana,Goessmann,chemistry_lab,UMass Amherst,waste,4.59
2016-01-20 08:00:00,3,Mouse_health_Ileana,Goessmann,chemistry_lab,UMass Amherst,waste,6.66
2016-01-20 09:00:00,3,Mouse_health_Ileana,Goessmann,chemistry_lab,UMass Amherst,waste,8.91
2016-01-20 10:00:00,3,Mouse_health_Ileana,Goessmann,chemistry_lab,UMass Amherst,waste,10.799999999999999
2016-01-20 11:00:00,3,Mouse_health_Ileana,Goessmann,chemistry_lab,UMass Amherst,waste,10.799999999999999
2016-01-20 12:00:00,3,Mouse_health_Ileana,Goessmann,chemistry_lab,UMass Amherst,waste,11.07
2016-01-20 13:00:00,3,Mouse_health_Ileana,Goessmann,chemistry_lab,UMass Amherst,waste,10.799999999999999
2016-01-20 14:00:00,3,Mouse_health_Ileana,Goessmann,chemistry_lab,UMass Amherst,waste,10.709999999999999
2016-01-20 15:00:00,3,Mouse_health_Ileana,Goessmann,chemistry_lab,UMass Amherst,waste,10.53
2016-01-20 16:00:00,3,Mouse_health_Ileana,Goessmann,chemistry_lab,UMass Amherst,waste,10.889999999999999
2016-01-20 17:00:00,3,Mouse_health_Ileana,Goessmann,chemistry_lab,UMass Amherst,waste,9.9
2016-01-20 18:00:00,3,Mouse_health_Ileana,Goessmann,chemistry_lab,UMass Amherst,waste,9.54
2016-01-20 19:00:00,3,Mouse_health_Ileana,Goessmann,chemistry_lab,UMass Amherst,waste,7.6499999999999995
2016-01-20 20:00:00,3,Mouse_health_Ileana,Goessmann,chemistry_lab,UMass Amherst,waste,6.3
2016-01-20 21:00:00,3,Mouse_health_Ileana,Goessmann,chemistry_lab,UMass Amherst,waste,5.9399999999999995
2016-01-20 22:00:00,3,Mouse_health_Ileana,Goessmann,chemistry_lab,UMass Amherst,waste,5.04
2016-01-20 23:00:00,3,Mouse_health_Ileana,Goessmann,chemistry_lab,UMass Amherst,waste,4.77
2016-01-21 00:00:00,3,Mouse_health_Ileana,Goessmann,chemistry_lab,UMass Amherst,waste,4.68
2016-01-21 01:00:00,3,Mouse_health_Ileana,Goessmann,chemistry_lab,UMass Amherst,waste,4.5
2016-01-21 02:00:00,3,Mouse_health_Ileana,Goessmann,chemistry_lab,UMass Amherst,waste,4.5
2016-01-21 03:00:00,3,Mouse_health_Ileana,Goessmann,chemistry_lab,UMass Amherst,waste,4.5
2016-01-21 04:00:00,3,Mouse_health_Ileana,Goessmann,chemistry_lab,UMass Amherst,waste,4.59
2016-01-21 05:00:00,3,Mouse_health_Ileana,Goessmann,chemistry_lab,UMass Amherst,waste,4.59
2016-01-21 06:00:00,3,Mouse_health_Ileana,Goessmann,chemistry_lab,UMass Amherst,waste,4.59
2016-01-21 07:00:00,3,Mouse_health_Ileana,Goessmann,chemistry_lab,UMass Amherst,waste,4.59
2016-01-21 08:00:00,3,Mouse_health_Ileana,Goessmann,chemistry_lab,UMass Amherst,waste,6.75
2016-01-21 09:00:00,3,Mouse_health_Ileana,Goessmann,chemistry_lab,UMass Amherst,waste,8.82
2016-01-21 10:00:00,3,Mouse_health_Ileana,Goessmann,chemistry_lab,UMass Amherst,waste,10.44
2016-01-21 11:00:00,3,Mouse_health_Ileana,Goessmann,chemistry_lab,UMass Amherst,waste,10.44
2016-01-21 12:00:00,3,Mouse_health_Ileana,Goessmann,chemistry_lab,UMass Amherst,waste,10.44
2016-01-21 13:00:00,3,Mouse_health_Ileana,Goessmann,chemistry_lab,UMass Amherst,waste,10.08
2016-01-21 14:00:00,3,Mouse_health_Ileana,Goessmann,chemistry_lab,UMass Amherst,waste,10.17
2016-01-21 15:00:00,3,Mouse_health_Ileana,Goessmann,chemistry_lab,UMass Amherst,waste,9.9
2016-01-21 16:00:00,3,Mouse_health_Ileana,Goessmann,chemistry_lab,UMass Amherst,waste,10.35
2016-01-21 17:00:00,3,Mouse_health_Ileana,Goessmann,chemistry_lab,UMass Amherst,waste,9.81
2016-01-21 18:00:00,3,Mouse_health_Ileana,Goessmann,chemistry_lab,UMass Amherst,waste,9.0
2016-01-21 19:00:00,3,Mouse_health_Ileana,Goessmann,chemistry_lab,UMass Amherst,waste,6.93
2016-01-21 20:00:00,3,Mouse_health_Ileana,Goessmann,chemistry_lab,UMass Amherst,waste,6.029999999999999
2016-01-21 21:00:00,3,Mouse_health_Ileana,Goessmann,chemistry_lab,UMass Amherst,waste,5.76
2016-01-21 22:00:00,3,Mouse_health_Ileana,Goessmann,chemistry_lab,UMass Amherst,waste,4.95
2016-01-21 23:00:00,3,Mouse_health_Ileana,Goessmann,chemistry_lab,UMass Amherst,waste,4.68
2016-01-22 00:00:00,3,Mouse_health_Ileana,Goessmann,chemistry_lab,UMass Amherst,waste,4.32
2016-01-22 01:00:00,3,Mouse_health_Ileana,Goessmann,chemistry_lab,UMass Amherst,waste,4.32
2016-01-22 02:00:00,3,Mouse_health_Ileana,Goessmann,chemistry_lab,UMass Amherst,waste,4.32
2016-01-22 03:00:00,3,Mouse_health_Ileana,Goessmann,chemistry_lab,UMass Amherst,waste,4.32
2016-01-22 04:00:00,3,Mouse_health_Ileana,Goessmann,chemistry_lab,UMass Amherst,waste,4.32
2016-01-22 05:00:00,3,Mouse_health_Ileana,Goessmann,chemistry_lab,UMass Amherst,waste,4.32
2016-01-22 06:00:00,3,Mouse_health_Ileana,Goessmann,chemistry_lab,UMass Amherst,waste,4.2299999999999995
2016-01-22 07:00:00,3,Mouse_health_Ileana,Goessmann,chemistry_lab,UMass Amherst,waste,4.2299999999999995
2016-01-22 08:00:00,3,Mouse_health_Ileana,Goessmann,chemistry_lab,UMass Amherst,waste,5.9399999999999995
2016-01-22 09:00:00,3,Mouse_health_Ileana,Goessmann,chemistry_lab,UMass Amherst,waste,8.28
2016-01-22 10:00:00,3,Mouse_health_Ileana,Goessmann,chemistry_lab,UMass Amherst,waste,10.17
2016-01-22 11:00:00,3,Mouse_health_Ileana,Goessmann,chemistry_lab,UMass Amherst,waste,10.26
2016-01-22 12:00:00,3,Mouse_health_Ileana,Goessmann,chemistry_lab,UMass Amherst,waste,10.35
2016-01-22 13:00:00,3,Mouse_health_Ileana,Goessmann,chemistry_lab,UMass Amherst,waste,9.99
2016-01-22 14:00:00,3,Mouse_health_Ileana,Goessmann,chemistry_lab,UMass Amherst,waste,10.08
2016-01-22 15:00:00,3,Mouse_health_Ileana,Goessmann,chemistry_lab,UMass Amherst,waste,9.629999999999999
2016-01-22 16:00:00,3,Mouse_health_Ileana,Goessmann,chemistry_lab,UMass Amherst,waste,9.45
2016-01-22 17:00:00,3,Mouse_health_Ileana,Goessmann,chemistry_lab,UMass Amherst,waste,8.91
2016-01-22 18:00:00,3,Mouse_health_Ileana,Goessmann,chemistry_lab,UMass Amherst,waste,8.28
2016-01-22 19:00:00,3,Mouse_health_Ileana,Goessmann,chemistry_lab,UMass Amherst,waste,7.109999999999999
2016-01-22 20:00:00,3,Mouse_health_Ileana,Goessmann,chemistry_lab,UMass Amherst,waste,6.21
2016-01-22 21:00:00,3,Mouse_health_Ileana,Goessmann,chemistry_lab,UMass Amherst,waste,5.58
2016-01-22 22:00:00,3,Mouse_health_Ileana,Goessmann,chemistry_lab,UMass Amherst,waste,4.68
2016-01-22 23:00:00,3,Mouse_health_Ileana,Goessmann,chemistry_lab,UMass Amherst,waste,4.32
2016-01-23 00:00:00,3,Mouse_health_Ileana,Goessmann,chemistry_lab,UMass Amherst,waste,4.14
2016-01-23 01:00:00,3,Mouse_health_Ileana,Goessmann,chemistry_lab,UMass Amherst,waste,4.14
2016-01-23 02:00:00,3,Mouse_health_Ileana,Goessmann,chemistry_lab,UMass Amherst,waste,4.2299999999999995
2016-01-23 03:00:00,3,Mouse_health_Ileana,Goessmann,chemistry_lab,UMass Amherst,waste,4.05
2016-01-23 04:00:00,3,Mouse_health_Ileana,Goessmann,chemistry_lab,UMass Amherst,waste,4.05
2016-01-23 05:00:00,3,Mouse_health_Ileana,Goessmann,chemistry_lab,UMass Amherst,waste,4.05
2016-01-23 06:00:00,3,Mouse_health_Ileana,Goessmann,chemistry_lab,UMass Amherst,waste,4.05
2016-01-23 07:00:00,3,Mouse_health_Ileana,Goessmann,chemistry_lab,UMass Amherst,waste,4.05
2016-01-23 08:00:00,3,Mouse_health_Ileana,Goessmann,chemistry_lab,UMass Amherst,waste,4.14
2016-01-23 09:00:00,3,Mouse_health_Ileana,Goessmann,chemistry_lab,UMass Amherst,waste,4.2299999999999995
2016-01-23 10:00:00,3,Mouse_health_Ileana,Goessmann,chemistry_lab,UMass Amherst,waste,4.59
2016-01-23 11:00:00,3,Mouse_health_Ileana,Goessmann,chemistry_lab,UMass Amherst,waste,4.41
2016-01-23 12:00:00,3,Mouse_health_Ileana,Goessmann,chemistry_lab,UMass Amherst,waste,4.41
2016-01-23 13:00:00,3,Mouse_health_Ileana,Goessmann,chemistry_lab,UMass Amherst,waste,4.59
2016-01-23 14:00:00,3,Mouse_health_Ileana,Goessmann,chemistry_lab,UMass Amherst,waste,4.41
2016-01-23 15:00:00,3,Mouse_health_Ileana,Goessmann,chemistry_lab,UMass Amherst,waste,4.32
2016-01-23 16:00:00,3,Mouse_health_Ileana,Goessmann,chemistry_lab,UMass Amherst,waste,4.32
2016-01-23 17:00:00,3,Mouse_health_Ileana,Goessmann,chemistry_lab,UMass Amherst,waste,4.41
2016-01-23 18:00:00,3,Mouse_health_Ileana,Goessmann,chemistry_lab,UMass Amherst,waste,4.32
2016-01-23 19:00:00,3,Mouse_health_Ileana,Goessmann,chemistry_lab,UMass Amherst,waste,4.2299999999999995
2016-01-23 20:00:00,3,Mouse_health_Ileana,Goessmann,chemistry_lab,UMass Amherst,waste,4.41
2016-01-23 21:00:00,3,Mouse_health_Ileana,Goessmann,chemistry_lab,UMass Amherst,waste,4.32
2016-01-23 22:00:00,3,Mouse_health_Ileana,Goessmann,chemistry_lab,UMass Amherst,waste,4.2299999999999995
2016-01-23 23:00:00,3,Mouse_health_Ileana,Goessmann,chemistry_lab,UMass Amherst,waste,4.14
2016-01-24 00:00:00,3,Mouse_health_Ileana,Goessmann,chemistry_lab,UMass Amherst,waste,4.05
2016-01-24 01:00:00,3,Mouse_health_Ileana,Goessmann,chemistry_lab,UMass Amherst,waste,3.96
2016-01-24 02:00:00,3,Mouse_health_Ileana,Goessmann,chemistry_lab,UMass Amherst,waste,4.05
2016-01-24 03:00:00,3,Mouse_health_Ileana,Goessmann,chemistry_lab,UMass Amherst,waste,3.96
2016-01-24 04:00:00,3,Mouse_health_Ileana,Goessmann,chemistry_lab,UMass Amherst,waste,4.05
2016-01-24 05:00:00,3,Mouse_health_Ileana,Goessmann,chemistry_lab,UMass Amherst,waste,4.05
2016-01-24 06:00:00,3,Mouse_health_Ileana,Goessmann,chemistry_lab,UMass Amherst,waste,3.96
2016-01-24 07:00:00,3,Mouse_health_Ileana,Goessmann,chemistry_lab,UMass Amherst,waste,3.96
2016-01-24 08:00:00,3,Mouse_health_Ileana,Goessmann,chemistry_lab,UMass Amherst,waste,4.05
2016-01-24 09:00:00,3,Mouse_health_Ileana,Goessmann,chemistry_lab,UMass Amherst,waste,3.96
2016-01-24 10:00:00,3,Mouse_health_Ileana,Goessmann,chemistry_lab,UMass Amherst,waste,4.2299999999999995
2016-01-24 11:00:00,3,Mouse_health_Ileana,Goessmann,chemistry_lab,UMass Amherst,waste,4.14
2016-01-24 12:00:00,3,Mouse_health_Ileana,Goessmann,chemistry_lab,UMass Amherst,waste,4.14
2016-01-24 13:00:00,3,Mouse_health_Ileana,Goessmann,chemistry_lab,UMass Amherst,waste,4.05
2016-01-24 14:00:00,3,Mouse_health_Ileana,Goessmann,chemistry_lab,UMass Amherst,waste,4.2299999999999995
2016-01-24 15:00:00,3,Mouse_health_Ileana,Goessmann,chemistry_lab,UMass Amherst,waste,4.14
2016-01-24 16:00:00,3,Mouse_health_Ileana,Goessmann,chemistry_lab,UMass Amherst,waste,4.2299999999999995
2016-01-24 17:00:00,3,Mouse_health_Ileana,Goessmann,chemistry_lab,UMass Amherst,waste,4.14
2016-01-24 18:00:00,3,Mouse_health_Ileana,Goessmann,chemistry_lab,UMass Amherst,waste,4.32
2016-01-24 19:00:00,3,Mouse_health_Ileana,Goessmann,chemistry_lab,UMass Amherst,waste,4.14
2016-01-24 20:00:00,3,Mouse_health_Ileana,Goessmann,chemistry_lab,UMass Amherst,waste,4.2299999999999995
2016-01-24 21:00:00,3,Mouse_health_Ileana,Goessmann,chemistry_lab,UMass Amherst,waste,4.14
2016-01-24 22:00:00,3,Mouse_health_Ileana,Goessmann,chemistry_lab,UMass Amherst,waste,4.14
2016-01-24 23:00:00,3,Mouse_health_Ileana,Goessmann,chemistry_lab,UMass Amherst,waste,4.14
2016-01-25 00:00:00,3,Mouse_health_Ileana,Goessmann,chemistry_lab,UMass Amherst,waste,4.5
2016-01-25 01:00:00,3,Mouse_health_Ileana,Goessmann,chemistry_lab,UMass Amherst,waste,3.8699999999999997
2016-01-25 02:00:00,3,Mouse_health_Ileana,Goessmann,chemistry_lab,UMass Amherst,waste,3.96
2016-01-25 03:00:00,3,Mouse_health_Ileana,Goessmann,chemistry_lab,UMass Amherst,waste,3.96
2016-01-25 04:00:00,3,Mouse_health_Ileana,Goessmann,chemistry_lab,UMass Amherst,waste,4.05
2016-01-25 05:00:00,3,Mouse_health_Ileana,Goessmann,chemistry_lab,UMass Amherst,waste,4.14
2016-01-25 06:00:00,3,Mouse_health_Ileana,Goessmann,chemistry_lab,UMass Amherst,waste,4.05
2016-01-25 07:00:00,3,Mouse_health_Ileana,Goessmann,chemistry_lab,UMass Amherst,waste,4.05
2016-01-25 08:00:00,3,Mouse_health_Ileana,Goessmann,chemistry_lab,UMass Amherst,waste,5.67
2016-01-25 09:00:00,3,Mouse_health_Ileana,Goessmann,chemistry_lab,UMass Amherst,waste,7.47
2016-01-25 10:00:00,3,Mouse_health_Ileana,Goessmann,chemistry_lab,UMass Amherst,waste,8.91
2016-01-25 11:00:00,3,Mouse_health_Ileana,Goessmann,chemistry_lab,UMass Amherst,waste,8.91
2016-01-25 12:00:00,3,Mouse_health_Ileana,Goessmann,chemistry_lab,UMass Amherst,waste,9.27
2016-01-25 13:00:00,3,Mouse_health_Ileana,Goessmann,chemistry_lab,UMass Amherst,waste,9.27
2016-01-25 14:00:00,3,Mouse_health_Ileana,Goessmann,chemistry_lab,UMass Amherst,waste,9.54
2016-01-25 15:00:00,3,Mouse_health_Ileana,Goessmann,chemistry_lab,UMass Amherst,waste,9.629999999999999
2016-01-25 16:00:00,3,Mouse_health_Ileana,Goessmann,chemistry_lab,UMass Amherst,waste,9.9
2016-01-25 17:00:00,3,Mouse_health_Ileana,Goessmann,chemistry_lab,UMass Amherst,waste,9.45
2016-01-25 18:00:00,3,Mouse_health_Ileana,Goessmann,chemistry_lab,UMass Amherst,waste,8.73
2016-01-25 19:00:00,3,Mouse_health_Ileana,Goessmann,chemistry_lab,UMass Amherst,waste,7.02
2016-01-25 20:00:00,3,Mouse_health_Ileana,Goessmann,chemistry_lab,UMass Amherst,waste,6.3
2016-01-25 21:00:00,3,Mouse_health_Ileana,Goessmann,chemistry_lab,UMass Amherst,waste,6.21
2016-01-25 22:00:00,3,Mouse_health_Ileana,Goessmann,chemistry_lab,UMass Amherst,waste,5.31
2016-01-25 23:00:00,3,Mouse_health_Ileana,Goessmann,chemistry_lab,UMass Amherst,waste,4.859999999999999
2016-01-26 00:00:00,3,Mouse_health_Ileana,Goessmann,chemistry_lab,UMass Amherst,waste,4.59
2016-01-26 01:00:00,3,Mouse_health_Ileana,Goessmann,chemistry_lab,UMass Amherst,waste,4.68
2016-01-26 02:00:00,3,Mouse_health_Ileana,Goessmann,chemistry_lab,UMass Amherst,waste,4.59
2016-01-26 03:00:00,3,Mouse_health_Ileana,Goessmann,chemistry_lab,UMass Amherst,waste,4.68
2016-01-26 04:00:00,3,Mouse_health_Ileana,Goessmann,chemistry_lab,UMass Amherst,waste,4.68
2016-01-26 05:00:00,3,Mouse_health_Ileana,Goessmann,chemistry_lab,UMass Amherst,waste,4.68
2016-01-26 06:00:00,3,Mouse_health_Ileana,Goessmann,chemistry_lab,UMass Amherst,waste,4.59
2016-01-26 07:00:00,3,Mouse_health_Ileana,Goessmann,chemistry_lab,UMass Amherst,waste,4.77
2016-01-26 08:00:00,3,Mouse_health_Ileana,Goessmann,chemistry_lab,UMass Amherst,waste,5.9399999999999995
2016-01-26 09:00:00,3,Mouse_health_Ileana,Goessmann,chemistry_lab,UMass Amherst,waste,7.38
2016-01-26 10:00:00,3,Mouse_health_Ileana,Goessmann,chemistry_lab,UMass Amherst,waste,9.45
2016-01-26 11:00:00,3,Mouse_health_Ileana,Goessmann,chemistry_lab,UMass Amherst,waste,9.54
2016-01-26 12:00:00,3,Mouse_health_Ileana,Goessmann,chemistry_lab,UMass Amherst,waste,9.629999999999999
2016-01-26 13:00:00,3,Mouse_health_Ileana,Goessmann,chemistry_lab,UMass Amherst,waste,9.45
2016-01-26 14:00:00,3,Mouse_health_Ileana,Goessmann,chemistry_lab,UMass Amherst,waste,9.719999999999999
2016-01-26 15:00:00,3,Mouse_health_Ileana,Goessmann,chemistry_lab,UMass Amherst,waste,9.81
2016-01-26 16:00:00,3,Mouse_health_Ileana,Goessmann,chemistry_lab,UMass Amherst,waste,9.629999999999999
2016-01-26 17:00:00,3,Mouse_health_Ileana,Goessmann,chemistry_lab,UMass Amherst,waste,9.18
2016-01-26 18:00:00,3,Mouse_health_Ileana,Goessmann,chemistry_lab,UMass Amherst,waste,8.549999999999999
2016-01-26 19:00:00,3,Mouse_health_Ileana,Goessmann,chemistry_lab,UMass Amherst,waste,7.38
2016-01-26 20:00:00,3,Mouse_health_Ileana,Goessmann,chemistry_lab,UMass Amherst,waste,6.66
2016-01-26 21:00:00,3,Mouse_health_Ileana,Goessmann,chemistry_lab,UMass Amherst,waste,5.76
2016-01-26 22:00:00,3,Mouse_health_Ileana,Goessmann,chemistry_lab,UMass Amherst,waste,4.95
2016-01-26 23:00:00,3,Mouse_health_Ileana,Goessmann,chemistry_lab,UMass Amherst,waste,4.5
2016-01-27 00:00:00,3,Mouse_health_Ileana,Goessmann,chemistry_lab,UMass Amherst,waste,4.41
2016-01-27 01:00:00,3,Mouse_health_Ileana,Goessmann,chemistry_lab,UMass Amherst,waste,4.32
2016-01-27 02:00:00,3,Mouse_health_Ileana,Goessmann,chemistry_lab,UMass Amherst,waste,4.32
2016-01-27 03:00:00,3,Mouse_health_Ileana,Goessmann,chemistry_lab,UMass Amherst,waste,4.32
2016-01-27 04:00:00,3,Mouse_health_Ileana,Goessmann,chemistry_lab,UMass Amherst,waste,4.2299999999999995
2016-01-27 05:00:00,3,Mouse_health_Ileana,Goessmann,chemistry_lab,UMass Amherst,waste,4.32
2016-01-27 06:00:00,3,Mouse_health_Ileana,Goessmann,chemistry_lab,UMass Amherst,waste,4.2299999999999995
2016-01-27 07:00:00,3,Mouse_health_Ileana,Goessmann,chemistry_lab,UMass Amherst,waste,4.32
2016-01-27 08:00:00,3,Mouse_health_Ileana,Goessmann,chemistry_lab,UMass Amherst,waste,5.22
2016-01-27 09:00:00,3,Mouse_health_Ileana,Goessmann,chemistry_lab,UMass Amherst,waste,7.56
2016-01-27 10:00:00,3,Mouse_health_Ileana,Goessmann,chemistry_lab,UMass Amherst,waste,9.54
2016-01-27 11:00:00,3,Mouse_health_Ileana,Goessmann,chemistry_lab,UMass Amherst,waste,9.99
2016-01-27 12:00:00,3,Mouse_health_Ileana,Goessmann,chemistry_lab,UMass Amherst,waste,9.9
2016-01-27 13:00:00,3,Mouse_health_Ileana,Goessmann,chemistry_lab,UMass Amherst,waste,9.99
2016-01-27 14:00:00,3,Mouse_health_Ileana,Goessmann,chemistry_lab,UMass Amherst,waste,9.9
2016-01-27 15:00:00,3,Mouse_health_Ileana,Goessmann,chemistry_lab,UMass Amherst,waste,9.99
2016-01-27 16:00:00,3,Mouse_health_Ileana,Goessmann,chemistry_lab,UMass Amherst,waste,9.81
2016-01-27 17:00:00,3,Mouse_health_Ileana,Goessmann,chemistry_lab,UMass Amherst,waste,9.45
2016-01-27 18:00:00,3,Mouse_health_Ileana,Goessmann,chemistry_lab,UMass Amherst,waste,8.459999999999999
2016-01-27 19:00:00,3,Mouse_health_Ileana,Goessmann,chemistry_lab,UMass Amherst,waste,7.02
2016-01-27 20:00:00,3,Mouse_health_Ileana,Goessmann,chemistry_lab,UMass Amherst,waste,6.4799999999999995
2016-01-27 21:00:00,3,Mouse_health_Ileana,Goessmann,chemistry_lab,UMass Amherst,waste,6.029999999999999
2016-01-27 22:00:00,3,Mouse_health_Ileana,Goessmann,chemistry_lab,UMass Amherst,waste,5.04
2016-01-27 23:00:00,3,Mouse_health_Ileana,Goessmann,chemistry_lab,UMass Amherst,waste,4.41
2016-01-28 00:00:00,3,Mouse_health_Ileana,Goessmann,chemistry_lab,UMass Amherst,waste,4.59
2016-01-28 01:00:00,3,Mouse_health_Ileana,Goessmann,chemistry_lab,UMass Amherst,waste,4.2299999999999995
2016-01-28 02:00:00,3,Mouse_health_Ileana,Goessmann,chemistry_lab,UMass Amherst,waste,4.32
2016-01-28 03:00:00,3,Mouse_health_Ileana,Goessmann,chemistry_lab,UMass Amherst,waste,4.2299999999999995
2016-01-28 04:00:00,3,Mouse_health_Ileana,Goessmann,chemistry_lab,UMass Amherst,waste,4.32
2016-01-28 05:00:00,3,Mouse_health_Ileana,Goessmann,chemistry_lab,UMass Amherst,waste,4.32
2016-01-28 06:00:00,3,Mouse_health_Ileana,Goessmann,chemistry_lab,UMass Amherst,waste,4.41
2016-01-28 07:00:00,3,Mouse_health_Ileana,Goessmann,chemistry_lab,UMass Amherst,waste,4.5
2016-01-28 08:00:00,3,Mouse_health_Ileana,Goessmann,chemistry_lab,UMass Amherst,waste,6.39
2016-01-28 09:00:00,3,Mouse_health_Ileana,Goessmann,chemistry_lab,UMass Amherst,waste,8.64
2016-01-28 10:00:00,3,Mouse_health_Ileana,Goessmann,chemistry_lab,UMass Amherst,waste,9.9
2016-01-28 11:00:00,3,Mouse_health_Ileana,Goessmann,chemistry_lab,UMass Amherst,waste,10.17
2016-01-28 12:00:00,3,Mouse_health_Ileana,Goessmann,chemistry_lab,UMass Amherst,waste,9.99
2016-01-28 13:00:00,3,Mouse_health_Ileana,Goessmann,chemistry_lab,UMass Amherst,waste,10.08
2016-01-28 14:00:00,3,Mouse_health_Ileana,Goessmann,chemistry_lab,UMass Amherst,waste,10.08
2016-01-28 15:00:00,3,Mouse_health_Ileana,Goessmann,chemistry_lab,UMass Amherst,waste,9.99
2016-01-28 16:00:00,3,Mouse_health_Ileana,Goessmann,chemistry_lab,UMass Amherst,waste,9.9
2016-01-28 17:00:00,3,Mouse_health_Ileana,Goessmann,chemistry_lab,UMass Amherst,waste,9.45
2016-01-28 18:00:00,3,Mouse_health_Ileana,Goessmann,chemistry_lab,UMass Amherst,waste,8.73
2016-01-28 19:00:00,3,Mouse_health_Ileana,Goessmann,chemistry_lab,UMass Amherst,waste,7.29
2016-01-28 20:00:00,3,Mouse_health_Ileana,Goessmann,chemistry_lab,UMass Amherst,waste,6.569999999999999
2016-01-28 21:00:00,3,Mouse_health_Ileana,Goessmann,chemistry_lab,UMass Amherst,waste,6.029999999999999
2016-01-28 22:00:00,3,Mouse_health_Ileana,Goessmann,chemistry_lab,UMass Amherst,waste,5.04
2016-01-28 23:00:00,3,Mouse_health_Ileana,Goessmann,chemistry_lab,UMass Amherst,waste,4.77
2016-01-29 00:00:00,3,Mouse_health_Ileana,Goessmann,chemistry_lab,UMass Amherst,waste,4.5
2016-01-29 01:00:00,3,Mouse_health_Ileana,Goessmann,chemistry_lab,UMass Amherst,waste,4.32
2016-01-29 02:00:00,3,Mouse_health_Ileana,Goessmann,chemistry_lab,UMass Amherst,waste,4.32
2016-01-29 03:00:00,3,Mouse_health_Ileana,Goessmann,chemistry_lab,UMass Amherst,waste,4.41
2016-01-29 04:00:00,3,Mouse_health_Ileana,Goessmann,chemistry_lab,UMass Amherst,waste,4.41
2016-01-29 05:00:00,3,Mouse_health_Ileana,Goessmann,chemistry_lab,UMass Amherst,waste,4.41
2016-01-29 06:00:00,3,Mouse_health_Ileana,Goessmann,chemistry_lab,UMass Amherst,waste,4.32
2016-01-29 07:00:00,3,Mouse_health_Ileana,Goessmann,chemistry_lab,UMass Amherst,waste,4.5
2016-01-29 08:00:00,3,Mouse_health_Ileana,Goessmann,chemistry_lab,UMass Amherst,waste,5.3999999999999995
2016-01-29 09:00:00,3,Mouse_health_Ileana,Goessmann,chemistry_lab,UMass Amherst,waste,7.6499999999999995
2016-01-29 10:00:00,3,Mouse_health_Ileana,Goessmann,chemistry_lab,UMass Amherst,waste,9.09
2016-01-29 11:00:00,3,Mouse_health_Ileana,Goessmann,chemistry_lab,UMass Amherst,waste,9.27
2016-01-29 12:00:00,3,Mouse_health_Ileana,Goessmann,chemistry_lab,UMass Amherst,waste,9.629999999999999
2016-01-29 13:00:00,3,Mouse_health_Ileana,Goessmann,chemistry_lab,UMass Amherst,waste,9.09
2016-01-29 14:00:00,3,Mouse_health_Ileana,Goessmann,chemistry_lab,UMass Amherst,waste,9.45
2016-01-29 15:00:00,3,Mouse_health_Ileana,Goessmann,chemistry_lab,UMass Amherst,waste,9.36
2016-01-29 16:00:00,3,Mouse_health_Ileana,Goessmann,chemistry_lab,UMass Amherst,waste,9.18
2016-01-29 17:00:00,3,Mouse_health_Ileana,Goessmann,chemistry_lab,UMass Amherst,waste,8.91
2016-01-29 18:00:00,3,Mouse_health_Ileana,Goessmann,chemistry_lab,UMass Amherst,waste,8.28
2016-01-29 19:00:00,3,Mouse_health_Ileana,Goessmann,chemistry_lab,UMass Amherst,waste,7.109999999999999
2016-01-29 20:00:00,3,Mouse_health_Ileana,Goessmann,chemistry_lab,UMass Amherst,waste,6.66
2016-01-29 21:00:00,3,Mouse_health_Ileana,Goessmann,chemistry_lab,UMass Amherst,waste,5.76
2016-01-29 22:00:00,3,Mouse_health_Ileana,Goessmann,chemistry_lab,UMass Amherst,waste,4.95
2016-01-29 23:00:00,3,Mouse_health_Ileana,Goessmann,chemistry_lab,UMass Amherst,waste,4.59
2016-01-30 00:00:00,3,Mouse_health_Ileana,Goessmann,chemistry_lab,UMass Amherst,waste,4.32
2016-01-30 01:00:00,3,Mouse_health_Ileana,Goessmann,chemistry_lab,UMass Amherst,waste,4.32
2016-01-30 02:00:00,3,Mouse_health_Ileana,Goessmann,chemistry_lab,UMass Amherst,waste,4.2299999999999995
2016-01-30 03:00:00,3,Mouse_health_Ileana,Goessmann,chemistry_lab,UMass Amherst,waste,4.32
2016-01-30 04:00:00,3,Mouse_health_Ileana,Goessmann,chemistry_lab,UMass Amherst,waste,4.32
2016-01-30 05:00:00,3,Mouse_health_Ileana,Goessmann,chemistry_lab,UMass Amherst,waste,4.2299999999999995
2016-01-30 06:00:00,3,Mouse_health_Ileana,Goessmann,chemistry_lab,UMass Amherst,waste,4.2299999999999995
2016-01-30 07:00:00,3,Mouse_health_Ileana,Goessmann,chemistry_lab,UMass Amherst,waste,4.2299999999999995
2016-01-30 08:00:00,3,Mouse_health_Ileana,Goessmann,chemistry_lab,UMass Amherst,waste,4.32
2016-01-30 09:00:00,3,Mouse_health_Ileana,Goessmann,chemistry_lab,UMass Amherst,waste,4.68
2016-01-30 10:00:00,3,Mouse_health_Ileana,Goessmann,chemistry_lab,UMass Amherst,waste,4.77
2016-01-30 11:00:00,3,Mouse_health_Ileana,Goessmann,chemistry_lab,UMass Amherst,waste,5.04
2016-01-30 12:00:00,3,Mouse_health_Ileana,Goessmann,chemistry_lab,UMass Amherst,waste,4.859999999999999
2016-01-30 13:00:00,3,Mouse_health_Ileana,Goessmann,chemistry_lab,UMass Amherst,waste,4.859999999999999
2016-01-30 14:00:00,3,Mouse_health_Ileana,Goessmann,chemistry_lab,UMass Amherst,waste,4.95
2016-01-30 15:00:00,3,Mouse_health_Ileana,Goessmann,chemistry_lab,UMass Amherst,waste,4.95
2016-01-30 16:00:00,3,Mouse_health_Ileana,Goessmann,chemistry_lab,UMass Amherst,waste,4.68
2016-01-30 17:00:00,3,Mouse_health_Ileana,Goessmann,chemistry_lab,UMass Amherst,waste,4.59
2016-01-30 18:00:00,3,Mouse_health_Ileana,Goessmann,chemistry_lab,UMass Amherst,waste,4.59
2016-01-30 19:00:00,3,Mouse_health_Ileana,Goessmann,chemistry_lab,UMass Amherst,waste,4.41
2016-01-30 20:00:00,3,Mouse_health_Ileana,Goessmann,chemistry_lab,UMass Amherst,waste,4.41
2016-01-30 21:00:00,3,Mouse_health_Ileana,Goessmann,chemistry_lab,UMass Amherst,waste,4.41
2016-01-30 22:00:00,3,Mouse_health_Ileana,Goessmann,chemistry_lab,UMass Amherst,waste,4.32
2016-01-30 23:00:00,3,Mouse_health_Ileana,Goessmann,chemistry_lab,UMass Amherst,waste,4.32
2016-01-01 00:00:00,4,Mouse_health_Justin,Integrated Sciences,interdisciplinary_science,UMass Amherst,waste,21.2247375
2016-01-01 01:00:00,4,Mouse_health_Justin,Integrated Sciences,interdisciplinary_science,UMass Amherst,waste,43.1194875
2016-01-01 02:00:00,4,Mouse_health_Justin,Integrated Sciences,interdisciplinary_science,UMass Amherst,waste,42.77085
2016-01-01 03:00:00,4,Mouse_health_Justin,Integrated Sciences,interdisciplinary_science,UMass Amherst,waste,42.086024999999985
2016-01-01 04:00:00,4,Mouse_health_Justin,Integrated Sciences,interdisciplinary_science,UMass Amherst,waste,42.3277125
2016-01-01 05:00:00,4,Mouse_health_Justin,Integrated Sciences,interdisciplinary_science,UMass Amherst,waste,42.0991875
2016-01-01 06:00:00,4,Mouse_health_Justin,Integrated Sciences,interdisciplinary_science,UMass Amherst,waste,41.7033
2016-01-01 07:00:00,4,Mouse_health_Justin,Integrated Sciences,interdisciplinary_science,UMass Amherst,waste,44.7154875
2016-01-01 08:00:00,4,Mouse_health_Justin,Integrated Sciences,interdisciplinary_science,UMass Amherst,waste,49.0772625
2016-01-01 09:00:00,4,Mouse_health_Justin,Integrated Sciences,interdisciplinary_science,UMass Amherst,waste,50.31727499999999
2016-01-01 10:00:00,4,Mouse_health_Justin,Integrated Sciences,interdisciplinary_science,UMass Amherst,waste,51.4525125
2016-01-01 11:00:00,4,Mouse_health_Justin,Integrated Sciences,interdisciplinary_science,UMass Amherst,waste,52.6152375
2016-01-01 12:00:00,4,Mouse_health_Justin,Integrated Sciences,interdisciplinary_science,UMass Amherst,waste,52.2664875
2016-01-01 13:00:00,4,Mouse_health_Justin,Integrated Sciences,interdisciplinary_science,UMass Amherst,waste,52.185825
2016-01-01 14:00:00,4,Mouse_health_Justin,Integrated Sciences,interdisciplinary_science,UMass Amherst,waste,52.302975
2016-01-01 15:00:00,4,Mouse_health_Justin,Integrated Sciences,interdisciplinary_science,UMass Amherst,waste,52.6687125
2016-01-01 16:00:00,4,Mouse_health_Justin,Integrated Sciences,interdisciplinary_science,UMass Amherst,waste,51.731737499999994
2016-01-01 17:00:00,4,Mouse_health_Justin,Integrated Sciences,interdisciplinary_science,UMass Amherst,waste,49.086262500000004
2016-01-01 18:00:00,4,Mouse_health_Justin,Integrated Sciences,interdisciplinary_science,UMass Amherst,waste,47.2139625
2016-01-01 19:00:00,4,Mouse_health_Justin,Integrated Sciences,interdisciplinary_science,UMass Amherst,waste,46.75724999999999
2016-01-01 20:00:00,4,Mouse_health_Justin,Integrated Sciences,interdisciplinary_science,UMass Amherst,waste,46.3236
2016-01-01 21:00:00,4,Mouse_health_Justin,Integrated Sciences,interdisciplinary_science,UMass Amherst,waste,45.378862500000004
2016-01-01 22:00:00,4,Mouse_health_Justin,Integrated Sciences,interdisciplinary_science,UMass Amherst,waste,43.5066375
2016-01-01 23:00:00,4,Mouse_health_Justin,Integrated Sciences,interdisciplinary_science,UMass Amherst,waste,42.641475
2016-01-02 00:00:00,4,Mouse_health_Justin,Integrated Sciences,interdisciplinary_science,UMass Amherst,waste,45.015
2016-01-02 01:00:00,4,Mouse_health_Justin,Integrated Sciences,interdisciplinary_science,UMass Amherst,waste,43.934174999999996
2016-01-02 02:00:00,4,Mouse_health_Justin,Integrated Sciences,interdisciplinary_science,UMass Amherst,waste,44.075475
2016-01-02 03:00:00,4,Mouse_health_Justin,Integrated Sciences,interdisciplinary_science,UMass Amherst,waste,43.637625
2016-01-02 04:00:00,4,Mouse_health_Justin,Integrated Sciences,interdisciplinary_science,UMass Amherst,waste,43.978649999999995
2016-01-02 05:00:00,4,Mouse_health_Justin,Integrated Sciences,interdisciplinary_science,UMass Amherst,waste,44.444925000000005
2016-01-02 06:00:00,4,Mouse_health_Justin,Integrated Sciences,interdisciplinary_science,UMass Amherst,waste,44.73435000000001
2016-01-02 07:00:00,4,Mouse_health_Justin,Integrated Sciences,interdisciplinary_science,UMass Amherst,waste,44.541975
2016-01-02 08:00:00,4,Mouse_health_Justin,Integrated Sciences,interdisciplinary_science,UMass Amherst,waste,48.931425
2016-01-02 09:00:00,4,Mouse_health_Justin,Integrated Sciences,interdisciplinary_science,UMass Amherst,waste,52.363575000000004
2016-01-02 10:00:00,4,Mouse_health_Justin,Integrated Sciences,interdisciplinary_science,UMass Amherst,waste,54.790725
2016-01-02 11:00:00,4,Mouse_health_Justin,Integrated Sciences,interdisciplinary_science,UMass Amherst,waste,55.89232500000001
2016-01-02 12:00:00,4,Mouse_health_Justin,Integrated Sciences,interdisciplinary_science,UMass Amherst,waste,57.57375
2016-01-02 13:00:00,4,Mouse_health_Justin,Integrated Sciences,interdisciplinary_science,UMass Amherst,waste,57.048899999999975
2016-01-02 14:00:00,4,Mouse_health_Justin,Integrated Sciences,interdisciplinary_science,UMass Amherst,waste,56.06445000000002
2016-01-02 15:00:00,4,Mouse_health_Justin,Integrated Sciences,interdisciplinary_science,UMass Amherst,waste,56.14770000000002
2016-01-02 16:00:00,4,Mouse_health_Justin,Integrated Sciences,interdisciplinary_science,UMass Amherst,waste,56.4126
2016-01-02 17:00:00,4,Mouse_health_Justin,Integrated Sciences,interdisciplinary_science,UMass Amherst,waste,55.164975
2016-01-02 18:00:00,4,Mouse_health_Justin,Integrated Sciences,interdisciplinary_science,UMass Amherst,waste,53.02012499999999
2016-01-02 19:00:00,4,Mouse_health_Justin,Integrated Sciences,interdisciplinary_science,UMass Amherst,waste,51.257775
2016-01-02 20:00:00,4,Mouse_health_Justin,Integrated Sciences,interdisciplinary_science,UMass Amherst,waste,51.04905
2016-01-02 21:00:00,4,Mouse_health_Justin,Integrated Sciences,interdisciplinary_science,UMass Amherst,waste,48.78525
2016-01-02 22:00:00,4,Mouse_health_Justin,Integrated Sciences,interdisciplinary_science,UMass Amherst,waste,47.272725
2016-01-02 23:00:00,4,Mouse_health_Justin,Integrated Sciences,interdisciplinary_science,UMass Amherst,waste,47.278274999999994
2016-01-03 00:00:00,4,Mouse_health_Justin,Integrated Sciences,interdisciplinary_science,UMass Amherst,waste,45.211125
2016-01-03 01:00:00,4,Mouse_health_Justin,Integrated Sciences,interdisciplinary_science,UMass Amherst,waste,46.908224999999995
2016-01-03 02:00:00,4,Mouse_health_Justin,Integrated Sciences,interdisciplinary_science,UMass Amherst,waste,44.59064999999998
2016-01-03 03:00:00,4,Mouse_health_Justin,Integrated Sciences,interdisciplinary_science,UMass Amherst,waste,44.493075
2016-01-03 04:00:00,4,Mouse_health_Justin,Integrated Sciences,interdisciplinary_science,UMass Amherst,waste,43.554075
2016-01-03 05:00:00,4,Mouse_health_Justin,Integrated Sciences,interdisciplinary_science,UMass Amherst,waste,42.94889999999999
2016-01-03 06:00:00,4,Mouse_health_Justin,Integrated Sciences,interdisciplinary_science,UMass Amherst,waste,42.701550000000005
2016-01-03 07:00:00,4,Mouse_health_Justin,Integrated Sciences,interdisciplinary_science,UMass Amherst,waste,43.284
2016-01-03 08:00:00,4,Mouse_health_Justin,Integrated Sciences,interdisciplinary_science,UMass Amherst,waste,46.28714999999998
2016-01-03 09:00:00,4,Mouse_health_Justin,Integrated Sciences,interdisciplinary_science,UMass Amherst,waste,50.883
2016-01-03 10:00:00,4,Mouse_health_Justin,Integrated Sciences,interdisciplinary_science,UMass Amherst,waste,53.771474999999995
2016-01-03 11:00:00,4,Mouse_health_Justin,Integrated Sciences,interdisciplinary_science,UMass Amherst,waste,53.892599999999995
2016-01-03 12:00:00,4,Mouse_health_Justin,Integrated Sciences,interdisciplinary_science,UMass Amherst,waste,54.73567499999999
2016-01-03 13:00:00,4,Mouse_health_Justin,Integrated Sciences,interdisciplinary_science,UMass Amherst,waste,53.13510000000002
2016-01-03 14:00:00,4,Mouse_health_Justin,Integrated Sciences,interdisciplinary_science,UMass Amherst,waste,51.869625
2016-01-03 15:00:00,4,Mouse_health_Justin,Integrated Sciences,interdisciplinary_science,UMass Amherst,waste,52.69545000000001
2016-01-03 16:00:00,4,Mouse_health_Justin,Integrated Sciences,interdisciplinary_science,UMass Amherst,waste,54.34215
2016-01-03 17:00:00,4,Mouse_health_Justin,Integrated Sciences,interdisciplinary_science,UMass Amherst,waste,52.701750000000004
2016-01-03 18:00:00,4,Mouse_health_Justin,Integrated Sciences,interdisciplinary_science,UMass Amherst,waste,49.113675
2016-01-03 19:00:00,4,Mouse_health_Justin,Integrated Sciences,interdisciplinary_science,UMass Amherst,waste,48.02175
2016-01-03 20:00:00,4,Mouse_health_Justin,Integrated Sciences,interdisciplinary_science,UMass Amherst,waste,47.639025
2016-01-03 21:00:00,4,Mouse_health_Justin,Integrated Sciences,interdisciplinary_science,UMass Amherst,waste,45.847049999999996
2016-01-03 22:00:00,4,Mouse_health_Justin,Integrated Sciences,interdisciplinary_science,UMass Amherst,waste,44.82045
2016-01-03 23:00:00,4,Mouse_health_Justin,Integrated Sciences,interdisciplinary_science,UMass Amherst,waste,45.038999999999994
2016-01-04 00:00:00,4,Mouse_health_Justin,Integrated Sciences,interdisciplinary_science,UMass Amherst,waste,46.245524999999994
2016-01-04 01:00:00,4,Mouse_health_Justin,Integrated Sciences,interdisciplinary_science,UMass Amherst,waste,43.483124999999994
2016-01-04 02:00:00,4,Mouse_health_Justin,Integrated Sciences,interdisciplinary_science,UMass Amherst,waste,44.319224999999996
2016-01-04 03:00:00,4,Mouse_health_Justin,Integrated Sciences,interdisciplinary_science,UMass Amherst,waste,42.827549999999995
2016-01-04 04:00:00,4,Mouse_health_Justin,Integrated Sciences,interdisciplinary_science,UMass Amherst,waste,42.891675
2016-01-04 05:00:00,4,Mouse_health_Justin,Integrated Sciences,interdisciplinary_science,UMass Amherst,waste,42.455925000000015
2016-01-04 06:00:00,4,Mouse_health_Justin,Integrated Sciences,interdisciplinary_science,UMass Amherst,waste,42.44565
2016-01-04 07:00:00,4,Mouse_health_Justin,Integrated Sciences,interdisciplinary_science,UMass Amherst,waste,44.776574999999994
2016-01-04 08:00:00,4,Mouse_health_Justin,Integrated Sciences,interdisciplinary_science,UMass Amherst,waste,51.305474999999994
2016-01-04 09:00:00,4,Mouse_health_Justin,Integrated Sciences,interdisciplinary_science,UMass Amherst,waste,55.159799999999976
2016-01-04 10:00:00,4,Mouse_health_Justin,Integrated Sciences,interdisciplinary_science,UMass Amherst,waste,59.201775
2016-01-04 11:00:00,4,Mouse_health_Justin,Integrated Sciences,interdisciplinary_science,UMass Amherst,waste,61.52775
2016-01-04 12:00:00,4,Mouse_health_Justin,Integrated Sciences,interdisciplinary_science,UMass Amherst,waste,66.08265
2016-01-04 13:00:00,4,Mouse_health_Justin,Integrated Sciences,interdisciplinary_science,UMass Amherst,waste,65.46105
2016-01-04 14:00:00,4,Mouse_health_Justin,Integrated Sciences,interdisciplinary_science,UMass Amherst,waste,64.6125
2016-01-04 15:00:00,4,Mouse_health_Justin,Integrated Sciences,interdisciplinary_science,UMass Amherst,waste,64.03004999999997
2016-01-04 16:00:00,4,Mouse_health_Justin,Integrated Sciences,interdisciplinary_science,UMass Amherst,waste,65.0355
2016-01-04 17:00:00,4,Mouse_health_Justin,Integrated Sciences,interdisciplinary_science,UMass Amherst,waste,62.54579999999999
2016-01-04 18:00:00,4,Mouse_health_Justin,Integrated Sciences,interdisciplinary_science,UMass Amherst,waste,58.873799999999974
2016-01-04 19:00:00,4,Mouse_health_Justin,Integrated Sciences,interdisciplinary_science,UMass Amherst,waste,55.04985
2016-01-04 20:00:00,4,Mouse_health_Justin,Integrated Sciences,interdisciplinary_science,UMass Amherst,waste,53.12857500000002
2016-01-04 21:00:00,4,Mouse_health_Justin,Integrated Sciences,interdisciplinary_science,UMass Amherst,waste,49.226025
2016-01-04 22:00:00,4,Mouse_health_Justin,Integrated Sciences,interdisciplinary_science,UMass Amherst,waste,47.54775
2016-01-04 23:00:00,4,Mouse_health_Justin,Integrated Sciences,interdisciplinary_science,UMass Amherst,waste,48.199725
2016-01-05 00:00:00,4,Mouse_health_Justin,Integrated Sciences,interdisciplinary_science,UMass Amherst,waste,48.7392
2016-01-05 01:00:00,4,Mouse_health_Justin,Integrated Sciences,interdisciplinary_science,UMass Amherst,waste,47.944125
2016-01-05 02:00:00,4,Mouse_health_Justin,Integrated Sciences,interdisciplinary_science,UMass Amherst,waste,47.9508
2016-01-05 03:00:00,4,Mouse_health_Justin,Integrated Sciences,interdisciplinary_science,UMass Amherst,waste,47.054475000000004
2016-01-05 04:00:00,4,Mouse_health_Justin,Integrated Sciences,interdisciplinary_science,UMass Amherst,waste,46.846275
2016-01-05 05:00:00,4,Mouse_health_Justin,Integrated Sciences,interdisciplinary_science,UMass Amherst,waste,46.710975
2016-01-05 06:00:00,4,Mouse_health_Justin,Integrated Sciences,interdisciplinary_science,UMass Amherst,waste,46.316025
2016-01-05 07:00:00,4,Mouse_health_Justin,Integrated Sciences,interdisciplinary_science,UMass Amherst,waste,47.869350000000004
2016-01-05 08:00:00,4,Mouse_health_Justin,Integrated Sciences,interdisciplinary_science,UMass Amherst,waste,54.73282500000002
2016-01-05 09:00:00,4,Mouse_health_Justin,Integrated Sciences,interdisciplinary_science,UMass Amherst,waste,59.09504999999999
2016-01-05 10:00:00,4,Mouse_health_Justin,Integrated Sciences,interdisciplinary_science,UMass Amherst,waste,54.832575000000006
2016-01-05 11:00:00,4,Mouse_health_Justin,Integrated Sciences,interdisciplinary_science,UMass Amherst,waste,51.860025
2016-01-05 12:00:00,4,Mouse_health_Justin,Integrated Sciences,interdisciplinary_science,UMass Amherst,waste,52.65202499999997
2016-01-05 13:00:00,4,Mouse_health_Justin,Integrated Sciences,interdisciplinary_science,UMass Amherst,waste,53.041799999999974
2016-01-05 14:00:00,4,Mouse_health_Justin,Integrated Sciences,interdisciplinary_science,UMass Amherst,waste,53.7381
2016-01-05 15:00:00,4,Mouse_health_Justin,Integrated Sciences,interdisciplinary_science,UMass Amherst,waste,63.558075
2016-01-05 16:00:00,4,Mouse_health_Justin,Integrated Sciences,interdisciplinary_science,UMass Amherst,waste,61.132575
2016-01-05 17:00:00,4,Mouse_health_Justin,Integrated Sciences,interdisciplinary_science,UMass Amherst,waste,57.969674999999995
2016-01-05 18:00:00,4,Mouse_health_Justin,Integrated Sciences,interdisciplinary_science,UMass Amherst,waste,59.127674999999975
2016-01-05 19:00:00,4,Mouse_health_Justin,Integrated Sciences,interdisciplinary_science,UMass Amherst,waste,55.526625
2016-01-05 20:00:00,4,Mouse_health_Justin,Integrated Sciences,interdisciplinary_science,UMass Amherst,waste,52.7775
2016-01-05 21:00:00,4,Mouse_health_Justin,Integrated Sciences,interdisciplinary_science,UMass Amherst,waste,51.551325000000006
2016-01-05 22:00:00,4,Mouse_health_Justin,Integrated Sciences,interdisciplinary_science,UMass Amherst,waste,50.34172500000001
2016-01-05 23:00:00,4,Mouse_health_Justin,Integrated Sciences,interdisciplinary_science,UMass Amherst,waste,48.766875
2016-01-06 00:00:00,4,Mouse_health_Justin,Integrated Sciences,interdisciplinary_science,UMass Amherst,waste,49.024634999999996
2016-01-06 01:00:00,4,Mouse_health_Justin,Integrated Sciences,interdisciplinary_science,UMass Amherst,waste,49.75069499999999
2016-01-06 02:00:00,4,Mouse_health_Justin,Integrated Sciences,interdisciplinary_science,UMass Amherst,waste,49.75069499999999
2016-01-06 03:00:00,4,Mouse_health_Justin,Integrated Sciences,interdisciplinary_science,UMass Amherst,waste,49.75069499999999
2016-01-06 04:00:00,4,Mouse_health_Justin,Integrated Sciences,interdisciplinary_science,UMass Amherst,waste,49.75069499999999
2016-01-06 05:00:00,4,Mouse_health_Justin,Integrated Sciences,interdisciplinary_science,UMass Amherst,waste,49.75069499999999
2016-01-06 06:00:00,4,Mouse_health_Justin,Integrated Sciences,interdisciplinary_science,UMass Amherst,waste,49.75069499999999
2016-01-06 07:00:00,4,Mouse_health_Justin,Integrated Sciences,interdisciplinary_science,UMass Amherst,waste,49.75069499999999
2016-01-06 08:00:00,4,Mouse_health_Justin,Integrated Sciences,interdisciplinary_science,UMass Amherst,waste,49.75069499999999
2016-01-06 09:00:00,4,Mouse_health_Justin,Integrated Sciences,interdisciplinary_science,UMass Amherst,waste,49.75069499999999
2016-01-06 10:00:00,4,Mouse_health_Justin,Integrated Sciences,interdisciplinary_science,UMass Amherst,waste,49.75069499999999
2016-01-06 11:00:00,4,Mouse_health_Justin,Integrated Sciences,interdisciplinary_science,UMass Amherst,waste,49.75069499999999
2016-01-06 12:00:00,4,Mouse_health_Justin,Integrated Sciences,interdisciplinary_science,UMass Amherst,waste,49.75069499999999
2016-01-06 13:00:00,4,Mouse_health_Justin,Integrated Sciences,interdisciplinary_science,UMass Amherst,waste,49.75069499999999
2016-01-06 14:00:00,4,Mouse_health_Justin,Integrated Sciences,interdisciplinary_science,UMass Amherst,waste,49.75069499999999
2016-01-06 15:00:00,4,Mouse_health_Justin,Integrated Sciences,interdisciplinary_science,UMass Amherst,waste,49.75069499999999
2016-01-06 16:00:00,4,Mouse_health_Justin,Integrated Sciences,interdisciplinary_science,UMass Amherst,waste,49.75069499999999
2016-01-06 17:00:00,4,Mouse_health_Justin,Integrated Sciences,interdisciplinary_science,UMass Amherst,waste,49.75069499999999
2016-01-06 18:00:00,4,Mouse_health_Justin,Integrated Sciences,interdisciplinary_science,UMass Amherst,waste,49.75069499999999
2016-01-06 19:00:00,4,Mouse_health_Justin,Integrated Sciences,interdisciplinary_science,UMass Amherst,waste,49.75069499999999
2016-01-06 20:00:00,4,Mouse_health_Justin,Integrated Sciences,interdisciplinary_science,UMass Amherst,waste,49.75069499999999
2016-01-06 21:00:00,4,Mouse_health_Justin,Integrated Sciences,interdisciplinary_science,UMass Amherst,waste,49.75069499999999
2016-01-06 22:00:00,4,Mouse_health_Justin,Integrated Sciences,interdisciplinary_science,UMass Amherst,waste,49.75069499999999
2016-01-06 23:00:00,4,Mouse_health_Justin,Integrated Sciences,interdisciplinary_science,UMass Amherst,waste,49.75069499999999
2016-01-07 00:00:00,4,Mouse_health_Justin,Integrated Sciences,interdisciplinary_science,UMass Amherst,waste,49.75069499999999
2016-01-07 01:00:00,4,Mouse_health_Justin,Integrated Sciences,interdisciplinary_science,UMass Amherst,waste,49.75069499999999
2016-01-07 02:00:00,4,Mouse_health_Justin,Integrated Sciences,interdisciplinary_science,UMass Amherst,waste,49.75069499999999
2016-01-07 03:00:00,4,Mouse_health_Justin,Integrated Sciences,interdisciplinary_science,UMass Amherst,waste,49.75069499999999
2016-01-07 04:00:00,4,Mouse_health_Justin,Integrated Sciences,interdisciplinary_science,UMass Amherst,waste,49.75069499999999
2016-01-07 05:00:00,4,Mouse_health_Justin,Integrated Sciences,interdisciplinary_science,UMass Amherst,waste,49.75069499999999
2016-01-07 06:00:00,4,Mouse_health_Justin,Integrated Sciences,interdisciplinary_science,UMass Amherst,waste,49.75069499999999
2016-01-07 07:00:00,4,Mouse_health_Justin,Integrated Sciences,interdisciplinary_science,UMass Amherst,waste,49.75069499999999
2016-01-07 08:00:00,4,Mouse_health_Justin,Integrated Sciences,interdisciplinary_science,UMass Amherst,waste,49.75069499999999
2016-01-07 09:00:00,4,Mouse_health_Justin,Integrated Sciences,interdisciplinary_science,UMass Amherst,waste,49.75069499999999
2016-01-07 10:00:00,4,Mouse_health_Justin,Integrated Sciences,interdisciplinary_science,UMass Amherst,waste,49.75069499999999
2016-01-07 11:00:00,4,Mouse_health_Justin,Integrated Sciences,interdisciplinary_science,UMass Amherst,waste,49.75069499999999
2016-01-07 12:00:00,4,Mouse_health_Justin,Integrated Sciences,interdisciplinary_science,UMass Amherst,waste,49.75069499999999
2016-01-07 13:00:00,4,Mouse_health_Justin,Integrated Sciences,interdisciplinary_science,UMass Amherst,waste,49.75069499999999
2016-01-07 14:00:00,4,Mouse_health_Justin,Integrated Sciences,interdisciplinary_science,UMass Amherst,waste,49.75069499999999
2016-01-07 15:00:00,4,Mouse_health_Justin,Integrated Sciences,interdisciplinary_science,UMass Amherst,waste,49.75069499999999
2016-01-07 16:00:00,4,Mouse_health_Justin,Integrated Sciences,interdisciplinary_science,UMass Amherst,waste,49.75069499999999
2016-01-07 17:00:00,4,Mouse_health_Justin,Integrated Sciences,interdisciplinary_science,UMass Amherst,waste,49.75069499999999
2016-01-07 18:00:00,4,Mouse_health_Justin,Integrated Sciences,interdisciplinary_science,UMass Amherst,waste,49.75069499999999
2016-01-07 19:00:00,4,Mouse_health_Justin,Integrated Sciences,interdisciplinary_science,UMass Amherst,waste,49.75069499999999
2016-01-07 20:00:00,4,Mouse_health_Justin,Integrated Sciences,interdisciplinary_science,UMass Amherst,waste,49.75069499999999
2016-01-07 21:00:00,4,Mouse_health_Justin,Integrated Sciences,interdisciplinary_science,UMass Amherst,waste,49.75069499999999
2016-01-07 22:00:00,4,Mouse_health_Justin,Integrated Sciences,interdisciplinary_science,UMass Amherst,waste,49.75069499999999
2016-01-07 23:00:00,4,Mouse_health_Justin,Integrated Sciences,interdisciplinary_science,UMass Amherst,waste,49.75069499999999
2016-01-08 00:00:00,4,Mouse_health_Justin,Integrated Sciences,interdisciplinary_science,UMass Amherst,waste,49.75069499999999
2016-01-08 01:00:00,4,Mouse_health_Justin,Integrated Sciences,interdisciplinary_science,UMass Amherst,waste,49.75069499999999
2016-01-08 02:00:00,4,Mouse_health_Justin,Integrated Sciences,interdisciplinary_science,UMass Amherst,waste,49.75069499999999
2016-01-08 03:00:00,4,Mouse_health_Justin,Integrated Sciences,interdisciplinary_science,UMass Amherst,waste,49.75069499999999
2016-01-08 04:00:00,4,Mouse_health_Justin,Integrated Sciences,interdisciplinary_science,UMass Amherst,waste,49.75069499999999
2016-01-08 05:00:00,4,Mouse_health_Justin,Integrated Sciences,interdisciplinary_science,UMass Amherst,waste,49.75069499999999
2016-01-08 06:00:00,4,Mouse_health_Justin,Integrated Sciences,interdisciplinary_science,UMass Amherst,waste,49.75069499999999
2016-01-08 07:00:00,4,Mouse_health_Justin,Integrated Sciences,interdisciplinary_science,UMass Amherst,waste,49.75069499999999
2016-01-08 08:00:00,4,Mouse_health_Justin,Integrated Sciences,interdisciplinary_science,UMass Amherst,waste,49.75069499999999
2016-01-08 09:00:00,4,Mouse_health_Justin,Integrated Sciences,interdisciplinary_science,UMass Amherst,waste,49.75069499999999
2016-01-08 10:00:00,4,Mouse_health_Justin,Integrated Sciences,interdisciplinary_science,UMass Amherst,waste,49.75069499999999
2016-01-08 11:00:00,4,Mouse_health_Justin,Integrated Sciences,interdisciplinary_science,UMass Amherst,waste,49.75069499999999
2016-01-08 12:00:00,4,Mouse_health_Justin,Integrated Sciences,interdisciplinary_science,UMass Amherst,waste,49.75069499999999
2016-01-08 13:00:00,4,Mouse_health_Justin,Integrated Sciences,interdisciplinary_science,UMass Amherst,waste,49.75069499999999
2016-01-08 14:00:00,4,Mouse_health_Justin,Integrated Sciences,interdisciplinary_science,UMass Amherst,waste,49.75069499999999
2016-01-08 15:00:00,4,Mouse_health_Justin,Integrated Sciences,interdisciplinary_science,UMass Amherst,waste,49.75069499999999
2016-01-08 16:00:00,4,Mouse_health_Justin,Integrated Sciences,interdisciplinary_science,UMass Amherst,waste,49.75069499999999
2016-01-08 17:00:00,4,Mouse_health_Justin,Integrated Sciences,interdisciplinary_science,UMass Amherst,waste,49.75069499999999
2016-01-08 18:00:00,4,Mouse_health_Justin,Integrated Sciences,interdisciplinary_science,UMass Amherst,waste,49.75069499999999
2016-01-08 19:00:00,4,Mouse_health_Justin,Integrated Sciences,interdisciplinary_science,UMass Amherst,waste,49.75069499999999
2016-01-08 20:00:00,4,Mouse_health_Justin,Integrated Sciences,interdisciplinary_science,UMass Amherst,waste,49.75069499999999
2016-01-08 21:00:00,4,Mouse_health_Justin,Integrated Sciences,interdisciplinary_science,UMass Amherst,waste,49.75069499999999
2016-01-08 22:00:00,4,Mouse_health_Justin,Integrated Sciences,interdisciplinary_science,UMass Amherst,waste,49.75069499999999
2016-01-08 23:00:00,4,Mouse_health_Justin,Integrated Sciences,interdisciplinary_science,UMass Amherst,waste,49.75069499999999
2016-01-09 00:00:00,4,Mouse_health_Justin,Integrated Sciences,interdisciplinary_science,UMass Amherst,waste,49.75069499999999
2016-01-09 01:00:00,4,Mouse_health_Justin,Integrated Sciences,interdisciplinary_science,UMass Amherst,waste,49.75069499999999
2016-01-09 02:00:00,4,Mouse_health_Justin,Integrated Sciences,interdisciplinary_science,UMass Amherst,waste,49.75069499999999
2016-01-09 03:00:00,4,Mouse_health_Justin,Integrated Sciences,interdisciplinary_science,UMass Amherst,waste,49.75069499999999
2016-01-09 04:00:00,4,Mouse_health_Justin,Integrated Sciences,interdisciplinary_science,UMass Amherst,waste,49.75069499999999
2016-01-09 05:00:00,4,Mouse_health_Justin,Integrated Sciences,interdisciplinary_science,UMass Amherst,waste,49.75069499999999
2016-01-09 06:00:00,4,Mouse_health_Justin,Integrated Sciences,interdisciplinary_science,UMass Amherst,waste,49.75069499999999
2016-01-09 07:00:00,4,Mouse_health_Justin,Integrated Sciences,interdisciplinary_science,UMass Amherst,waste,49.75069499999999
2016-01-09 08:00:00,4,Mouse_health_Justin,Integrated Sciences,interdisciplinary_science,UMass Amherst,waste,49.75069499999999
2016-01-09 09:00:00,4,Mouse_health_Justin,Integrated Sciences,interdisciplinary_science,UMass Amherst,waste,49.75069499999999
2016-01-09 10:00:00,4,Mouse_health_Justin,Integrated Sciences,interdisciplinary_science,UMass Amherst,waste,49.75069499999999
2016-01-09 11:00:00,4,Mouse_health_Justin,Integrated Sciences,interdisciplinary_science,UMass Amherst,waste,49.75069499999999
2016-01-09 12:00:00,4,Mouse_health_Justin,Integrated Sciences,interdisciplinary_science,UMass Amherst,waste,49.75069499999999
2016-01-09 13:00:00,4,Mouse_health_Justin,Integrated Sciences,interdisciplinary_science,UMass Amherst,waste,49.75069499999999
2016-01-09 14:00:00,4,Mouse_health_Justin,Integrated Sciences,interdisciplinary_science,UMass Amherst,waste,49.75069499999999
2016-01-09 15:00:00,4,Mouse_health_Justin,Integrated Sciences,interdisciplinary_science,UMass Amherst,waste,49.75069499999999
2016-01-09 16:00:00,4,Mouse_health_Justin,Integrated Sciences,interdisciplinary_science,UMass Amherst,waste,49.75069499999999
2016-01-09 17:00:00,4,Mouse_health_Justin,Integrated Sciences,interdisciplinary_science,UMass Amherst,waste,49.75069499999999
2016-01-09 18:00:00,4,Mouse_health_Justin,Integrated Sciences,interdisciplinary_science,UMass Amherst,waste,49.75069499999999
2016-01-09 19:00:00,4,Mouse_health_Justin,Integrated Sciences,interdisciplinary_science,UMass Amherst,waste,49.75069499999999
2016-01-09 20:00:00,4,Mouse_health_Justin,Integrated Sciences,interdisciplinary_science,UMass Amherst,waste,49.75069499999999
2016-01-09 21:00:00,4,Mouse_health_Justin,Integrated Sciences,interdisciplinary_science,UMass Amherst,waste,49.75069499999999
2016-01-09 22:00:00,4,Mouse_health_Justin,Integrated Sciences,interdisciplinary_science,UMass Amherst,waste,49.75069499999999
2016-01-09 23:00:00,4,Mouse_health_Justin,Integrated Sciences,interdisciplinary_science,UMass Amherst,waste,49.75069499999999
2016-01-10 00:00:00,4,Mouse_health_Justin,Integrated Sciences,interdisciplinary_science,UMass Amherst,waste,49.75069499999999
2016-01-10 01:00:00,4,Mouse_health_Justin,Integrated Sciences,interdisciplinary_science,UMass Amherst,waste,49.75069499999999
2016-01-10 02:00:00,4,Mouse_health_Justin,Integrated Sciences,interdisciplinary_science,UMass Amherst,waste,49.75069499999999
2016-01-10 03:00:00,4,Mouse_health_Justin,Integrated Sciences,interdisciplinary_science,UMass Amherst,waste,49.75069499999999
2016-01-10 04:00:00,4,Mouse_health_Justin,Integrated Sciences,interdisciplinary_science,UMass Amherst,waste,49.75069499999999
2016-01-10 05:00:00,4,Mouse_health_Justin,Integrated Sciences,interdisciplinary_science,UMass Amherst,waste,49.75069499999999
2016-01-10 06:00:00,4,Mouse_health_Justin,Integrated Sciences,interdisciplinary_science,UMass Amherst,waste,49.75069499999999
2016-01-10 07:00:00,4,Mouse_health_Justin,Integrated Sciences,interdisciplinary_science,UMass Amherst,waste,49.75069499999999
2016-01-10 08:00:00,4,Mouse_health_Justin,Integrated Sciences,interdisciplinary_science,UMass Amherst,waste,49.75069499999999
2016-01-10 09:00:00,4,Mouse_health_Justin,Integrated Sciences,interdisciplinary_science,UMass Amherst,waste,49.75069499999999
2016-01-10 10:00:00,4,Mouse_health_Justin,Integrated Sciences,interdisciplinary_science,UMass Amherst,waste,49.75069499999999
2016-01-10 11:00:00,4,Mouse_health_Justin,Integrated Sciences,interdisciplinary_science,UMass Amherst,waste,49.75069499999999
2016-01-10 12:00:00,4,Mouse_health_Justin,Integrated Sciences,interdisciplinary_science,UMass Amherst,waste,49.75069499999999
2016-01-10 13:00:00,4,Mouse_health_Justin,Integrated Sciences,interdisciplinary_science,UMass Amherst,waste,49.75069499999999
2016-01-10 14:00:00,4,Mouse_health_Justin,Integrated Sciences,interdisciplinary_science,UMass Amherst,waste,49.75069499999999
2016-01-10 15:00:00,4,Mouse_health_Justin,Integrated Sciences,interdisciplinary_science,UMass Amherst,waste,49.75069499999999
2016-01-10 16:00:00,4,Mouse_health_Justin,Integrated Sciences,interdisciplinary_science,UMass Amherst,waste,49.75069499999999
2016-01-10 17:00:00,4,Mouse_health_Justin,Integrated Sciences,interdisciplinary_science,UMass Amherst,waste,49.75069499999999
2016-01-10 18:00:00,4,Mouse_health_Justin,Integrated Sciences,interdisciplinary_science,UMass Amherst,waste,49.75069499999999
2016-01-10 19:00:00,4,Mouse_health_Justin,Integrated Sciences,interdisciplinary_science,UMass Amherst,waste,49.75069499999999
2016-01-10 20:00:00,4,Mouse_health_Justin,Integrated Sciences,interdisciplinary_science,UMass Amherst,waste,49.75069499999999
2016-01-10 21:00:00,4,Mouse_health_Justin,Integrated Sciences,interdisciplinary_science,UMass Amherst,waste,49.75069499999999
2016-01-10 22:00:00,4,Mouse_health_Justin,Integrated Sciences,interdisciplinary_science,UMass Amherst,waste,49.75069499999999
2016-01-10 23:00:00,4,Mouse_health_Justin,Integrated Sciences,interdisciplinary_science,UMass Amherst,waste,49.75069499999999
2016-01-11 00:00:00,4,Mouse_health_Justin,Integrated Sciences,interdisciplinary_science,UMass Amherst,waste,49.75069499999999
2016-01-11 01:00:00,4,Mouse_health_Justin,Integrated Sciences,interdisciplinary_science,UMass Amherst,waste,49.75069499999999
2016-01-11 02:00:00,4,Mouse_health_Justin,Integrated Sciences,interdisciplinary_science,UMass Amherst,waste,49.75069499999999
2016-01-11 03:00:00,4,Mouse_health_Justin,Integrated Sciences,interdisciplinary_science,UMass Amherst,waste,49.75069499999999
2016-01-11 04:00:00,4,Mouse_health_Justin,Integrated Sciences,interdisciplinary_science,UMass Amherst,waste,49.75069499999999
2016-01-11 05:00:00,4,Mouse_health_Justin,Integrated Sciences,interdisciplinary_science,UMass Amherst,waste,49.75069499999999
2016-01-11 06:00:00,4,Mouse_health_Justin,Integrated Sciences,interdisciplinary_science,UMass Amherst,waste,49.75069499999999
2016-01-11 07:00:00,4,Mouse_health_Justin,Integrated Sciences,interdisciplinary_science,UMass Amherst,waste,49.75069499999999
2016-01-11 08:00:00,4,Mouse_health_Justin,Integrated Sciences,interdisciplinary_science,UMass Amherst,waste,49.75069499999999
2016-01-11 09:00:00,4,Mouse_health_Justin,Integrated Sciences,interdisciplinary_science,UMass Amherst,waste,49.75069499999999
2016-01-11 10:00:00,4,Mouse_health_Justin,Integrated Sciences,interdisciplinary_science,UMass Amherst,waste,49.75069499999999
2016-01-11 11:00:00,4,Mouse_health_Justin,Integrated Sciences,interdisciplinary_science,UMass Amherst,waste,49.75069499999999
2016-01-11 12:00:00,4,Mouse_health_Justin,Integrated Sciences,interdisciplinary_science,UMass Amherst,waste,49.75069499999999
2016-01-11 13:00:00,4,Mouse_health_Justin,Integrated Sciences,interdisciplinary_science,UMass Amherst,waste,49.75069499999999
2016-01-11 14:00:00,4,Mouse_health_Justin,Integrated Sciences,interdisciplinary_science,UMass Amherst,waste,49.75069499999999
2016-01-11 15:00:00,4,Mouse_health_Justin,Integrated Sciences,interdisciplinary_science,UMass Amherst,waste,49.75069499999999
2016-01-11 16:00:00,4,Mouse_health_Justin,Integrated Sciences,interdisciplinary_science,UMass Amherst,waste,49.75069499999999
2016-01-11 17:00:00,4,Mouse_health_Justin,Integrated Sciences,interdisciplinary_science,UMass Amherst,waste,49.75069499999999
2016-01-11 18:00:00,4,Mouse_health_Justin,Integrated Sciences,interdisciplinary_science,UMass Amherst,waste,49.75069499999999
2016-01-11 19:00:00,4,Mouse_health_Justin,Integrated Sciences,interdisciplinary_science,UMass Amherst,waste,49.75069499999999
2016-01-11 20:00:00,4,Mouse_health_Justin,Integrated Sciences,interdisciplinary_science,UMass Amherst,waste,49.75069499999999
2016-01-11 21:00:00,4,Mouse_health_Justin,Integrated Sciences,interdisciplinary_science,UMass Amherst,waste,49.75069499999999
2016-01-11 22:00:00,4,Mouse_health_Justin,Integrated Sciences,interdisciplinary_science,UMass Amherst,waste,49.75069499999999
2016-01-11 23:00:00,4,Mouse_health_Justin,Integrated Sciences,interdisciplinary_science,UMass Amherst,waste,49.75069499999999
2016-01-12 00:00:00,4,Mouse_health_Justin,Integrated Sciences,interdisciplinary_science,UMass Amherst,waste,49.75069499999999
2016-01-12 01:00:00,4,Mouse_health_Justin,Integrated Sciences,interdisciplinary_science,UMass Amherst,waste,49.75069499999999
2016-01-12 02:00:00,4,Mouse_health_Justin,Integrated Sciences,interdisciplinary_science,UMass Amherst,waste,49.75069499999999
2016-01-12 03:00:00,4,Mouse_health_Justin,Integrated Sciences,interdisciplinary_science,UMass Amherst,waste,49.75069499999999
2016-01-12 04:00:00,4,Mouse_health_Justin,Integrated Sciences,interdisciplinary_science,UMass Amherst,waste,49.75069499999999
2016-01-12 05:00:00,4,Mouse_health_Justin,Integrated Sciences,interdisciplinary_science,UMass Amherst,waste,49.75069499999999
2016-01-12 06:00:00,4,Mouse_health_Justin,Integrated Sciences,interdisciplinary_science,UMass Amherst,waste,49.75069499999999
2016-01-12 07:00:00,4,Mouse_health_Justin,Integrated Sciences,interdisciplinary_science,UMass Amherst,waste,49.75069499999999
2016-01-12 08:00:00,4,Mouse_health_Justin,Integrated Sciences,interdisciplinary_science,UMass Amherst,waste,49.75069499999999
2016-01-12 09:00:00,4,Mouse_health_Justin,Integrated Sciences,interdisciplinary_science,UMass Amherst,waste,49.75069499999999
2016-01-12 10:00:00,4,Mouse_health_Justin,Integrated Sciences,interdisciplinary_science,UMass Amherst,waste,49.75069499999999
2016-01-12 11:00:00,4,Mouse_health_Justin,Integrated Sciences,interdisciplinary_science,UMass Amherst,waste,49.75069499999999
2016-01-12 12:00:00,4,Mouse_health_Justin,Integrated Sciences,interdisciplinary_science,UMass Amherst,waste,49.75069499999999
2016-01-12 13:00:00,4,Mouse_health_Justin,Integrated Sciences,interdisciplinary_science,UMass Amherst,waste,49.75069499999999
2016-01-12 14:00:00,4,Mouse_health_Justin,Integrated Sciences,interdisciplinary_science,UMass Amherst,waste,49.75069499999999
2016-01-12 15:00:00,4,Mouse_health_Justin,Integrated Sciences,interdisciplinary_science,UMass Amherst,waste,49.75069499999999
2016-01-12 16:00:00,4,Mouse_health_Justin,Integrated Sciences,interdisciplinary_science,UMass Amherst,waste,49.75069499999999
2016-01-12 17:00:00,4,Mouse_health_Justin,Integrated Sciences,interdisciplinary_science,UMass Amherst,waste,49.75069499999999
2016-01-12 18:00:00,4,Mouse_health_Justin,Integrated Sciences,interdisciplinary_science,UMass Amherst,waste,49.75069499999999
2016-01-12 19:00:00,4,Mouse_health_Justin,Integrated Sciences,interdisciplinary_science,UMass Amherst,waste,49.75069499999999
2016-01-12 20:00:00,4,Mouse_health_Justin,Integrated Sciences,interdisciplinary_science,UMass Amherst,waste,49.75069499999999
2016-01-12 21:00:00,4,Mouse_health_Justin,Integrated Sciences,interdisciplinary_science,UMass Amherst,waste,49.75069499999999
2016-01-12 22:00:00,4,Mouse_health_Justin,Integrated Sciences,interdisciplinary_science,UMass Amherst,waste,49.75069499999999
2016-01-12 23:00:00,4,Mouse_health_Justin,Integrated Sciences,interdisciplinary_science,UMass Amherst,waste,49.75069499999999
2016-01-13 00:00:00,4,Mouse_health_Justin,Integrated Sciences,interdisciplinary_science,UMass Amherst,waste,49.75069499999999
2016-01-13 01:00:00,4,Mouse_health_Justin,Integrated Sciences,interdisciplinary_science,UMass Amherst,waste,49.75069499999999
2016-01-13 02:00:00,4,Mouse_health_Justin,Integrated Sciences,interdisciplinary_science,UMass Amherst,waste,49.75069499999999
2016-01-13 03:00:00,4,Mouse_health_Justin,Integrated Sciences,interdisciplinary_science,UMass Amherst,waste,49.75069499999999
2016-01-13 04:00:00,4,Mouse_health_Justin,Integrated Sciences,interdisciplinary_science,UMass Amherst,waste,49.75069499999999
2016-01-13 05:00:00,4,Mouse_health_Justin,Integrated Sciences,interdisciplinary_science,UMass Amherst,waste,49.75069499999999
2016-01-13 06:00:00,4,Mouse_health_Justin,Integrated Sciences,interdisciplinary_science,UMass Amherst,waste,49.75069499999999
2016-01-13 07:00:00,4,Mouse_health_Justin,Integrated Sciences,interdisciplinary_science,UMass Amherst,waste,49.75069499999999
2016-01-13 08:00:00,4,Mouse_health_Justin,Integrated Sciences,interdisciplinary_science,UMass Amherst,waste,49.75069499999999
2016-01-13 09:00:00,4,Mouse_health_Justin,Integrated Sciences,interdisciplinary_science,UMass Amherst,waste,49.75069499999999
2016-01-13 10:00:00,4,Mouse_health_Justin,Integrated Sciences,interdisciplinary_science,UMass Amherst,waste,49.75069499999999
2016-01-13 11:00:00,4,Mouse_health_Justin,Integrated Sciences,interdisciplinary_science,UMass Amherst,waste,49.75069499999999
2016-01-13 12:00:00,4,Mouse_health_Justin,Integrated Sciences,interdisciplinary_science,UMass Amherst,waste,49.75069499999999
2016-01-13 13:00:00,4,Mouse_health_Justin,Integrated Sciences,interdisciplinary_science,UMass Amherst,waste,49.75069499999999
2016-01-13 14:00:00,4,Mouse_health_Justin,Integrated Sciences,interdisciplinary_science,UMass Amherst,waste,49.75069499999999
2016-01-13 15:00:00,4,Mouse_health_Justin,Integrated Sciences,interdisciplinary_science,UMass Amherst,waste,49.75069499999999
2016-01-13 16:00:00,4,Mouse_health_Justin,Integrated Sciences,interdisciplinary_science,UMass Amherst,waste,49.75069499999999
2016-01-13 17:00:00,4,Mouse_health_Justin,Integrated Sciences,interdisciplinary_science,UMass Amherst,waste,49.75069499999999
2016-01-13 18:00:00,4,Mouse_health_Justin,Integrated Sciences,interdisciplinary_science,UMass Amherst,waste,49.75069499999999
2016-01-13 19:00:00,4,Mouse_health_Justin,Integrated Sciences,interdisciplinary_science,UMass Amherst,waste,49.75069499999999
2016-01-13 20:00:00,4,Mouse_health_Justin,Integrated Sciences,interdisciplinary_science,UMass Amherst,waste,49.75069499999999
2016-01-13 21:00:00,4,Mouse_health_Justin,Integrated Sciences,interdisciplinary_science,UMass Amherst,waste,49.75069499999999
2016-01-13 22:00:00,4,Mouse_health_Justin,Integrated Sciences,interdisciplinary_science,UMass Amherst,waste,49.75069499999999
2016-01-13 23:00:00,4,Mouse_health_Justin,Integrated Sciences,interdisciplinary_science,UMass Amherst,waste,49.75069499999999
2016-01-14 00:00:00,4,Mouse_health_Justin,Integrated Sciences,interdisciplinary_science,UMass Amherst,waste,49.75069499999999
2016-01-14 01:00:00,4,Mouse_health_Justin,Integrated Sciences,interdisciplinary_science,UMass Amherst,waste,49.75069499999999
2016-01-14 02:00:00,4,Mouse_health_Justin,Integrated Sciences,interdisciplinary_science,UMass Amherst,waste,49.75069499999999
2016-01-14 03:00:00,4,Mouse_health_Justin,Integrated Sciences,interdisciplinary_science,UMass Amherst,waste,49.75069499999999
2016-01-14 04:00:00,4,Mouse_health_Justin,Integrated Sciences,interdisciplinary_science,UMass Amherst,waste,49.75069499999999
2016-01-14 05:00:00,4,Mouse_health_Justin,Integrated Sciences,interdisciplinary_science,UMass Amherst,waste,49.75069499999999
2016-01-14 06:00:00,4,Mouse_health_Justin,Integrated Sciences,interdisciplinary_science,UMass Amherst,waste,49.75069499999999
2016-01-14 07:00:00,4,Mouse_health_Justin,Integrated Sciences,interdisciplinary_science,UMass Amherst,waste,49.75069499999999
2016-01-14 08:00:00,4,Mouse_health_Justin,Integrated Sciences,interdisciplinary_science,UMass Amherst,waste,49.75069499999999
2016-01-14 09:00:00,4,Mouse_health_Justin,Integrated Sciences,interdisciplinary_science,UMass Amherst,waste,49.75069499999999
2016-01-14 10:00:00,4,Mouse_health_Justin,Integrated Sciences,interdisciplinary_science,UMass Amherst,waste,49.75069499999999
2016-01-14 11:00:00,4,Mouse_health_Justin,Integrated Sciences,interdisciplinary_science,UMass Amherst,waste,49.75069499999999
2016-01-14 12:00:00,4,Mouse_health_Justin,Integrated Sciences,interdisciplinary_science,UMass Amherst,waste,49.75069499999999
2016-01-14 13:00:00,4,Mouse_health_Justin,Integrated Sciences,interdisciplinary_science,UMass Amherst,waste,49.75069499999999
2016-01-14 14:00:00,4,Mouse_health_Justin,Integrated Sciences,interdisciplinary_science,UMass Amherst,waste,49.75069499999999
2016-01-14 15:00:00,4,Mouse_health_Justin,Integrated Sciences,interdisciplinary_science,UMass Amherst,waste,49.75069499999999
2016-01-14 16:00:00,4,Mouse_health_Justin,Integrated Sciences,interdisciplinary_science,UMass Amherst,waste,49.75069499999999
2016-01-14 17:00:00,4,Mouse_health_Justin,Integrated Sciences,interdisciplinary_science,UMass Amherst,waste,49.75069499999999
2016-01-14 18:00:00,4,Mouse_health_Justin,Integrated Sciences,interdisciplinary_science,UMass Amherst,waste,49.75069499999999
2016-01-14 19:00:00,4,Mouse_health_Justin,Integrated Sciences,interdisciplinary_science,UMass Amherst,waste,49.75069499999999
2016-01-14 20:00:00,4,Mouse_health_Justin,Integrated Sciences,interdisciplinary_science,UMass Amherst,waste,49.75069499999999
2016-01-14 21:00:00,4,Mouse_health_Justin,Integrated Sciences,interdisciplinary_science,UMass Amherst,waste,49.75069499999999
2016-01-14 22:00:00,4,Mouse_health_Justin,Integrated Sciences,interdisciplinary_science,UMass Amherst,waste,49.75069499999999
2016-01-14 23:00:00,4,Mouse_health_Justin,Integrated Sciences,interdisciplinary_science,UMass Amherst,waste,49.75069499999999
2016-01-15 00:00:00,4,Mouse_health_Justin,Integrated Sciences,interdisciplinary_science,UMass Amherst,waste,44.42646
2016-01-15 01:00:00,4,Mouse_health_Justin,Integrated Sciences,interdisciplinary_science,UMass Amherst,waste,46.8438825
2016-01-15 02:00:00,4,Mouse_health_Justin,Integrated Sciences,interdisciplinary_science,UMass Amherst,waste,40.361999999999995
2016-01-15 03:00:00,4,Mouse_health_Justin,Integrated Sciences,interdisciplinary_science,UMass Amherst,waste,40.101525
2016-01-15 04:00:00,4,Mouse_health_Justin,Integrated Sciences,interdisciplinary_science,UMass Amherst,waste,39.374925
2016-01-15 05:00:00,4,Mouse_health_Justin,Integrated Sciences,interdisciplinary_science,UMass Amherst,waste,39.9771
2016-01-15 06:00:00,4,Mouse_health_Justin,Integrated Sciences,interdisciplinary_science,UMass Amherst,waste,39.27
2016-01-15 07:00:00,4,Mouse_health_Justin,Integrated Sciences,interdisciplinary_science,UMass Amherst,waste,40.85835
2016-01-15 08:00:00,4,Mouse_health_Justin,Integrated Sciences,interdisciplinary_science,UMass Amherst,waste,46.6356
2016-01-15 09:00:00,4,Mouse_health_Justin,Integrated Sciences,interdisciplinary_science,UMass Amherst,waste,50.957175
2016-01-15 10:00:00,4,Mouse_health_Justin,Integrated Sciences,interdisciplinary_science,UMass Amherst,waste,52.672425
2016-01-15 11:00:00,4,Mouse_health_Justin,Integrated Sciences,interdisciplinary_science,UMass Amherst,waste,54.32647500000002
2016-01-15 12:00:00,4,Mouse_health_Justin,Integrated Sciences,interdisciplinary_science,UMass Amherst,waste,56.50845
2016-01-15 13:00:00,4,Mouse_health_Justin,Integrated Sciences,interdisciplinary_science,UMass Amherst,waste,56.386125
2016-01-15 14:00:00,4,Mouse_health_Justin,Integrated Sciences,interdisciplinary_science,UMass Amherst,waste,56.5161
2016-01-15 15:00:00,4,Mouse_health_Justin,Integrated Sciences,interdisciplinary_science,UMass Amherst,waste,54.64935
2016-01-15 16:00:00,4,Mouse_health_Justin,Integrated Sciences,interdisciplinary_science,UMass Amherst,waste,54.02415
2016-01-15 17:00:00,4,Mouse_health_Justin,Integrated Sciences,interdisciplinary_science,UMass Amherst,waste,53.53020000000001
2016-01-15 18:00:00,4,Mouse_health_Justin,Integrated Sciences,interdisciplinary_science,UMass Amherst,waste,50.01255
2016-01-15 19:00:00,4,Mouse_health_Justin,Integrated Sciences,interdisciplinary_science,UMass Amherst,waste,46.334624999999996
2016-01-15 20:00:00,4,Mouse_health_Justin,Integrated Sciences,interdisciplinary_science,UMass Amherst,waste,43.972874999999995
2016-01-15 21:00:00,4,Mouse_health_Justin,Integrated Sciences,interdisciplinary_science,UMass Amherst,waste,40.988324999999996
2016-01-15 22:00:00,4,Mouse_health_Justin,Integrated Sciences,interdisciplinary_science,UMass Amherst,waste,38.9163
2016-01-15 23:00:00,4,Mouse_health_Justin,Integrated Sciences,interdisciplinary_science,UMass Amherst,waste,39.7752
2016-01-16 00:00:00,4,Mouse_health_Justin,Integrated Sciences,interdisciplinary_science,UMass Amherst,waste,39.607387499999994
2016-01-16 01:00:00,4,Mouse_health_Justin,Integrated Sciences,interdisciplinary_science,UMass Amherst,waste,38.878274999999995
2016-01-16 02:00:00,4,Mouse_health_Justin,Integrated Sciences,interdisciplinary_science,UMass Amherst,waste,38.79225
2016-01-16 03:00:00,4,Mouse_health_Justin,Integrated Sciences,interdisciplinary_science,UMass Amherst,waste,38.565525
2016-01-16 04:00:00,4,Mouse_health_Justin,Integrated Sciences,interdisciplinary_science,UMass Amherst,waste,37.5129
2016-01-16 05:00:00,4,Mouse_health_Justin,Integrated Sciences,interdisciplinary_science,UMass Amherst,waste,39.209699999999984
2016-01-16 06:00:00,4,Mouse_health_Justin,Integrated Sciences,interdisciplinary_science,UMass Amherst,waste,39.18525
2016-01-16 07:00:00,4,Mouse_health_Justin,Integrated Sciences,interdisciplinary_science,UMass Amherst,waste,38.790225
2016-01-16 08:00:00,4,Mouse_health_Justin,Integrated Sciences,interdisciplinary_science,UMass Amherst,waste,43.4694
2016-01-16 09:00:00,4,Mouse_health_Justin,Integrated Sciences,interdisciplinary_science,UMass Amherst,waste,45.765224999999994
2016-01-16 10:00:00,4,Mouse_health_Justin,Integrated Sciences,interdisciplinary_science,UMass Amherst,waste,46.790925
2016-01-16 11:00:00,4,Mouse_health_Justin,Integrated Sciences,interdisciplinary_science,UMass Amherst,waste,47.825475
2016-01-16 12:00:00,4,Mouse_health_Justin,Integrated Sciences,interdisciplinary_science,UMass Amherst,waste,49.32704999999999
2016-01-16 13:00:00,4,Mouse_health_Justin,Integrated Sciences,interdisciplinary_science,UMass Amherst,waste,48.416775
2016-01-16 14:00:00,4,Mouse_health_Justin,Integrated Sciences,interdisciplinary_science,UMass Amherst,waste,48.05385000000001
2016-01-16 15:00:00,4,Mouse_health_Justin,Integrated Sciences,interdisciplinary_science,UMass Amherst,waste,48.872475
2016-01-16 16:00:00,4,Mouse_health_Justin,Integrated Sciences,interdisciplinary_science,UMass Amherst,waste,48.64957499999999
2016-01-16 17:00:00,4,Mouse_health_Justin,Integrated Sciences,interdisciplinary_science,UMass Amherst,waste,46.85310000000001
2016-01-16 18:00:00,4,Mouse_health_Justin,Integrated Sciences,interdisciplinary_science,UMass Amherst,waste,43.641975
2016-01-16 19:00:00,4,Mouse_health_Justin,Integrated Sciences,interdisciplinary_science,UMass Amherst,waste,41.91915
2016-01-16 20:00:00,4,Mouse_health_Justin,Integrated Sciences,interdisciplinary_science,UMass Amherst,waste,42.091274999999996
2016-01-16 21:00:00,4,Mouse_health_Justin,Integrated Sciences,interdisciplinary_science,UMass Amherst,waste,40.593225000000004
2016-01-16 22:00:00,4,Mouse_health_Justin,Integrated Sciences,interdisciplinary_science,UMass Amherst,waste,39.83595
2016-01-16 23:00:00,4,Mouse_health_Justin,Integrated Sciences,interdisciplinary_science,UMass Amherst,waste,39.869775
2016-01-17 00:00:00,4,Mouse_health_Justin,Integrated Sciences,interdisciplinary_science,UMass Amherst,waste,39.987975
2016-01-17 01:00:00,4,Mouse_health_Justin,Integrated Sciences,interdisciplinary_science,UMass Amherst,waste,39.43964999999999
2016-01-17 02:00:00,4,Mouse_health_Justin,Integrated Sciences,interdisciplinary_science,UMass Amherst,waste,39.78675
2016-01-17 03:00:00,4,Mouse_health_Justin,Integrated Sciences,interdisciplinary_science,UMass Amherst,waste,39.706424999999996
2016-01-17 04:00:00,4,Mouse_health_Justin,Integrated Sciences,interdisciplinary_science,UMass Amherst,waste,39.182849999999995
2016-01-17 05:00:00,4,Mouse_health_Justin,Integrated Sciences,interdisciplinary_science,UMass Amherst,waste,39.297000000000004
2016-01-17 06:00:00,4,Mouse_health_Justin,Integrated Sciences,interdisciplinary_science,UMass Amherst,waste,39.316875
2016-01-17 07:00:00,4,Mouse_health_Justin,Integrated Sciences,interdisciplinary_science,UMass Amherst,waste,39.6564
2016-01-17 08:00:00,4,Mouse_health_Justin,Integrated Sciences,interdisciplinary_science,UMass Amherst,waste,43.7613
2016-01-17 09:00:00,4,Mouse_health_Justin,Integrated Sciences,interdisciplinary_science,UMass Amherst,waste,45.618225
2016-01-17 10:00:00,4,Mouse_health_Justin,Integrated Sciences,interdisciplinary_science,UMass Amherst,waste,46.03995
2016-01-17 11:00:00,4,Mouse_health_Justin,Integrated Sciences,interdisciplinary_science,UMass Amherst,waste,47.01585
2016-01-17 12:00:00,4,Mouse_health_Justin,Integrated Sciences,interdisciplinary_science,UMass Amherst,waste,48.15622500000001
2016-01-17 13:00:00,4,Mouse_health_Justin,Integrated Sciences,interdisciplinary_science,UMass Amherst,waste,45.539474999999996
2016-01-17 14:00:00,4,Mouse_health_Justin,Integrated Sciences,interdisciplinary_science,UMass Amherst,waste,47.0481
2016-01-17 15:00:00,4,Mouse_health_Justin,Integrated Sciences,interdisciplinary_science,UMass Amherst,waste,46.914375
2016-01-17 16:00:00,4,Mouse_health_Justin,Integrated Sciences,interdisciplinary_science,UMass Amherst,waste,48.445275
2016-01-17 17:00:00,4,Mouse_health_Justin,Integrated Sciences,interdisciplinary_science,UMass Amherst,waste,46.472175
2016-01-17 18:00:00,4,Mouse_health_Justin,Integrated Sciences,interdisciplinary_science,UMass Amherst,waste,43.5642
2016-01-17 19:00:00,4,Mouse_health_Justin,Integrated Sciences,interdisciplinary_science,UMass Amherst,waste,42.3966
2016-01-17 20:00:00,4,Mouse_health_Justin,Integrated Sciences,interdisciplinary_science,UMass Amherst,waste,42.231675
2016-01-17 21:00:00,4,Mouse_health_Justin,Integrated Sciences,interdisciplinary_science,UMass Amherst,waste,41.115
2016-01-17 22:00:00,4,Mouse_health_Justin,Integrated Sciences,interdisciplinary_science,UMass Amherst,waste,40.194975
2016-01-17 23:00:00,4,Mouse_health_Justin,Integrated Sciences,interdisciplinary_science,UMass Amherst,waste,40.1904
2016-01-18 00:00:00,4,Mouse_health_Justin,Integrated Sciences,interdisciplinary_science,UMass Amherst,waste,40.7050125
2016-01-18 01:00:00,4,Mouse_health_Justin,Integrated Sciences,interdisciplinary_science,UMass Amherst,waste,39.584699999999984
2016-01-18 02:00:00,4,Mouse_health_Justin,Integrated Sciences,interdisciplinary_science,UMass Amherst,waste,39.074475
2016-01-18 03:00:00,4,Mouse_health_Justin,Integrated Sciences,interdisciplinary_science,UMass Amherst,waste,39.012674999999994
2016-01-18 04:00:00,4,Mouse_health_Justin,Integrated Sciences,interdisciplinary_science,UMass Amherst,waste,38.602275
2016-01-18 05:00:00,4,Mouse_health_Justin,Integrated Sciences,interdisciplinary_science,UMass Amherst,waste,39.045075
2016-01-18 06:00:00,4,Mouse_health_Justin,Integrated Sciences,interdisciplinary_science,UMass Amherst,waste,39.160125
2016-01-18 07:00:00,4,Mouse_health_Justin,Integrated Sciences,interdisciplinary_science,UMass Amherst,waste,41.042625
2016-01-18 08:00:00,4,Mouse_health_Justin,Integrated Sciences,interdisciplinary_science,UMass Amherst,waste,47.565075
2016-01-18 09:00:00,4,Mouse_health_Justin,Integrated Sciences,interdisciplinary_science,UMass Amherst,waste,50.754674999999985
2016-01-18 10:00:00,4,Mouse_health_Justin,Integrated Sciences,interdisciplinary_science,UMass Amherst,waste,54.326625
2016-01-18 11:00:00,4,Mouse_health_Justin,Integrated Sciences,interdisciplinary_science,UMass Amherst,waste,56.084775
2016-01-18 12:00:00,4,Mouse_health_Justin,Integrated Sciences,interdisciplinary_science,UMass Amherst,waste,57.854625
2016-01-18 13:00:00,4,Mouse_health_Justin,Integrated Sciences,interdisciplinary_science,UMass Amherst,waste,56.877075000000005
2016-01-18 14:00:00,4,Mouse_health_Justin,Integrated Sciences,interdisciplinary_science,UMass Amherst,waste,56.39872500000002
2016-01-18 15:00:00,4,Mouse_health_Justin,Integrated Sciences,interdisciplinary_science,UMass Amherst,waste,57.030375
2016-01-18 16:00:00,4,Mouse_health_Justin,Integrated Sciences,interdisciplinary_science,UMass Amherst,waste,56.693625
2016-01-18 17:00:00,4,Mouse_health_Justin,Integrated Sciences,interdisciplinary_science,UMass Amherst,waste,55.16520000000002
2016-01-18 18:00:00,4,Mouse_health_Justin,Integrated Sciences,interdisciplinary_science,UMass Amherst,waste,51.05895000000002
2016-01-18 19:00:00,4,Mouse_health_Justin,Integrated Sciences,interdisciplinary_science,UMass Amherst,waste,47.30939999999998
2016-01-18 20:00:00,4,Mouse_health_Justin,Integrated Sciences,interdisciplinary_science,UMass Amherst,waste,46.270500000000006
2016-01-18 21:00:00,4,Mouse_health_Justin,Integrated Sciences,interdisciplinary_science,UMass Amherst,waste,43.24425
2016-01-18 22:00:00,4,Mouse_health_Justin,Integrated Sciences,interdisciplinary_science,UMass Amherst,waste,40.688925
2016-01-18 23:00:00,4,Mouse_health_Justin,Integrated Sciences,interdisciplinary_science,UMass Amherst,waste,41.60955
2016-01-19 00:00:00,4,Mouse_health_Justin,Integrated Sciences,interdisciplinary_science,UMass Amherst,waste,41.074124999999995
2016-01-19 01:00:00,4,Mouse_health_Justin,Integrated Sciences,interdisciplinary_science,UMass Amherst,waste,40.979925
2016-01-19 02:00:00,4,Mouse_health_Justin,Integrated Sciences,interdisciplinary_science,UMass Amherst,waste,40.724925
2016-01-19 03:00:00,4,Mouse_health_Justin,Integrated Sciences,interdisciplinary_science,UMass Amherst,waste,40.1577
2016-01-19 04:00:00,4,Mouse_health_Justin,Integrated Sciences,interdisciplinary_science,UMass Amherst,waste,39.755550000000014
2016-01-19 05:00:00,4,Mouse_health_Justin,Integrated Sciences,interdisciplinary_science,UMass Amherst,waste,39.588074999999996
2016-01-19 06:00:00,4,Mouse_health_Justin,Integrated Sciences,interdisciplinary_science,UMass Amherst,waste,39.1788
2016-01-19 07:00:00,4,Mouse_health_Justin,Integrated Sciences,interdisciplinary_science,UMass Amherst,waste,41.630475
2016-01-19 08:00:00,4,Mouse_health_Justin,Integrated Sciences,interdisciplinary_science,UMass Amherst,waste,47.491800000000005
2016-01-19 09:00:00,4,Mouse_health_Justin,Integrated Sciences,interdisciplinary_science,UMass Amherst,waste,51.12502499999999
2016-01-19 10:00:00,4,Mouse_health_Justin,Integrated Sciences,interdisciplinary_science,UMass Amherst,waste,54.24502499999998
2016-01-19 11:00:00,4,Mouse_health_Justin,Integrated Sciences,interdisciplinary_science,UMass Amherst,waste,55.85999999999999
2016-01-19 12:00:00,4,Mouse_health_Justin,Integrated Sciences,interdisciplinary_science,UMass Amherst,waste,56.82045000000001
2016-01-19 13:00:00,4,Mouse_health_Justin,Integrated Sciences,interdisciplinary_science,UMass Amherst,waste,57.10454999999999
2016-01-19 14:00:00,4,Mouse_health_Justin,Integrated Sciences,interdisciplinary_science,UMass Amherst,waste,57.10635
2016-01-19 15:00:00,4,Mouse_health_Justin,Integrated Sciences,interdisciplinary_science,UMass Amherst,waste,56.79165
2016-01-19 16:00:00,4,Mouse_health_Justin,Integrated Sciences,interdisciplinary_science,UMass Amherst,waste,57.578850000000024
2016-01-19 17:00:00,4,Mouse_health_Justin,Integrated Sciences,interdisciplinary_science,UMass Amherst,waste,54.0861
2016-01-19 18:00:00,4,Mouse_health_Justin,Integrated Sciences,interdisciplinary_science,UMass Amherst,waste,50.80192499999998
2016-01-19 19:00:00,4,Mouse_health_Justin,Integrated Sciences,interdisciplinary_science,UMass Amherst,waste,47.790375000000004
2016-01-19 20:00:00,4,Mouse_health_Justin,Integrated Sciences,interdisciplinary_science,UMass Amherst,waste,46.0473
2016-01-19 21:00:00,4,Mouse_health_Justin,Integrated Sciences,interdisciplinary_science,UMass Amherst,waste,42.69457499999999
2016-01-19 22:00:00,4,Mouse_health_Justin,Integrated Sciences,interdisciplinary_science,UMass Amherst,waste,41.67997500000001
2016-01-19 23:00:00,4,Mouse_health_Justin,Integrated Sciences,interdisciplinary_science,UMass Amherst,waste,41.07075
2016-01-20 00:00:00,4,Mouse_health_Justin,Integrated Sciences,interdisciplinary_science,UMass Amherst,waste,41.20256249999999
2016-01-20 01:00:00,4,Mouse_health_Justin,Integrated Sciences,interdisciplinary_science,UMass Amherst,waste,40.945575
2016-01-20 02:00:00,4,Mouse_health_Justin,Integrated Sciences,interdisciplinary_science,UMass Amherst,waste,40.052024999999986
2016-01-20 03:00:00,4,Mouse_health_Justin,Integrated Sciences,interdisciplinary_science,UMass Amherst,waste,40.18214999999999
2016-01-20 04:00:00,4,Mouse_health_Justin,Integrated Sciences,interdisciplinary_science,UMass Amherst,waste,40.032524999999985
2016-01-20 05:00:00,4,Mouse_health_Justin,Integrated Sciences,interdisciplinary_science,UMass Amherst,waste,39.806999999999995
2016-01-20 06:00:00,4,Mouse_health_Justin,Integrated Sciences,interdisciplinary_science,UMass Amherst,waste,39.645149999999994
2016-01-20 07:00:00,4,Mouse_health_Justin,Integrated Sciences,interdisciplinary_science,UMass Amherst,waste,41.7612
2016-01-20 08:00:00,4,Mouse_health_Justin,Integrated Sciences,interdisciplinary_science,UMass Amherst,waste,48.115949999999984
2016-01-20 09:00:00,4,Mouse_health_Justin,Integrated Sciences,interdisciplinary_science,UMass Amherst,waste,51.9111
2016-01-20 10:00:00,4,Mouse_health_Justin,Integrated Sciences,interdisciplinary_science,UMass Amherst,waste,54.513524999999994
2016-01-20 11:00:00,4,Mouse_health_Justin,Integrated Sciences,interdisciplinary_science,UMass Amherst,waste,55.721174999999995
2016-01-20 12:00:00,4,Mouse_health_Justin,Integrated Sciences,interdisciplinary_science,UMass Amherst,waste,56.855475
2016-01-20 13:00:00,4,Mouse_health_Justin,Integrated Sciences,interdisciplinary_science,UMass Amherst,waste,56.69970000000002
2016-01-20 14:00:00,4,Mouse_health_Justin,Integrated Sciences,interdisciplinary_science,UMass Amherst,waste,56.626124999999995
2016-01-20 15:00:00,4,Mouse_health_Justin,Integrated Sciences,interdisciplinary_science,UMass Amherst,waste,56.119875
2016-01-20 16:00:00,4,Mouse_health_Justin,Integrated Sciences,interdisciplinary_science,UMass Amherst,waste,56.165549999999975
2016-01-20 17:00:00,4,Mouse_health_Justin,Integrated Sciences,interdisciplinary_science,UMass Amherst,waste,53.40757500000001
2016-01-20 18:00:00,4,Mouse_health_Justin,Integrated Sciences,interdisciplinary_science,UMass Amherst,waste,50.986125
2016-01-20 19:00:00,4,Mouse_health_Justin,Integrated Sciences,interdisciplinary_science,UMass Amherst,waste,48.128025
2016-01-20 20:00:00,4,Mouse_health_Justin,Integrated Sciences,interdisciplinary_science,UMass Amherst,waste,47.012850000000014
2016-01-20 21:00:00,4,Mouse_health_Justin,Integrated Sciences,interdisciplinary_science,UMass Amherst,waste,43.063874999999996
2016-01-20 22:00:00,4,Mouse_health_Justin,Integrated Sciences,interdisciplinary_science,UMass Amherst,waste,41.45055
2016-01-20 23:00:00,4,Mouse_health_Justin,Integrated Sciences,interdisciplinary_science,UMass Amherst,waste,41.401875
2016-01-21 00:00:00,4,Mouse_health_Justin,Integrated Sciences,interdisciplinary_science,UMass Amherst,waste,41.614875
2016-01-21 01:00:00,4,Mouse_health_Justin,Integrated Sciences,interdisciplinary_science,UMass Amherst,waste,40.96282499999999
2016-01-21 02:00:00,4,Mouse_health_Justin,Integrated Sciences,interdisciplinary_science,UMass Amherst,waste,40.5357
2016-01-21 03:00:00,4,Mouse_health_Justin,Integrated Sciences,interdisciplinary_science,UMass Amherst,waste,40.011525
2016-01-21 04:00:00,4,Mouse_health_Justin,Integrated Sciences,interdisciplinary_science,UMass Amherst,waste,39.571875
2016-01-21 05:00:00,4,Mouse_health_Justin,Integrated Sciences,interdisciplinary_science,UMass Amherst,waste,39.7845
2016-01-21 06:00:00,4,Mouse_health_Justin,Integrated Sciences,interdisciplinary_science,UMass Amherst,waste,40.313774999999985
2016-01-21 07:00:00,4,Mouse_health_Justin,Integrated Sciences,interdisciplinary_science,UMass Amherst,waste,42.77445
2016-01-21 08:00:00,4,Mouse_health_Justin,Integrated Sciences,interdisciplinary_science,UMass Amherst,waste,47.912774999999996
2016-01-21 09:00:00,4,Mouse_health_Justin,Integrated Sciences,interdisciplinary_science,UMass Amherst,waste,51.79522500000002
2016-01-21 10:00:00,4,Mouse_health_Justin,Integrated Sciences,interdisciplinary_science,UMass Amherst,waste,54.22432500000001
2016-01-21 11:00:00,4,Mouse_health_Justin,Integrated Sciences,interdisciplinary_science,UMass Amherst,waste,55.421625
2016-01-21 12:00:00,4,Mouse_health_Justin,Integrated Sciences,interdisciplinary_science,UMass Amherst,waste,57.275775
2016-01-21 13:00:00,4,Mouse_health_Justin,Integrated Sciences,interdisciplinary_science,UMass Amherst,waste,56.4978
2016-01-21 14:00:00,4,Mouse_health_Justin,Integrated Sciences,interdisciplinary_science,UMass Amherst,waste,56.238524999999996
2016-01-21 15:00:00,4,Mouse_health_Justin,Integrated Sciences,interdisciplinary_science,UMass Amherst,waste,56.919525
2016-01-21 16:00:00,4,Mouse_health_Justin,Integrated Sciences,interdisciplinary_science,UMass Amherst,waste,57.02565
2016-01-21 17:00:00,4,Mouse_health_Justin,Integrated Sciences,interdisciplinary_science,UMass Amherst,waste,54.63832500000002
2016-01-21 18:00:00,4,Mouse_health_Justin,Integrated Sciences,interdisciplinary_science,UMass Amherst,waste,50.30595000000002
2016-01-21 19:00:00,4,Mouse_health_Justin,Integrated Sciences,interdisciplinary_science,UMass Amherst,waste,47.2014
2016-01-21 20:00:00,4,Mouse_health_Justin,Integrated Sciences,interdisciplinary_science,UMass Amherst,waste,46.945724999999996
2016-01-21 21:00:00,4,Mouse_health_Justin,Integrated Sciences,interdisciplinary_science,UMass Amherst,waste,43.430175
2016-01-21 22:00:00,4,Mouse_health_Justin,Integrated Sciences,interdisciplinary_science,UMass Amherst,waste,42.045075
2016-01-21 23:00:00,4,Mouse_health_Justin,Integrated Sciences,interdisciplinary_science,UMass Amherst,waste,41.841
2016-01-22 00:00:00,4,Mouse_health_Justin,Integrated Sciences,interdisciplinary_science,UMass Amherst,waste,39.351075
2016-01-22 01:00:00,4,Mouse_health_Justin,Integrated Sciences,interdisciplinary_science,UMass Amherst,waste,40.25205
2016-01-22 02:00:00,4,Mouse_health_Justin,Integrated Sciences,interdisciplinary_science,UMass Amherst,waste,40.389675
2016-01-22 03:00:00,4,Mouse_health_Justin,Integrated Sciences,interdisciplinary_science,UMass Amherst,waste,39.215175
2016-01-22 04:00:00,4,Mouse_health_Justin,Integrated Sciences,interdisciplinary_science,UMass Amherst,waste,38.587425
2016-01-22 05:00:00,4,Mouse_health_Justin,Integrated Sciences,interdisciplinary_science,UMass Amherst,waste,39.102075
2016-01-22 06:00:00,4,Mouse_health_Justin,Integrated Sciences,interdisciplinary_science,UMass Amherst,waste,39.562949999999994
2016-01-22 07:00:00,4,Mouse_health_Justin,Integrated Sciences,interdisciplinary_science,UMass Amherst,waste,41.348175
2016-01-22 08:00:00,4,Mouse_health_Justin,Integrated Sciences,interdisciplinary_science,UMass Amherst,waste,47.30805
2016-01-22 09:00:00,4,Mouse_health_Justin,Integrated Sciences,interdisciplinary_science,UMass Amherst,waste,51.924225
2016-01-22 10:00:00,4,Mouse_health_Justin,Integrated Sciences,interdisciplinary_science,UMass Amherst,waste,53.618475
2016-01-22 11:00:00,4,Mouse_health_Justin,Integrated Sciences,interdisciplinary_science,UMass Amherst,waste,55.981274999999975
2016-01-22 12:00:00,4,Mouse_health_Justin,Integrated Sciences,interdisciplinary_science,UMass Amherst,waste,57.39375
2016-01-22 13:00:00,4,Mouse_health_Justin,Integrated Sciences,interdisciplinary_science,UMass Amherst,waste,57.22935
2016-01-22 14:00:00,4,Mouse_health_Justin,Integrated Sciences,interdisciplinary_science,UMass Amherst,waste,57.4959
2016-01-22 15:00:00,4,Mouse_health_Justin,Integrated Sciences,interdisciplinary_science,UMass Amherst,waste,56.338575
2016-01-22 16:00:00,4,Mouse_health_Justin,Integrated Sciences,interdisciplinary_science,UMass Amherst,waste,57.31095000000002
2016-01-22 17:00:00,4,Mouse_health_Justin,Integrated Sciences,interdisciplinary_science,UMass Amherst,waste,53.873475
2016-01-22 18:00:00,4,Mouse_health_Justin,Integrated Sciences,interdisciplinary_science,UMass Amherst,waste,50.043899999999994
2016-01-22 19:00:00,4,Mouse_health_Justin,Integrated Sciences,interdisciplinary_science,UMass Amherst,waste,47.54369999999999
2016-01-22 20:00:00,4,Mouse_health_Justin,Integrated Sciences,interdisciplinary_science,UMass Amherst,waste,46.28535
2016-01-22 21:00:00,4,Mouse_health_Justin,Integrated Sciences,interdisciplinary_science,UMass Amherst,waste,42.384375
2016-01-22 22:00:00,4,Mouse_health_Justin,Integrated Sciences,interdisciplinary_science,UMass Amherst,waste,40.000575
2016-01-22 23:00:00,4,Mouse_health_Justin,Integrated Sciences,interdisciplinary_science,UMass Amherst,waste,38.16105
2016-01-23 00:00:00,4,Mouse_health_Justin,Integrated Sciences,interdisciplinary_science,UMass Amherst,waste,38.916149999999995
2016-01-23 01:00:00,4,Mouse_health_Justin,Integrated Sciences,interdisciplinary_science,UMass Amherst,waste,38.313825
2016-01-23 02:00:00,4,Mouse_health_Justin,Integrated Sciences,interdisciplinary_science,UMass Amherst,waste,38.231325
2016-01-23 03:00:00,4,Mouse_health_Justin,Integrated Sciences,interdisciplinary_science,UMass Amherst,waste,37.525574999999996
2016-01-23 04:00:00,4,Mouse_health_Justin,Integrated Sciences,interdisciplinary_science,UMass Amherst,waste,37.027274999999996
2016-01-23 05:00:00,4,Mouse_health_Justin,Integrated Sciences,interdisciplinary_science,UMass Amherst,waste,37.025324999999995
2016-01-23 06:00:00,4,Mouse_health_Justin,Integrated Sciences,interdisciplinary_science,UMass Amherst,waste,36.977174999999995
2016-01-23 07:00:00,4,Mouse_health_Justin,Integrated Sciences,interdisciplinary_science,UMass Amherst,waste,37.241175
2016-01-23 08:00:00,4,Mouse_health_Justin,Integrated Sciences,interdisciplinary_science,UMass Amherst,waste,42.0858
2016-01-23 09:00:00,4,Mouse_health_Justin,Integrated Sciences,interdisciplinary_science,UMass Amherst,waste,45.339675
2016-01-23 10:00:00,4,Mouse_health_Justin,Integrated Sciences,interdisciplinary_science,UMass Amherst,waste,46.385325
2016-01-23 11:00:00,4,Mouse_health_Justin,Integrated Sciences,interdisciplinary_science,UMass Amherst,waste,47.938275
2016-01-23 12:00:00,4,Mouse_health_Justin,Integrated Sciences,interdisciplinary_science,UMass Amherst,waste,49.53735
2016-01-23 13:00:00,4,Mouse_health_Justin,Integrated Sciences,interdisciplinary_science,UMass Amherst,waste,49.01805000000001
2016-01-23 14:00:00,4,Mouse_health_Justin,Integrated Sciences,interdisciplinary_science,UMass Amherst,waste,47.817225
2016-01-23 15:00:00,4,Mouse_health_Justin,Integrated Sciences,interdisciplinary_science,UMass Amherst,waste,48.581925
2016-01-23 16:00:00,4,Mouse_health_Justin,Integrated Sciences,interdisciplinary_science,UMass Amherst,waste,48.034800000000004
2016-01-23 17:00:00,4,Mouse_health_Justin,Integrated Sciences,interdisciplinary_science,UMass Amherst,waste,44.738175
2016-01-23 18:00:00,4,Mouse_health_Justin,Integrated Sciences,interdisciplinary_science,UMass Amherst,waste,43.2111
2016-01-23 19:00:00,4,Mouse_health_Justin,Integrated Sciences,interdisciplinary_science,UMass Amherst,waste,42.423975
2016-01-23 20:00:00,4,Mouse_health_Justin,Integrated Sciences,interdisciplinary_science,UMass Amherst,waste,43.27935
2016-01-23 21:00:00,4,Mouse_health_Justin,Integrated Sciences,interdisciplinary_science,UMass Amherst,waste,40.70505
2016-01-23 22:00:00,4,Mouse_health_Justin,Integrated Sciences,interdisciplinary_science,UMass Amherst,waste,40.10835
2016-01-23 23:00:00,4,Mouse_health_Justin,Integrated Sciences,interdisciplinary_science,UMass Amherst,waste,40.098825
2016-01-24 00:00:00,4,Mouse_health_Justin,Integrated Sciences,interdisciplinary_science,UMass Amherst,waste,40.8160875
2016-01-24 01:00:00,4,Mouse_health_Justin,Integrated Sciences,interdisciplinary_science,UMass Amherst,waste,39.068925
2016-01-24 02:00:00,4,Mouse_health_Justin,Integrated Sciences,interdisciplinary_science,UMass Amherst,waste,39.20002499999998
2016-01-24 03:00:00,4,Mouse_health_Justin,Integrated Sciences,interdisciplinary_science,UMass Amherst,waste,38.791875
2016-01-24 04:00:00,4,Mouse_health_Justin,Integrated Sciences,interdisciplinary_science,UMass Amherst,waste,37.7667
2016-01-24 05:00:00,4,Mouse_health_Justin,Integrated Sciences,interdisciplinary_science,UMass Amherst,waste,38.436899999999994
2016-01-24 06:00:00,4,Mouse_health_Justin,Integrated Sciences,interdisciplinary_science,UMass Amherst,waste,38.55
2016-01-24 07:00:00,4,Mouse_health_Justin,Integrated Sciences,interdisciplinary_science,UMass Amherst,waste,38.7471
2016-01-24 08:00:00,4,Mouse_health_Justin,Integrated Sciences,interdisciplinary_science,UMass Amherst,waste,42.88155
2016-01-24 09:00:00,4,Mouse_health_Justin,Integrated Sciences,interdisciplinary_science,UMass Amherst,waste,45.575925
2016-01-24 10:00:00,4,Mouse_health_Justin,Integrated Sciences,interdisciplinary_science,UMass Amherst,waste,46.047000000000004
2016-01-24 11:00:00,4,Mouse_health_Justin,Integrated Sciences,interdisciplinary_science,UMass Amherst,waste,47.240399999999994
2016-01-24 12:00:00,4,Mouse_health_Justin,Integrated Sciences,interdisciplinary_science,UMass Amherst,waste,50.005275
2016-01-24 13:00:00,4,Mouse_health_Justin,Integrated Sciences,interdisciplinary_science,UMass Amherst,waste,49.118249999999996
2016-01-24 14:00:00,4,Mouse_health_Justin,Integrated Sciences,interdisciplinary_science,UMass Amherst,waste,49.2879
2016-01-24 15:00:00,4,Mouse_health_Justin,Integrated Sciences,interdisciplinary_science,UMass Amherst,waste,48.212550000000014
2016-01-24 16:00:00,4,Mouse_health_Justin,Integrated Sciences,interdisciplinary_science,UMass Amherst,waste,49.79902499999999
2016-01-24 17:00:00,4,Mouse_health_Justin,Integrated Sciences,interdisciplinary_science,UMass Amherst,waste,47.472225000000016
2016-01-24 18:00:00,4,Mouse_health_Justin,Integrated Sciences,interdisciplinary_science,UMass Amherst,waste,45.592425
2016-01-24 19:00:00,4,Mouse_health_Justin,Integrated Sciences,interdisciplinary_science,UMass Amherst,waste,44.084174999999995
2016-01-24 20:00:00,4,Mouse_health_Justin,Integrated Sciences,interdisciplinary_science,UMass Amherst,waste,43.735125
2016-01-24 21:00:00,4,Mouse_health_Justin,Integrated Sciences,interdisciplinary_science,UMass Amherst,waste,41.83965
2016-01-24 22:00:00,4,Mouse_health_Justin,Integrated Sciences,interdisciplinary_science,UMass Amherst,waste,41.443349999999995
2016-01-24 23:00:00,4,Mouse_health_Justin,Integrated Sciences,interdisciplinary_science,UMass Amherst,waste,41.78865
2016-01-25 00:00:00,4,Mouse_health_Justin,Integrated Sciences,interdisciplinary_science,UMass Amherst,waste,40.1848125
2016-01-25 01:00:00,4,Mouse_health_Justin,Integrated Sciences,interdisciplinary_science,UMass Amherst,waste,39.8025
2016-01-25 02:00:00,4,Mouse_health_Justin,Integrated Sciences,interdisciplinary_science,UMass Amherst,waste,39.584475
2016-01-25 03:00:00,4,Mouse_health_Justin,Integrated Sciences,interdisciplinary_science,UMass Amherst,waste,39.786975000000005
2016-01-25 04:00:00,4,Mouse_health_Justin,Integrated Sciences,interdisciplinary_science,UMass Amherst,waste,39.905625
2016-01-25 05:00:00,4,Mouse_health_Justin,Integrated Sciences,interdisciplinary_science,UMass Amherst,waste,39.56010000000001
2016-01-25 06:00:00,4,Mouse_health_Justin,Integrated Sciences,interdisciplinary_science,UMass Amherst,waste,39.287025
2016-01-25 07:00:00,4,Mouse_health_Justin,Integrated Sciences,interdisciplinary_science,UMass Amherst,waste,41.23155
2016-01-25 08:00:00,4,Mouse_health_Justin,Integrated Sciences,interdisciplinary_science,UMass Amherst,waste,47.593125
2016-01-25 09:00:00,4,Mouse_health_Justin,Integrated Sciences,interdisciplinary_science,UMass Amherst,waste,51.042525
2016-01-25 10:00:00,4,Mouse_health_Justin,Integrated Sciences,interdisciplinary_science,UMass Amherst,waste,53.51025
2016-01-25 11:00:00,4,Mouse_health_Justin,Integrated Sciences,interdisciplinary_science,UMass Amherst,waste,54.7086
2016-01-25 12:00:00,4,Mouse_health_Justin,Integrated Sciences,interdisciplinary_science,UMass Amherst,waste,56.413799999999995
2016-01-25 13:00:00,4,Mouse_health_Justin,Integrated Sciences,interdisciplinary_science,UMass Amherst,waste,57.140700000000024
2016-01-25 14:00:00,4,Mouse_health_Justin,Integrated Sciences,interdisciplinary_science,UMass Amherst,waste,57.51255
2016-01-25 15:00:00,4,Mouse_health_Justin,Integrated Sciences,interdisciplinary_science,UMass Amherst,waste,56.605125
2016-01-25 16:00:00,4,Mouse_health_Justin,Integrated Sciences,interdisciplinary_science,UMass Amherst,waste,57.38699999999999
2016-01-25 17:00:00,4,Mouse_health_Justin,Integrated Sciences,interdisciplinary_science,UMass Amherst,waste,55.296825000000005
2016-01-25 18:00:00,4,Mouse_health_Justin,Integrated Sciences,interdisciplinary_science,UMass Amherst,waste,50.988
2016-01-25 19:00:00,4,Mouse_health_Justin,Integrated Sciences,interdisciplinary_science,UMass Amherst,waste,48.86745
2016-01-25 20:00:00,4,Mouse_health_Justin,Integrated Sciences,interdisciplinary_science,UMass Amherst,waste,46.71037499999999
2016-01-25 21:00:00,4,Mouse_health_Justin,Integrated Sciences,interdisciplinary_science,UMass Amherst,waste,42.94005
2016-01-25 22:00:00,4,Mouse_health_Justin,Integrated Sciences,interdisciplinary_science,UMass Amherst,waste,39.385949999999994
2016-01-25 23:00:00,4,Mouse_health_Justin,Integrated Sciences,interdisciplinary_science,UMass Amherst,waste,39.656699999999994
2016-01-26 00:00:00,4,Mouse_health_Justin,Integrated Sciences,interdisciplinary_science,UMass Amherst,waste,40.1907
2016-01-26 01:00:00,4,Mouse_health_Justin,Integrated Sciences,interdisciplinary_science,UMass Amherst,waste,38.919599999999996
2016-01-26 02:00:00,4,Mouse_health_Justin,Integrated Sciences,interdisciplinary_science,UMass Amherst,waste,39.269774999999996
2016-01-26 03:00:00,4,Mouse_health_Justin,Integrated Sciences,interdisciplinary_science,UMass Amherst,waste,38.588175
2016-01-26 04:00:00,4,Mouse_health_Justin,Integrated Sciences,interdisciplinary_science,UMass Amherst,waste,37.7235
2016-01-26 05:00:00,4,Mouse_health_Justin,Integrated Sciences,interdisciplinary_science,UMass Amherst,waste,37.979775
2016-01-26 06:00:00,4,Mouse_health_Justin,Integrated Sciences,interdisciplinary_science,UMass Amherst,waste,37.514925
2016-01-26 07:00:00,4,Mouse_health_Justin,Integrated Sciences,interdisciplinary_science,UMass Amherst,waste,39.170774999999985
2016-01-26 08:00:00,4,Mouse_health_Justin,Integrated Sciences,interdisciplinary_science,UMass Amherst,waste,47.32635
2016-01-26 09:00:00,4,Mouse_health_Justin,Integrated Sciences,interdisciplinary_science,UMass Amherst,waste,50.89642499999999
2016-01-26 10:00:00,4,Mouse_health_Justin,Integrated Sciences,interdisciplinary_science,UMass Amherst,waste,55.01010000000002
2016-01-26 11:00:00,4,Mouse_health_Justin,Integrated Sciences,interdisciplinary_science,UMass Amherst,waste,55.13625
2016-01-26 12:00:00,4,Mouse_health_Justin,Integrated Sciences,interdisciplinary_science,UMass Amherst,waste,56.6721
2016-01-26 13:00:00,4,Mouse_health_Justin,Integrated Sciences,interdisciplinary_science,UMass Amherst,waste,56.778
2016-01-26 14:00:00,4,Mouse_health_Justin,Integrated Sciences,interdisciplinary_science,UMass Amherst,waste,56.701125
2016-01-26 15:00:00,4,Mouse_health_Justin,Integrated Sciences,interdisciplinary_science,UMass Amherst,waste,56.46532500000002
2016-01-26 16:00:00,4,Mouse_health_Justin,Integrated Sciences,interdisciplinary_science,UMass Amherst,waste,57.25575
2016-01-26 17:00:00,4,Mouse_health_Justin,Integrated Sciences,interdisciplinary_science,UMass Amherst,waste,54.4716
2016-01-26 18:00:00,4,Mouse_health_Justin,Integrated Sciences,interdisciplinary_science,UMass Amherst,waste,51.574725
2016-01-26 19:00:00,4,Mouse_health_Justin,Integrated Sciences,interdisciplinary_science,UMass Amherst,waste,48.355425000000004
2016-01-26 20:00:00,4,Mouse_health_Justin,Integrated Sciences,interdisciplinary_science,UMass Amherst,waste,47.422124999999994
2016-01-26 21:00:00,4,Mouse_health_Justin,Integrated Sciences,interdisciplinary_science,UMass Amherst,waste,44.187225
2016-01-26 22:00:00,4,Mouse_health_Justin,Integrated Sciences,interdisciplinary_science,UMass Amherst,waste,41.697675000000004
2016-01-26 23:00:00,4,Mouse_health_Justin,Integrated Sciences,interdisciplinary_science,UMass Amherst,waste,41.166
2016-01-27 00:00:00,4,Mouse_health_Justin,Integrated Sciences,interdisciplinary_science,UMass Amherst,waste,40.5268125
2016-01-27 01:00:00,4,Mouse_health_Justin,Integrated Sciences,interdisciplinary_science,UMass Amherst,waste,40.460699999999996
2016-01-27 02:00:00,4,Mouse_health_Justin,Integrated Sciences,interdisciplinary_science,UMass Amherst,waste,40.885725
2016-01-27 03:00:00,4,Mouse_health_Justin,Integrated Sciences,interdisciplinary_science,UMass Amherst,waste,39.61672500000001
2016-01-27 04:00:00,4,Mouse_health_Justin,Integrated Sciences,interdisciplinary_science,UMass Amherst,waste,39.0213
2016-01-27 05:00:00,4,Mouse_health_Justin,Integrated Sciences,interdisciplinary_science,UMass Amherst,waste,39.056475
2016-01-27 06:00:00,4,Mouse_health_Justin,Integrated Sciences,interdisciplinary_science,UMass Amherst,waste,39.984375
2016-01-27 07:00:00,4,Mouse_health_Justin,Integrated Sciences,interdisciplinary_science,UMass Amherst,waste,41.1768
2016-01-27 08:00:00,4,Mouse_health_Justin,Integrated Sciences,interdisciplinary_science,UMass Amherst,waste,48.773025
2016-01-27 09:00:00,4,Mouse_health_Justin,Integrated Sciences,interdisciplinary_science,UMass Amherst,waste,52.084424999999996
2016-01-27 10:00:00,4,Mouse_health_Justin,Integrated Sciences,interdisciplinary_science,UMass Amherst,waste,54.98670000000002
2016-01-27 11:00:00,4,Mouse_health_Justin,Integrated Sciences,interdisciplinary_science,UMass Amherst,waste,56.682899999999975
2016-01-27 12:00:00,4,Mouse_health_Justin,Integrated Sciences,interdisciplinary_science,UMass Amherst,waste,57.722475
2016-01-27 13:00:00,4,Mouse_health_Justin,Integrated Sciences,interdisciplinary_science,UMass Amherst,waste,57.50985
2016-01-27 14:00:00,4,Mouse_health_Justin,Integrated Sciences,interdisciplinary_science,UMass Amherst,waste,56.45677499999999
2016-01-27 15:00:00,4,Mouse_health_Justin,Integrated Sciences,interdisciplinary_science,UMass Amherst,waste,56.37825
2016-01-27 16:00:00,4,Mouse_health_Justin,Integrated Sciences,interdisciplinary_science,UMass Amherst,waste,56.468624999999996
2016-01-27 17:00:00,4,Mouse_health_Justin,Integrated Sciences,interdisciplinary_science,UMass Amherst,waste,54.481575
2016-01-27 18:00:00,4,Mouse_health_Justin,Integrated Sciences,interdisciplinary_science,UMass Amherst,waste,49.9737
2016-01-27 19:00:00,4,Mouse_health_Justin,Integrated Sciences,interdisciplinary_science,UMass Amherst,waste,46.007475
2016-01-27 20:00:00,4,Mouse_health_Justin,Integrated Sciences,interdisciplinary_science,UMass Amherst,waste,45.299324999999996
2016-01-27 21:00:00,4,Mouse_health_Justin,Integrated Sciences,interdisciplinary_science,UMass Amherst,waste,41.97780000000001
2016-01-27 22:00:00,4,Mouse_health_Justin,Integrated Sciences,interdisciplinary_science,UMass Amherst,waste,40.4013
2016-01-27 23:00:00,4,Mouse_health_Justin,Integrated Sciences,interdisciplinary_science,UMass Amherst,waste,40.64407499999999
2016-01-28 00:00:00,4,Mouse_health_Justin,Integrated Sciences,interdisciplinary_science,UMass Amherst,waste,40.636162500000005
2016-01-28 01:00:00,4,Mouse_health_Justin,Integrated Sciences,interdisciplinary_science,UMass Amherst,waste,40.16482499999999
2016-01-28 02:00:00,4,Mouse_health_Justin,Integrated Sciences,interdisciplinary_science,UMass Amherst,waste,39.782624999999996
2016-01-28 03:00:00,4,Mouse_health_Justin,Integrated Sciences,interdisciplinary_science,UMass Amherst,waste,38.933324999999996
2016-01-28 04:00:00,4,Mouse_health_Justin,Integrated Sciences,interdisciplinary_science,UMass Amherst,waste,38.134575
2016-01-28 05:00:00,4,Mouse_health_Justin,Integrated Sciences,interdisciplinary_science,UMass Amherst,waste,38.1045
2016-01-28 06:00:00,4,Mouse_health_Justin,Integrated Sciences,interdisciplinary_science,UMass Amherst,waste,39.023925
2016-01-28 07:00:00,4,Mouse_health_Justin,Integrated Sciences,interdisciplinary_science,UMass Amherst,waste,42.152924999999996
2016-01-28 08:00:00,4,Mouse_health_Justin,Integrated Sciences,interdisciplinary_science,UMass Amherst,waste,48.132600000000004
2016-01-28 09:00:00,4,Mouse_health_Justin,Integrated Sciences,interdisciplinary_science,UMass Amherst,waste,51.65325
2016-01-28 10:00:00,4,Mouse_health_Justin,Integrated Sciences,interdisciplinary_science,UMass Amherst,waste,54.41872500000002
2016-01-28 11:00:00,4,Mouse_health_Justin,Integrated Sciences,interdisciplinary_science,UMass Amherst,waste,55.74225
2016-01-28 12:00:00,4,Mouse_health_Justin,Integrated Sciences,interdisciplinary_science,UMass Amherst,waste,57.68084999999999
2016-01-28 13:00:00,4,Mouse_health_Justin,Integrated Sciences,interdisciplinary_science,UMass Amherst,waste,56.927249999999994
2016-01-28 14:00:00,4,Mouse_health_Justin,Integrated Sciences,interdisciplinary_science,UMass Amherst,waste,56.47154999999999
2016-01-28 15:00:00,4,Mouse_health_Justin,Integrated Sciences,interdisciplinary_science,UMass Amherst,waste,55.671974999999996
2016-01-28 16:00:00,4,Mouse_health_Justin,Integrated Sciences,interdisciplinary_science,UMass Amherst,waste,55.86165
2016-01-28 17:00:00,4,Mouse_health_Justin,Integrated Sciences,interdisciplinary_science,UMass Amherst,waste,53.76
2016-01-28 18:00:00,4,Mouse_health_Justin,Integrated Sciences,interdisciplinary_science,UMass Amherst,waste,50.433825
2016-01-28 19:00:00,4,Mouse_health_Justin,Integrated Sciences,interdisciplinary_science,UMass Amherst,waste,47.798249999999996
2016-01-28 20:00:00,4,Mouse_health_Justin,Integrated Sciences,interdisciplinary_science,UMass Amherst,waste,46.504200000000004
2016-01-28 21:00:00,4,Mouse_health_Justin,Integrated Sciences,interdisciplinary_science,UMass Amherst,waste,43.00035000000001
2016-01-28 22:00:00,4,Mouse_health_Justin,Integrated Sciences,interdisciplinary_science,UMass Amherst,waste,42.0276
2016-01-28 23:00:00,4,Mouse_health_Justin,Integrated Sciences,interdisciplinary_science,UMass Amherst,waste,41.666775
2016-01-29 00:00:00,4,Mouse_health_Justin,Integrated Sciences,interdisciplinary_science,UMass Amherst,waste,40.1381625
2016-01-29 01:00:00,4,Mouse_health_Justin,Integrated Sciences,interdisciplinary_science,UMass Amherst,waste,40.61805000000001
2016-01-29 02:00:00,4,Mouse_health_Justin,Integrated Sciences,interdisciplinary_science,UMass Amherst,waste,40.126949999999994
2016-01-29 03:00:00,4,Mouse_health_Justin,Integrated Sciences,interdisciplinary_science,UMass Amherst,waste,39.3135
2016-01-29 04:00:00,4,Mouse_health_Justin,Integrated Sciences,interdisciplinary_science,UMass Amherst,waste,39.012225
2016-01-29 05:00:00,4,Mouse_health_Justin,Integrated Sciences,interdisciplinary_science,UMass Amherst,waste,39.786
2016-01-29 06:00:00,4,Mouse_health_Justin,Integrated Sciences,interdisciplinary_science,UMass Amherst,waste,39.5217
2016-01-29 07:00:00,4,Mouse_health_Justin,Integrated Sciences,interdisciplinary_science,UMass Amherst,waste,40.022175
2016-01-29 08:00:00,4,Mouse_health_Justin,Integrated Sciences,interdisciplinary_science,UMass Amherst,waste,46.542825
2016-01-29 09:00:00,4,Mouse_health_Justin,Integrated Sciences,interdisciplinary_science,UMass Amherst,waste,50.21767499999999
2016-01-29 10:00:00,4,Mouse_health_Justin,Integrated Sciences,interdisciplinary_science,UMass Amherst,waste,52.982175
2016-01-29 11:00:00,4,Mouse_health_Justin,Integrated Sciences,interdisciplinary_science,UMass Amherst,waste,54.889275
2016-01-29 12:00:00,4,Mouse_health_Justin,Integrated Sciences,interdisciplinary_science,UMass Amherst,waste,56.23215
2016-01-29 13:00:00,4,Mouse_health_Justin,Integrated Sciences,interdisciplinary_science,UMass Amherst,waste,56.0325
2016-01-29 14:00:00,4,Mouse_health_Justin,Integrated Sciences,interdisciplinary_science,UMass Amherst,waste,55.2966
2016-01-29 15:00:00,4,Mouse_health_Justin,Integrated Sciences,interdisciplinary_science,UMass Amherst,waste,54.717375000000004
2016-01-29 16:00:00,4,Mouse_health_Justin,Integrated Sciences,interdisciplinary_science,UMass Amherst,waste,55.593975
2016-01-29 17:00:00,4,Mouse_health_Justin,Integrated Sciences,interdisciplinary_science,UMass Amherst,waste,52.616475
2016-01-29 18:00:00,4,Mouse_health_Justin,Integrated Sciences,interdisciplinary_science,UMass Amherst,waste,49.064625
2016-01-29 19:00:00,4,Mouse_health_Justin,Integrated Sciences,interdisciplinary_science,UMass Amherst,waste,45.528299999999994
2016-01-29 20:00:00,4,Mouse_health_Justin,Integrated Sciences,interdisciplinary_science,UMass Amherst,waste,44.941275
2016-01-29 21:00:00,4,Mouse_health_Justin,Integrated Sciences,interdisciplinary_science,UMass Amherst,waste,41.60175
2016-01-29 22:00:00,4,Mouse_health_Justin,Integrated Sciences,interdisciplinary_science,UMass Amherst,waste,39.74985
2016-01-29 23:00:00,4,Mouse_health_Justin,Integrated Sciences,interdisciplinary_science,UMass Amherst,waste,39.928875
2016-01-30 00:00:00,4,Mouse_health_Justin,Integrated Sciences,interdisciplinary_science,UMass Amherst,waste,41.18201249999999
2016-01-30 01:00:00,4,Mouse_health_Justin,Integrated Sciences,interdisciplinary_science,UMass Amherst,waste,40.01895
2016-01-30 02:00:00,4,Mouse_health_Justin,Integrated Sciences,interdisciplinary_science,UMass Amherst,waste,40.379324999999994
2016-01-30 03:00:00,4,Mouse_health_Justin,Integrated Sciences,interdisciplinary_science,UMass Amherst,waste,38.940975000000016
2016-01-30 04:00:00,4,Mouse_health_Justin,Integrated Sciences,interdisciplinary_science,UMass Amherst,waste,39.13462499999999
2016-01-30 05:00:00,4,Mouse_health_Justin,Integrated Sciences,interdisciplinary_science,UMass Amherst,waste,39.43717500000001
2016-01-30 06:00:00,4,Mouse_health_Justin,Integrated Sciences,interdisciplinary_science,UMass Amherst,waste,39.117075
2016-01-30 07:00:00,4,Mouse_health_Justin,Integrated Sciences,interdisciplinary_science,UMass Amherst,waste,38.895375
2016-01-30 08:00:00,4,Mouse_health_Justin,Integrated Sciences,interdisciplinary_science,UMass Amherst,waste,43.9212
2016-01-30 09:00:00,4,Mouse_health_Justin,Integrated Sciences,interdisciplinary_science,UMass Amherst,waste,45.815475
2016-01-30 10:00:00,4,Mouse_health_Justin,Integrated Sciences,interdisciplinary_science,UMass Amherst,waste,46.76805000000001
2016-01-30 11:00:00,4,Mouse_health_Justin,Integrated Sciences,interdisciplinary_science,UMass Amherst,waste,47.64165
2016-01-30 12:00:00,4,Mouse_health_Justin,Integrated Sciences,interdisciplinary_science,UMass Amherst,waste,49.0737
2016-01-30 13:00:00,4,Mouse_health_Justin,Integrated Sciences,interdisciplinary_science,UMass Amherst,waste,48.150600000000004
2016-01-30 14:00:00,4,Mouse_health_Justin,Integrated Sciences,interdisciplinary_science,UMass Amherst,waste,49.754325000000016
2016-01-30 15:00:00,4,Mouse_health_Justin,Integrated Sciences,interdisciplinary_science,UMass Amherst,waste,49.964475
2016-01-30 16:00:00,4,Mouse_health_Justin,Integrated Sciences,interdisciplinary_science,UMass Amherst,waste,50.941875
2016-01-30 17:00:00,4,Mouse_health_Justin,Integrated Sciences,interdisciplinary_science,UMass Amherst,waste,48.510675
2016-01-30 18:00:00,4,Mouse_health_Justin,Integrated Sciences,interdisciplinary_science,UMass Amherst,waste,46.627500000000005
2016-01-30 19:00:00,4,Mouse_health_Justin,Integrated Sciences,interdisciplinary_science,UMass Amherst,waste,44.838074999999996
2016-01-30 20:00:00,4,Mouse_health_Justin,Integrated Sciences,interdisciplinary_science,UMass Amherst,waste,45.0168
2016-01-30 21:00:00,4,Mouse_health_Justin,Integrated Sciences,interdisciplinary_science,UMass Amherst,waste,42.729675
2016-01-30 22:00:00,4,Mouse_health_Justin,Integrated Sciences,interdisciplinary_science,UMass Amherst,waste,41.716125
2016-01-30 23:00:00,4,Mouse_health_Justin,Integrated Sciences,interdisciplinary_science,UMass Amherst,waste,42.473625000000006
2016-01-01 00:00:00,5,Mouse_lodging_Vicente,Recreation Center,recreation,UMass Amherst,waste,0.6
2016-01-01 01:00:00,5,Mouse_lodging_Vicente,Recreation Center,recreation,UMass Amherst,waste,1.7999999999999998
2016-01-01 02:00:00,5,Mouse_lodging_Vicente,Recreation Center,recreation,UMass Amherst,waste,1.7999999999999998
2016-01-01 03:00:00,5,Mouse_lodging_Vicente,Recreation Center,recreation,UMass Amherst,waste,1.2
2016-01-01 04:00:00,5,Mouse_lodging_Vicente,Recreation Center,recreation,UMass Amherst,waste,1.7999999999999998
2016-01-01 05:00:00,5,Mouse_lodging_Vicente,Recreation Center,recreation,UMass Amherst,waste,1.7999999999999998
2016-01-01 06:00:00,5,Mouse_lodging_Vicente,Recreation Center,recreation,UMass Amherst,waste,1.2
2016-01-01 07:00:00,5,Mouse_lodging_Vicente,Recreation Center,recreation,UMass Amherst,waste,2.4
2016-01-01 08:00:00,5,Mouse_lodging_Vicente,Recreation Center,recreation,UMass Amherst,waste,1.7999999999999998
2016-01-01 09:00:00,5,Mouse_lodging_Vicente,Recreation Center,recreation,UMass Amherst,waste,2.4
2016-01-01 10:00:00,5,Mouse_lodging_Vicente,Recreation Center,recreation,UMass Amherst,waste,2.4
2016-01-01 11:00:00,5,Mouse_lodging_Vicente,Recreation Center,recreation,UMass Amherst,waste,1.7999999999999998
2016-01-01 12:00:00,5,Mouse_lodging_Vicente,Recreation Center,recreation,UMass Amherst,waste,2.4
2016-01-01 13:00:00,5,Mouse_lodging_Vicente,Recreation Center,recreation,UMass Amherst,waste,2.4
2016-01-01 14:00:00,5,Mouse_lodging_Vicente,Recreation Center,recreation,UMass Amherst,waste,1.7999999999999998
2016-01-01 15:00:00,5,Mouse_lodging_Vicente,Recreation Center,recreation,UMass Amherst,waste,2.4
2016-01-01 16:00:00,5,Mouse_lodging_Vicente,Recreation Center,recreation,UMass Amherst,waste,2.4
2016-01-01 17:00:00,5,Mouse_lodging_Vicente,Recreation Center,recreation,UMass Amherst,waste,1.7999999999999998
2016-01-01 18:00:00,5,Mouse_lodging_Vicente,Recreation Center,recreation,UMass Amherst,waste,2.4
2016-01-01 19:00:00,5,Mouse_lodging_Vicente,Recreation Center,recreation,UMass Amherst,waste,2.4
2016-01-01 20:00:00,5,Mouse_lodging_Vicente,Recreation Center,recreation,UMass Amherst,waste,1.7999999999999998
2016-01-01 21:00:00,5,Mouse_lodging_Vicente,Recreation Center,recreation,UMass Amherst,waste,2.4
2016-01-01 22:00:00,5,Mouse_lodging_Vicente,Recreation Center,recreation,UMass Amherst,waste,2.4
2016-01-01 23:00:00,5,Mouse_lodging_Vicente,Recreation Center,recreation,UMass Amherst,waste,1.7999999999999998
2016-01-02 00:00:00,5,Mouse_lodging_Vicente,Recreation Center,recreation,UMass Amherst,waste,2.4
2016-01-02 01:00:00,5,Mouse_lodging_Vicente,Recreation Center,recreation,UMass Amherst,waste,1.2
2016-01-02 02:00:00,5,Mouse_lodging_Vicente,Recreation Center,recreation,UMass Amherst,waste,1.7999999999999998
2016-01-02 03:00:00,5,Mouse_lodging_Vicente,Recreation Center,recreation,UMass Amherst,waste,1.7999999999999998
2016-01-02 04:00:00,5,Mouse_lodging_Vicente,Recreation Center,recreation,UMass Amherst,waste,1.2
2016-01-02 05:00:00,5,Mouse_lodging_Vicente,Recreation Center,recreation,UMass Amherst,waste,1.7999999999999998
2016-01-02 06:00:00,5,Mouse_lodging_Vicente,Recreation Center,recreation,UMass Amherst,waste,1.7999999999999998
2016-01-02 07:00:00,5,Mouse_lodging_Vicente,Recreation Center,recreation,UMass Amherst,waste,1.7999999999999998
2016-01-02 08:00:00,5,Mouse_lodging_Vicente,Recreation Center,recreation,UMass Amherst,waste,1.7999999999999998
2016-01-02 09:00:00,5,Mouse_lodging_Vicente,Recreation Center,recreation,UMass Amherst,waste,2.4
2016-01-02 10:00:00,5,Mouse_lodging_Vicente,Recreation Center,recreation,UMass Amherst,waste,2.4
2016-01-02 11:00:00,5,Mouse_lodging_Vicente,Recreation Center,recreation,UMass Amherst,waste,1.7999999999999998
2016-01-02 12:00:00,5,Mouse_lodging_Vicente,Recreation Center,recreation,UMass Amherst,waste,2.4
2016-01-02 13:00:00,5,Mouse_lodging_Vicente,Recreation Center,recreation,UMass Amherst,waste,2.4
2016-01-02 14:00:00,5,Mouse_lodging_Vicente,Recreation Center,recreation,UMass Amherst,waste,2.4
2016-01-02 15:00:00,5,Mouse_lodging_Vicente,Recreation Center,recreation,UMass Amherst,waste,1.7999999999999998
2016-01-02 16:00:00,5,Mouse_lodging_Vicente,Recreation Center,recreation,UMass Amherst,waste,2.4
2016-01-02 17:00:00,5,Mouse_lodging_Vicente,Recreation Center,recreation,UMass Amherst,waste,2.4
2016-01-02 18:00:00,5,Mouse_lodging_Vicente,Recreation Center,recreation,UMass Amherst,waste,1.7999999999999998
2016-01-02 19:00:00,5,Mouse_lodging_Vicente,Recreation Center,recreation,UMass Amherst,waste,2.4
2016-01-02 20:00:00,5,Mouse_lodging_Vicente,Recreation Center,recreation,UMass Amherst,waste,2.4
2016-01-02 21:00:00,5,Mouse_lodging_Vicente,Recreation Center,recreation,UMass Amherst,waste,1.7999999999999998
2016-01-02 22:00:00,5,Mouse_lodging_Vicente,Recreation Center,recreation,UMass Amherst,waste,2.4
2016-01-02 23:00:00,5,Mouse_lodging_Vicente,Recreation Center,recreation,UMass Amherst,waste,1.7999999999999998
2016-01-03 00:00:00,5,Mouse_lodging_Vicente,Recreation Center,recreation,UMass Amherst,waste,1.2
2016-01-03 01:00:00,5,Mouse_lodging_Vicente,Recreation Center,recreation,UMass Amherst,waste,1.7999999999999998
2016-01-03 02:00:00,5,Mouse_lodging_Vicente,Recreation Center,recreation,UMass Amherst,waste,1.2
2016-01-03 03:00:00,5,Mouse_lodging_Vicente,Recreation Center,recreation,UMass Amherst,waste,1.7999999999999998
2016-01-03 04:00:00,5,Mouse_lodging_Vicente,Recreation Center,recreation,UMass Amherst,waste,1.7999999999999998
2016-01-03 05:00:00,5,Mouse_lodging_Vicente,Recreation Center,recreation,UMass Amherst,waste,1.2
2016-01-03 06:00:00,5,Mouse_lodging_Vicente,Recreation Center,recreation,UMass Amherst,waste,1.7999999999999998
2016-01-03 07:00:00,5,Mouse_lodging_Vicente,Recreation Center,recreation,UMass Amherst,waste,1.7999999999999998
2016-01-03 08:00:00,5,Mouse_lodging_Vicente,Recreation Center,recreation,UMass Amherst,waste,2.4
2016-01-03 09:00:00,5,Mouse_lodging_Vicente,Recreation Center,recreation,UMass Amherst,waste,1.7999999999999998
2016-01-03 10:00:00,5,Mouse_lodging_Vicente,Recreation Center,recreation,UMass Amherst,waste,2.4
2016-01-03 11:00:00,5,Mouse_lodging_Vicente,Recreation Center,recreation,UMass Amherst,waste,2.4
2016-01-03 12:00:00,5,Mouse_lodging_Vicente,Recreation Center,recreation,UMass Amherst,waste,1.7999999999999998
2016-01-03 13:00:00,5,Mouse_lodging_Vicente,Recreation Center,recreation,UMass Amherst,waste,2.4
2016-01-03 14:00:00,5,Mouse_lodging_Vicente,Recreation Center,recreation,UMass Amherst,waste,1.7999999999999998
2016-01-03 15:00:00,5,Mouse_lodging_Vicente,Recreation Center,recreation,UMass Amherst,waste,2.4
2016-01-03 16:00:00,5,Mouse_lodging_Vicente,Recreation Center,recreation,UMass Amherst,waste,2.4
2016-01-03 17:00:00,5,Mouse_lodging_Vicente,Recreation Center,recreation,UMass Amherst,waste,2.4
2016-01-03 18:00:00,5,Mouse_lodging_Vicente,Recreation Center,recreation,UMass Amherst,waste,2.4
2016-01-03 19:00:00,5,Mouse_lodging_Vicente,Recreation Center,recreation,UMass Amherst,waste,2.4
2016-01-03 20:00:00,5,Mouse_lodging_Vicente,Recreation Center,recreation,UMass Amherst,waste,2.4
2016-01-03 21:00:00,5,Mouse_lodging_Vicente,Recreation Center,recreation,UMass Amherst,waste,2.4
2016-01-03 22:00:00,5,Mouse_lodging_Vicente,Recreation Center,recreation,UMass Amherst,waste,2.4
2016-01-03 23:00:00,5,Mouse_lodging_Vicente,Recreation Center,recreation,UMass Amherst,waste,2.4
2016-01-04 00:00:00,5,Mouse_lodging_Vicente,Recreation Center,recreation,UMass Amherst,waste,2.4
2016-01-04 01:00:00,5,Mouse_lodging_Vicente,Recreation Center,recreation,UMass Amherst,waste,1.7999999999999998
2016-01-04 02:00:00,5,Mouse_lodging_Vicente,Recreation Center,recreation,UMass Amherst,waste,1.2
2016-01-04 03:00:00,5,Mouse_lodging_Vicente,Recreation Center,recreation,UMass Amherst,waste,1.7999999999999998
2016-01-04 04:00:00,5,Mouse_lodging_Vicente,Recreation Center,recreation,UMass Amherst,waste,1.7999999999999998
2016-01-04 05:00:00,5,Mouse_lodging_Vicente,Recreation Center,recreation,UMass Amherst,waste,1.7999999999999998
2016-01-04 06:00:00,5,Mouse_lodging_Vicente,Recreation Center,recreation,UMass Amherst,waste,1.7999999999999998
2016-01-04 07:00:00,5,Mouse_lodging_Vicente,Recreation Center,recreation,UMass Amherst,waste,1.7999999999999998
2016-01-04 08:00:00,5,Mouse_lodging_Vicente,Recreation Center,recreation,UMass Amherst,waste,2.4
2016-01-04 09:00:00,5,Mouse_lodging_Vicente,Recreation Center,recreation,UMass Amherst,waste,2.4
2016-01-04 10:00:00,5,Mouse_lodging_Vicente,Recreation Center,recreation,UMass Amherst,waste,2.4
2016-01-04 11:00:00,5,Mouse_lodging_Vicente,Recreation Center,recreation,UMass Amherst,waste,2.4
2016-01-04 12:00:00,5,Mouse_lodging_Vicente,Recreation Center,recreation,UMass Amherst,waste,3.0
2016-01-04 13:00:00,5,Mouse_lodging_Vicente,Recreation Center,recreation,UMass Amherst,waste,3.0
2016-01-04 14:00:00,5,Mouse_lodging_Vicente,Recreation Center,recreation,UMass Amherst,waste,2.4
2016-01-04 15:00:00,5,Mouse_lodging_Vicente,Recreation Center,recreation,UMass Amherst,waste,2.4
2016-01-04 16:00:00,5,Mouse_lodging_Vicente,Recreation Center,recreation,UMass Amherst,waste,3.0
2016-01-04 17:00:00,5,Mouse_lodging_Vicente,Recreation Center,recreation,UMass Amherst,waste,2.4
2016-01-04 18:00:00,5,Mouse_lodging_Vicente,Recreation Center,recreation,UMass Amherst,waste,3.0
2016-01-04 19:00:00,5,Mouse_lodging_Vicente,Recreation Center,recreation,UMass Amherst,waste,2.4
2016-01-04 20:00:00,5,Mouse_lodging_Vicente,Recreation Center,recreation,UMass Amherst,waste,3.0
2016-01-04 21:00:00,5,Mouse_lodging_Vicente,Recreation Center,recreation,UMass Amherst,waste,2.4
2016-01-04 22:00:00,5,Mouse_lodging_Vicente,Recreation Center,recreation,UMass Amherst,waste,2.4
2016-01-04 23:00:00,5,Mouse_lodging_Vicente,Recreation Center,recreation,UMass Amherst,waste,2.4
2016-01-05 00:00:00,5,Mouse_lodging_Vicente,Recreation Center,recreation,UMass Amherst,waste,1.7999999999999998
2016-01-05 01:00:00,5,Mouse_lodging_Vicente,Recreation Center,recreation,UMass Amherst,waste,1.2
2016-01-05 02:00:00,5,Mouse_lodging_Vicente,Recreation Center,recreation,UMass Amherst,waste,1.7999999999999998
2016-01-05 03:00:00,5,Mouse_lodging_Vicente,Recreation Center,recreation,UMass Amherst,waste,1.7999999999999998
2016-01-05 04:00:00,5,Mouse_lodging_Vicente,Recreation Center,recreation,UMass Amherst,waste,1.7999999999999998
2016-01-05 05:00:00,5,Mouse_lodging_Vicente,Recreation Center,recreation,UMass Amherst,waste,1.7999999999999998
2016-01-05 06:00:00,5,Mouse_lodging_Vicente,Recreation Center,recreation,UMass Amherst,waste,1.7999999999999998
2016-01-05 07:00:00,5,Mouse_lodging_Vicente,Recreation Center,recreation,UMass Amherst,waste,1.7999999999999998
2016-01-05 08:00:00,5,Mouse_lodging_Vicente,Recreation Center,recreation,UMass Amherst,waste,2.4
2016-01-05 09:00:00,5,Mouse_lodging_Vicente,Recreation Center,recreation,UMass Amherst,waste,3.0
2016-01-05 10:00:00,5,Mouse_lodging_Vicente,Recreation Center,recreation,UMass Amherst,waste,3.0
2016-01-05 11:00:00,5,Mouse_lodging_Vicente,Recreation Center,recreation,UMass Amherst,waste,3.0
2016-01-05 12:00:00,5,Mouse_lodging_Vicente,Recreation Center,recreation,UMass Amherst,waste,3.5999999999999996
2016-01-05 13:00:00,5,Mouse_lodging_Vicente,Recreation Center,recreation,UMass Amherst,waste,3.0
2016-01-05 14:00:00,5,Mouse_lodging_Vicente,Recreation Center,recreation,UMass Amherst,waste,3.5999999999999996
2016-01-05 15:00:00,5,Mouse_lodging_Vicente,Recreation Center,recreation,UMass Amherst,waste,3.0
2016-01-05 16:00:00,5,Mouse_lodging_Vicente,Recreation Center,recreation,UMass Amherst,waste,3.5999999999999996
2016-01-05 17:00:00,5,Mouse_lodging_Vicente,Recreation Center,recreation,UMass Amherst,waste,3.0
2016-01-05 18:00:00,5,Mouse_lodging_Vicente,Recreation Center,recreation,UMass Amherst,waste,3.5999999999999996
2016-01-05 19:00:00,5,Mouse_lodging_Vicente,Recreation Center,recreation,UMass Amherst,waste,3.0
2016-01-05 20:00:00,5,Mouse_lodging_Vicente,Recreation Center,recreation,UMass Amherst,waste,3.0
2016-01-05 21:00:00,5,Mouse_lodging_Vicente,Recreation Center,recreation,UMass Amherst,waste,2.4
2016-01-05 22:00:00,5,Mouse_lodging_Vicente,Recreation Center,recreation,UMass Amherst,waste,2.4
2016-01-05 23:00:00,5,Mouse_lodging_Vicente,Recreation Center,recreation,UMass Amherst,waste,2.4
2016-01-06 00:00:00,5,Mouse_lodging_Vicente,Recreation Center,recreation,UMass Amherst,waste,2.427714
2016-01-06 01:00:00,5,Mouse_lodging_Vicente,Recreation Center,recreation,UMass Amherst,waste,2.455428
2016-01-06 02:00:00,5,Mouse_lodging_Vicente,Recreation Center,recreation,UMass Amherst,waste,2.455428
2016-01-06 03:00:00,5,Mouse_lodging_Vicente,Recreation Center,recreation,UMass Amherst,waste,2.455428
2016-01-06 04:00:00,5,Mouse_lodging_Vicente,Recreation Center,recreation,UMass Amherst,waste,2.455428
2016-01-06 05:00:00,5,Mouse_lodging_Vicente,Recreation Center,recreation,UMass Amherst,waste,2.455428
2016-01-06 06:00:00,5,Mouse_lodging_Vicente,Recreation Center,recreation,UMass Amherst,waste,2.455428
2016-01-06 07:00:00,5,Mouse_lodging_Vicente,Recreation Center,recreation,UMass Amherst,waste,2.455428
2016-01-06 08:00:00,5,Mouse_lodging_Vicente,Recreation Center,recreation,UMass Amherst,waste,2.455428
2016-01-06 09:00:00,5,Mouse_lodging_Vicente,Recreation Center,recreation,UMass Amherst,waste,2.455428
2016-01-06 10:00:00,5,Mouse_lodging_Vicente,Recreation Center,recreation,UMass Amherst,waste,2.455428
2016-01-06 11:00:00,5,Mouse_lodging_Vicente,Recreation Center,recreation,UMass Amherst,waste,2.455428
2016-01-06 12:00:00,5,Mouse_lodging_Vicente,Recreation Center,recreation,UMass Amherst,waste,2.455428
2016-01-06 13:00:00,5,Mouse_lodging_Vicente,Recreation Center,recreation,UMass Amherst,waste,2.455428
2016-01-06 14:00:00,5,Mouse_lodging_Vicente,Recreation Center,recreation,UMass Amherst,waste,2.455428
2016-01-06 15:00:00,5,Mouse_lodging_Vicente,Recreation Center,recreation,UMass Amherst,waste,2.455428
2016-01-06 16:00:00,5,Mouse_lodging_Vicente,Recreation Center,recreation,UMass Amherst,waste,2.455428
2016-01-06 17:00:00,5,Mouse_lodging_Vicente,Recreation Center,recreation,UMass Amherst,waste,2.455428
2016-01-06 18:00:00,5,Mouse_lodging_Vicente,Recreation Center,recreation,UMass Amherst,waste,2.455428
2016-01-06 19:00:00,5,Mouse_lodging_Vicente,Recreation Center,recreation,UMass Amherst,waste,2.455428
2016-01-06 20:00:00,5,Mouse_lodging_Vicente,Recreation Center,recreation,UMass Amherst,waste,2.455428
2016-01-06 21:00:00,5,Mouse_lodging_Vicente,Recreation Center,recreation,UMass Amherst,waste,2.455428
2016-01-06 22:00:00,5,Mouse_lodging_Vicente,Recreation Center,recreation,UMass Amherst,waste,2.455428
2016-01-06 23:00:00,5,Mouse_lodging_Vicente,Recreation Center,recreation,UMass Amherst,waste,2.455428
2016-01-07 00:00:00,5,Mouse_lodging_Vicente,Recreation Center,recreation,UMass Amherst,waste,2.455428
2016-01-07 01:00:00,5,Mouse_lodging_Vicente,Recreation Center,recreation,UMass Amherst,waste,2.455428
2016-01-07 02:00:00,5,Mouse_lodging_Vicente,Recreation Center,recreation,UMass Amherst,waste,2.455428
2016-01-07 03:00:00,5,Mouse_lodging_Vicente,Recreation Center,recreation,UMass Amherst,waste,2.455428
2016-01-07 04:00:00,5,Mouse_lodging_Vicente,Recreation Center,recreation,UMass Amherst,waste,2.455428
2016-01-07 05:00:00,5,Mouse_lodging_Vicente,Recreation Center,recreation,UMass Amherst,waste,2.455428
2016-01-07 06:00:00,5,Mouse_lodging_Vicente,Recreation Center,recreation,UMass Amherst,waste,2.455428
2016-01-07 07:00:00,5,Mouse_lodging_Vicente,Recreation Center,recreation,UMass Amherst,waste,2.455428
2016-01-07 08:00:00,5,Mouse_lodging_Vicente,Recreation Center,recreation,UMass Amherst,waste,2.455428
2016-01-07 09:00:00,5,Mouse_lodging_Vicente,Recreation Center,recreation,UMass Amherst,waste,2.455428
2016-01-07 10:00:00,5,Mouse_lodging_Vicente,Recreation Center,recreation,UMass Amherst,waste,2.455428
2016-01-07 11:00:00,5,Mouse_lodging_Vicente,Recreation Center,recreation,UMass Amherst,waste,2.455428
2016-01-07 12:00:00,5,Mouse_lodging_Vicente,Recreation Center,recreation,UMass Amherst,waste,2.455428
2016-01-07 13:00:00,5,Mouse_lodging_Vicente,Recreation Center,recreation,UMass Amherst,waste,2.455428
2016-01-07 14:00:00,5,Mouse_lodging_Vicente,Recreation Center,recreation,UMass Amherst,waste,2.455428
2016-01-07 15:00:00,5,Mouse_lodging_Vicente,Recreation Center,recreation,UMass Amherst,waste,2.455428
2016-01-07 16:00:00,5,Mouse_lodging_Vicente,Recreation Center,recreation,UMass Amherst,waste,2.455428
2016-01-07 17:00:00,5,Mouse_lodging_Vicente,Recreation Center,recreation,UMass Amherst,waste,2.455428
2016-01-07 18:00:00,5,Mouse_lodging_Vicente,Recreation Center,recreation,UMass Amherst,waste,2.455428
2016-01-07 19:00:00,5,Mouse_lodging_Vicente,Recreation Center,recreation,UMass Amherst,waste,2.455428
2016-01-07 20:00:00,5,Mouse_lodging_Vicente,Recreation Center,recreation,UMass Amherst,waste,2.455428
2016-01-07 21:00:00,5,Mouse_lodging_Vicente,Recreation Center,recreation,UMass Amherst,waste,2.455428
2016-01-07 22:00:00,5,Mouse_lodging_Vicente,Recreation Center,recreation,UMass Amherst,waste,2.455428
2016-01-07 23:00:00,5,Mouse_lodging_Vicente,Recreation Center,recreation,UMass Amherst,waste,2.455428
2016-01-08 00:00:00,5,Mouse_lodging_Vicente,Recreation Center,recreation,UMass Amherst,waste,2.455428
2016-01-08 01:00:00,5,Mouse_lodging_Vicente,Recreation Center,recreation,UMass Amherst,waste,2.455428
2016-01-08 02:00:00,5,Mouse_lodging_Vicente,Recreation Center,recreation,UMass Amherst,waste,2.455428
2016-01-08 03:00:00,5,Mouse_lodging_Vicente,Recreation Center,recreation,UMass Amherst,waste,2.455428
2016-01-08 04:00:00,5,Mouse_lodging_Vicente,Recreation Center,recreation,UMass Amherst,waste,2.455428
2016-01-08 05:00:00,5,Mouse_lodging_Vicente,Recreation Center,recreation,UMass Amherst,waste,2.455428
2016-01-08 06:00:00,5,Mouse_lodging_Vicente,Recreation Center,recreation,UMass Amherst,waste,2.455428
2016-01-08 07:00:00,5,Mouse_lodging_Vicente,Recreation Center,recreation,UMass Amherst,waste,2.455428
2016-01-08 08:00:00,5,Mouse_lodging_Vicente,Recreation Center,recreation,UMass Amherst,waste,2.455428
2016-01-08 09:00:00,5,Mouse_lodging_Vicente,Recreation Center,recreation,UMass Amherst,waste,2.455428
2016-01-08 10:00:00,5,Mouse_lodging_Vicente,Recreation Center,recreation,UMass Amherst,waste,2.455428
2016-01-08 11:00:00,5,Mouse_lodging_Vicente,Recreation Center,recreation,UMass Amherst,waste,2.455428
2016-01-08 12:00:00,5,Mouse_lodging_Vicente,Recreation Center,recreation,UMass Amherst,waste,2.455428
2016-01-08 13:00:00,5,Mouse_lodging_Vicente,Recreation Center,recreation,UMass Amherst,waste,2.455428
2016-01-08 14:00:00,5,Mouse_lodging_Vicente,Recreation Center,recreation,UMass Amherst,waste,2.455428
2016-01-08 15:00:00,5,Mouse_lodging_Vicente,Recreation Center,recreation,UMass Amherst,waste,2.455428
2016-01-08 16:00:00,5,Mouse_lodging_Vicente,Recreation Center,recreation,UMass Amherst,waste,2.455428
2016-01-08 17:00:00,5,Mouse_lodging_Vicente,Recreation Center,recreation,UMass Amherst,waste,2.455428
2016-01-08 18:00:00,5,Mouse_lodging_Vicente,Recreation Center,recreation,UMass Amherst,waste,2.455428
2016-01-08 19:00:00,5,Mouse_lodging_Vicente,Recreation Center,recreation,UMass Amherst,waste,2.455428
2016-01-08 20:00:00,5,Mouse_lodging_Vicente,Recreation Center,recreation,UMass Amherst,waste,2.455428
2016-01-08 21:00:00,5,Mouse_lodging_Vicente,Recreation Center,recreation,UMass Amherst,waste,2.455428
2016-01-08 22:00:00,5,Mouse_lodging_Vicente,Recreation Center,recreation,UMass Amherst,waste,2.455428
2016-01-08 23:00:00,5,Mouse_lodging_Vicente,Recreation Center,recreation,UMass Amherst,waste,2.455428
2016-01-09 00:00:00,5,Mouse_lodging_Vicente,Recreation Center,recreation,UMass Amherst,waste,2.455428
2016-01-09 01:00:00,5,Mouse_lodging_Vicente,Recreation Center,recreation,UMass Amherst,waste,2.455428
2016-01-09 02:00:00,5,Mouse_lodging_Vicente,Recreation Center,recreation,UMass Amherst,waste,2.455428
2016-01-09 03:00:00,5,Mouse_lodging_Vicente,Recreation Center,recreation,UMass Amherst,waste,2.455428
2016-01-09 04:00:00,5,Mouse_lodging_Vicente,Recreation Center,recreation,UMass Amherst,waste,2.455428
2016-01-09 05:00:00,5,Mouse_lodging_Vicente,Recreation Center,recreation,UMass Amherst,waste,2.455428
2016-01-09 06:00:00,5,Mouse_lodging_Vicente,Recreation Center,recreation,UMass Amherst,waste,2.455428
2016-01-09 07:00:00,5,Mouse_lodging_Vicente,Recreation Center,recreation,UMass Amherst,waste,2.455428
2016-01-09 08:00:00,5,Mouse_lodging_Vicente,Recreation Center,recreation,UMass Amherst,waste,2.455428
2016-01-09 09:00:00,5,Mouse_lodging_Vicente,Recreation Center,recreation,UMass Amherst,waste,2.455428
2016-01-09 10:00:00,5,Mouse_lodging_Vicente,Recreation Center,recreation,UMass Amherst,waste,2.455428
2016-01-09 11:00:00,5,Mouse_lodging_Vicente,Recreation Center,recreation,UMass Amherst,waste,2.455428
2016-01-09 12:00:00,5,Mouse_lodging_Vicente,Recreation Center,recreation,UMass Amherst,waste,2.455428
2016-01-09 13:00:00,5,Mouse_lodging_Vicente,Recreation Center,recreation,UMass Amherst,waste,2.455428
2016-01-09 14:00:00,5,Mouse_lodging_Vicente,Recreation Center,recreation,UMass Amherst,waste,2.455428
2016-01-09 15:00:00,5,Mouse_lodging_Vicente,Recreation Center,recreation,UMass Amherst,waste,2.455428
2016-01-09 16:00:00,5,Mouse_lodging_Vicente,Recreation Center,recreation,UMass Amherst,waste,2.455428
2016-01-09 17:00:00,5,Mouse_lodging_Vicente,Recreation Center,recreation,UMass Amherst,waste,2.455428
2016-01-09 18:00:00,5,Mouse_lodging_Vicente,Recreation Center,recreation,UMass Amherst,waste,2.455428
2016-01-09 19:00:00,5,Mouse_lodging_Vicente,Recreation Center,recreation,UMass Amherst,waste,2.455428
2016-01-09 20:00:00,5,Mouse_lodging_Vicente,Recreation Center,recreation,UMass Amherst,waste,2.455428
2016-01-09 21:00:00,5,Mouse_lodging_Vicente,Recreation Center,recreation,UMass Amherst,waste,2.455428
2016-01-09 22:00:00,5,Mouse_lodging_Vicente,Recreation Center,recreation,UMass Amherst,waste,2.455428
2016-01-09 23:00:00,5,Mouse_lodging_Vicente,Recreation Center,recreation,UMass Amherst,waste,2.455428
2016-01-10 00:00:00,5,Mouse_lodging_Vicente,Recreation Center,recreation,UMass Amherst,waste,2.455428
2016-01-10 01:00:00,5,Mouse_lodging_Vicente,Recreation Center,recreation,UMass Amherst,waste,2.455428
2016-01-10 02:00:00,5,Mouse_lodging_Vicente,Recreation Center,recreation,UMass Amherst,waste,2.455428
2016-01-10 03:00:00,5,Mouse_lodging_Vicente,Recreation Center,recreation,UMass Amherst,waste,2.455428
2016-01-10 04:00:00,5,Mouse_lodging_Vicente,Recreation Center,recreation,UMass Amherst,waste,2.455428
2016-01-10 05:00:00,5,Mouse_lodging_Vicente,Recreation Center,recreation,UMass Amherst,waste,2.455428
2016-01-10 06:00:00,5,Mouse_lodging_Vicente,Recreation Center,recreation,UMass Amherst,waste,2.455428
2016-01-10 07:00:00,5,Mouse_lodging_Vicente,Recreation Center,recreation,UMass Amherst,waste,2.455428
2016-01-10 08:00:00,5,Mouse_lodging_Vicente,Recreation Center,recreation,UMass Amherst,waste,2.455428
2016-01-10 09:00:00,5,Mouse_lodging_Vicente,Recreation Center,recreation,UMass Amherst,waste,2.455428
2016-01-10 10:00:00,5,Mouse_lodging_Vicente,Recreation Center,recreation,UMass Amherst,waste,2.455428
2016-01-10 11:00:00,5,Mouse_lodging_Vicente,Recreation Center,recreation,UMass Amherst,waste,2.455428
2016-01-10 12:00:00,5,Mouse_lodging_Vicente,Recreation Center,recreation,UMass Amherst,waste,2.455428
2016-01-10 13:00:00,5,Mouse_lodging_Vicente,Recreation Center,recreation,UMass Amherst,waste,2.455428
2016-01-10 14:00:00,5,Mouse_lodging_Vicente,Recreation Center,recreation,UMass Amherst,waste,2.455428
2016-01-10 15:00:00,5,Mouse_lodging_Vicente,Recreation Center,recreation,UMass Amherst,waste,2.455428
2016-01-10 16:00:00,5,Mouse_lodging_Vicente,Recreation Center,recreation,UMass Amherst,waste,2.455428
2016-01-10 17:00:00,5,Mouse_lodging_Vicente,Recreation Center,recreation,UMass Amherst,waste,2.455428
2016-01-10 18:00:00,5,Mouse_lodging_Vicente,Recreation Center,recreation,UMass Amherst,waste,2.455428
2016-01-10 19:00:00,5,Mouse_lodging_Vicente,Recreation Center,recreation,UMass Amherst,waste,2.455428
2016-01-10 20:00:00,5,Mouse_lodging_Vicente,Recreation Center,recreation,UMass Amherst,waste,2.455428
2016-01-10 21:00:00,5,Mouse_lodging_Vicente,Recreation Center,recreation,UMass Amherst,waste,2.455428
2016-01-10 22:00:00,5,Mouse_lodging_Vicente,Recreation Center,recreation,UMass Amherst,waste,2.455428
2016-01-10 23:00:00,5,Mouse_lodging_Vicente,Recreation Center,recreation,UMass Amherst,waste,2.455428
2016-01-11 00:00:00,5,Mouse_lodging_Vicente,Recreation Center,recreation,UMass Amherst,waste,2.455428
2016-01-11 01:00:00,5,Mouse_lodging_Vicente,Recreation Center,recreation,UMass Amherst,waste,2.455428
2016-01-11 02:00:00,5,Mouse_lodging_Vicente,Recreation Center,recreation,UMass Amherst,waste,2.455428
2016-01-11 03:00:00,5,Mouse_lodging_Vicente,Recreation Center,recreation,UMass Amherst,waste,2.455428
2016-01-11 04:00:00,5,Mouse_lodging_Vicente,Recreation Center,recreation,UMass Amherst,waste,2.455428
2016-01-11 05:00:00,5,Mouse_lodging_Vicente,Recreation Center,recreation,UMass Amherst,waste,2.455428
2016-01-11 06:00:00,5,Mouse_lodging_Vicente,Recreation Center,recreation,UMass Amherst,waste,2.455428
2016-01-11 07:00:00,5,Mouse_lodging_Vicente,Recreation Center,recreation,UMass Amherst,waste,2.455428
2016-01-11 08:00:00,5,Mouse_lodging_Vicente,Recreation Center,recreation,UMass Amherst,waste,2.455428
2016-01-11 09:00:00,5,Mouse_lodging_Vicente,Recreation Center,recreation,UMass Amherst,waste,2.455428
2016-01-11 10:00:00,5,Mouse_lodging_Vicente,Recreation Center,recreation,UMass Amherst,waste,2.455428
2016-01-11 11:00:00,5,Mouse_lodging_Vicente,Recreation Center,recreation,UMass Amherst,waste,2.455428
2016-01-11 12:00:00,5,Mouse_lodging_Vicente,Recreation Center,recreation,UMass Amherst,waste,2.455428
2016-01-11 13:00:00,5,Mouse_lodging_Vicente,Recreation Center,recreation,UMass Amherst,waste,2.455428
2016-01-11 14:00:00,5,Mouse_lodging_Vicente,Recreation Center,recreation,UMass Amherst,waste,2.455428
2016-01-11 15:00:00,5,Mouse_lodging_Vicente,Recreation Center,recreation,UMass Amherst,waste,2.455428
2016-01-11 16:00:00,5,Mouse_lodging_Vicente,Recreation Center,recreation,UMass Amherst,waste,2.455428
2016-01-11 17:00:00,5,Mouse_lodging_Vicente,Recreation Center,recreation,UMass Amherst,waste,2.455428
2016-01-11 18:00:00,5,Mouse_lodging_Vicente,Recreation Center,recreation,UMass Amherst,waste,2.455428
2016-01-11 19:00:00,5,Mouse_lodging_Vicente,Recreation Center,recreation,UMass Amherst,waste,2.455428
2016-01-11 20:00:00,5,Mouse_lodging_Vicente,Recreation Center,recreation,UMass Amherst,waste,2.455428
2016-01-11 21:00:00,5,Mouse_lodging_Vicente,Recreation Center,recreation,UMass Amherst,waste,2.455428
2016-01-11 22:00:00,5,Mouse_lodging_Vicente,Recreation Center,recreation,UMass Amherst,waste,2.455428
2016-01-11 23:00:00,5,Mouse_lodging_Vicente,Recreation Center,recreation,UMass Amherst,waste,2.455428
2016-01-12 00:00:00,5,Mouse_lodging_Vicente,Recreation Center,recreation,UMass Amherst,waste,2.455428
2016-01-12 01:00:00,5,Mouse_lodging_Vicente,Recreation Center,recreation,UMass Amherst,waste,2.455428
2016-01-12 02:00:00,5,Mouse_lodging_Vicente,Recreation Center,recreation,UMass Amherst,waste,2.455428
2016-01-12 03:00:00,5,Mouse_lodging_Vicente,Recreation Center,recreation,UMass Amherst,waste,2.455428
2016-01-12 04:00:00,5,Mouse_lodging_Vicente,Recreation Center,recreation,UMass Amherst,waste,2.455428
2016-01-12 05:00:00,5,Mouse_lodging_Vicente,Recreation Center,recreation,UMass Amherst,waste,2.455428
2016-01-12 06:00:00,5,Mouse_lodging_Vicente,Recreation Center,recreation,UMass Amherst,waste,2.455428
2016-01-12 07:00:00,5,Mouse_lodging_Vicente,Recreation Center,recreation,UMass Amherst,waste,2.455428
2016-01-12 08:00:00,5,Mouse_lodging_Vicente,Recreation Center,recreation,UMass Amherst,waste,2.455428
2016-01-12 09:00:00,5,Mouse_lodging_Vicente,Recreation Center,recreation,UMass Amherst,waste,2.455428
2016-01-12 10:00:00,5,Mouse_lodging_Vicente,Recreation Center,recreation,UMass Amherst,waste,2.455428
2016-01-12 11:00:00,5,Mouse_lodging_Vicente,Recreation Center,recreation,UMass Amherst,waste,2.455428
2016-01-12 12:00:00,5,Mouse_lodging_Vicente,Recreation Center,recreation,UMass Amherst,waste,2.455428
2016-01-12 13:00:00,5,Mouse_lodging_Vicente,Recreation Center,recreation,UMass Amherst,waste,2.455428
2016-01-12 14:00:00,5,Mouse_lodging_Vicente,Recreation Center,recreation,UMass Amherst,waste,2.455428
2016-01-12 15:00:00,5,Mouse_lodging_Vicente,Recreation Center,recreation,UMass Amherst,waste,2.455428
2016-01-12 16:00:00,5,Mouse_lodging_Vicente,Recreation Center,recreation,UMass Amherst,waste,2.455428
2016-01-12 17:00:00,5,Mouse_lodging_Vicente,Recreation Center,recreation,UMass Amherst,waste,2.455428
2016-01-12 18:00:00,5,Mouse_lodging_Vicente,Recreation Center,recreation,UMass Amherst,waste,2.455428
2016-01-12 19:00:00,5,Mouse_lodging_Vicente,Recreation Center,recreation,UMass Amherst,waste,2.455428
2016-01-12 20:00:00,5,Mouse_lodging_Vicente,Recreation Center,recreation,UMass Amherst,waste,2.455428
2016-01-12 21:00:00,5,Mouse_lodging_Vicente,Recreation Center,recreation,UMass Amherst,waste,2.455428
2016-01-12 22:00:00,5,Mouse_lodging_Vicente,Recreation Center,recreation,UMass Amherst,waste,2.455428
2016-01-12 23:00:00,5,Mouse_lodging_Vicente,Recreation Center,recreation,UMass Amherst,waste,2.455428
2016-01-13 00:00:00,5,Mouse_lodging_Vicente,Recreation Center,recreation,UMass Amherst,waste,2.455428
2016-01-13 01:00:00,5,Mouse_lodging_Vicente,Recreation Center,recreation,UMass Amherst,waste,2.455428
2016-01-13 02:00:00,5,Mouse_lodging_Vicente,Recreation Center,recreation,UMass Amherst,waste,2.455428
2016-01-13 03:00:00,5,Mouse_lodging_Vicente,Recreation Center,recreation,UMass Amherst,waste,2.455428
2016-01-13 04:00:00,5,Mouse_lodging_Vicente,Recreation Center,recreation,UMass Amherst,waste,2.455428
2016-01-13 05:00:00,5,Mouse_lodging_Vicente,Recreation Center,recreation,UMass Amherst,waste,2.455428
2016-01-13 06:00:00,5,Mouse_lodging_Vicente,Recreation Center,recreation,UMass Amherst,waste,2.455428
2016-01-13 07:00:00,5,Mouse_lodging_Vicente,Recreation Center,recreation,UMass Amherst,waste,2.455428
2016-01-13 08:00:00,5,Mouse_lodging_Vicente,Recreation Center,recreation,UMass Amherst,waste,2.455428
2016-01-13 09:00:00,5,Mouse_lodging_Vicente,Recreation Center,recreation,UMass Amherst,waste,2.455428
2016-01-13 10:00:00,5,Mouse_lodging_Vicente,Recreation Center,recreation,UMass Amherst,waste,2.455428
2016-01-13 11:00:00,5,Mouse_lodging_Vicente,Recreation Center,recreation,UMass Amherst,waste,2.455428
2016-01-13 12:00:00,5,Mouse_lodging_Vicente,Recreation Center,recreation,UMass Amherst,waste,2.455428
2016-01-13 13:00:00,5,Mouse_lodging_Vicente,Recreation Center,recreation,UMass Amherst,waste,2.455428
2016-01-13 14:00:00,5,Mouse_lodging_Vicente,Recreation Center,recreation,UMass Amherst,waste,2.455428
2016-01-13 15:00:00,5,Mouse_lodging_Vicente,Recreation Center,recreation,UMass Amherst,waste,2.455428
2016-01-13 16:00:00,5,Mouse_lodging_Vicente,Recreation Center,recreation,UMass Amherst,waste,2.455428
2016-01-13 17:00:00,5,Mouse_lodging_Vicente,Recreation Center,recreation,UMass Amherst,waste,2.455428
2016-01-13 18:00:00,5,Mouse_lodging_Vicente,Recreation Center,recreation,UMass Amherst,waste,2.455428
2016-01-13 19:00:00,5,Mouse_lodging_Vicente,Recreation Center,recreation,UMass Amherst,waste,2.455428
2016-01-13 20:00:00,5,Mouse_lodging_Vicente,Recreation Center,recreation,UMass Amherst,waste,2.455428
2016-01-13 21:00:00,5,Mouse_lodging_Vicente,Recreation Center,recreation,UMass Amherst,waste,2.455428
2016-01-13 22:00:00,5,Mouse_lodging_Vicente,Recreation Center,recreation,UMass Amherst,waste,2.455428
2016-01-13 23:00:00,5,Mouse_lodging_Vicente,Recreation Center,recreation,UMass Amherst,waste,2.455428
2016-01-14 00:00:00,5,Mouse_lodging_Vicente,Recreation Center,recreation,UMass Amherst,waste,2.455428
2016-01-14 01:00:00,5,Mouse_lodging_Vicente,Recreation Center,recreation,UMass Amherst,waste,2.455428
2016-01-14 02:00:00,5,Mouse_lodging_Vicente,Recreation Center,recreation,UMass Amherst,waste,2.455428
2016-01-14 03:00:00,5,Mouse_lodging_Vicente,Recreation Center,recreation,UMass Amherst,waste,2.455428
2016-01-14 04:00:00,5,Mouse_lodging_Vicente,Recreation Center,recreation,UMass Amherst,waste,2.455428
2016-01-14 05:00:00,5,Mouse_lodging_Vicente,Recreation Center,recreation,UMass Amherst,waste,2.455428
2016-01-14 06:00:00,5,Mouse_lodging_Vicente,Recreation Center,recreation,UMass Amherst,waste,2.455428
2016-01-14 07:00:00,5,Mouse_lodging_Vicente,Recreation Center,recreation,UMass Amherst,waste,2.455428
2016-01-14 08:00:00,5,Mouse_lodging_Vicente,Recreation Center,recreation,UMass Amherst,waste,2.455428
2016-01-14 09:00:00,5,Mouse_lodging_Vicente,Recreation Center,recreation,UMass Amherst,waste,2.455428
2016-01-14 10:00:00,5,Mouse_lodging_Vicente,Recreation Center,recreation,UMass Amherst,waste,2.455428
2016-01-14 11:00:00,5,Mouse_lodging_Vicente,Recreation Center,recreation,UMass Amherst,waste,2.455428
2016-01-14 12:00:00,5,Mouse_lodging_Vicente,Recreation Center,recreation,UMass Amherst,waste,2.455428
2016-01-14 13:00:00,5,Mouse_lodging_Vicente,Recreation Center,recreation,UMass Amherst,waste,2.455428
2016-01-14 14:00:00,5,Mouse_lodging_Vicente,Recreation Center,recreation,UMass Amherst,waste,2.455428
2016-01-14 15:00:00,5,Mouse_lodging_Vicente,Recreation Center,recreation,UMass Amherst,waste,2.455428
2016-01-14 16:00:00,5,Mouse_lodging_Vicente,Recreation Center,recreation,UMass Amherst,waste,2.455428
2016-01-14 17:00:00,5,Mouse_lodging_Vicente,Recreation Center,recreation,UMass Amherst,waste,2.455428
2016-01-14 18:00:00,5,Mouse_lodging_Vicente,Recreation Center,recreation,UMass Amherst,waste,2.455428
2016-01-14 19:00:00,5,Mouse_lodging_Vicente,Recreation Center,recreation,UMass Amherst,waste,2.455428
2016-01-14 20:00:00,5,Mouse_lodging_Vicente,Recreation Center,recreation,UMass Amherst,waste,2.455428
2016-01-14 21:00:00,5,Mouse_lodging_Vicente,Recreation Center,recreation,UMass Amherst,waste,2.455428
2016-01-14 22:00:00,5,Mouse_lodging_Vicente,Recreation Center,recreation,UMass Amherst,waste,2.455428
2016-01-14 23:00:00,5,Mouse_lodging_Vicente,Recreation Center,recreation,UMass Amherst,waste,2.455428
2016-01-15 00:00:00,5,Mouse_lodging_Vicente,Recreation Center,recreation,UMass Amherst,waste,1.8277139999999998
2016-01-15 01:00:00,5,Mouse_lodging_Vicente,Recreation Center,recreation,UMass Amherst,waste,1.8277139999999998
2016-01-15 02:00:00,5,Mouse_lodging_Vicente,Recreation Center,recreation,UMass Amherst,waste,1.7999999999999998
2016-01-15 03:00:00,5,Mouse_lodging_Vicente,Recreation Center,recreation,UMass Amherst,waste,1.7999999999999998
2016-01-15 04:00:00,5,Mouse_lodging_Vicente,Recreation Center,recreation,UMass Amherst,waste,1.7999999999999998
2016-01-15 05:00:00,5,Mouse_lodging_Vicente,Recreation Center,recreation,UMass Amherst,waste,1.7999999999999998
2016-01-15 06:00:00,5,Mouse_lodging_Vicente,Recreation Center,recreation,UMass Amherst,waste,1.7999999999999998
2016-01-15 07:00:00,5,Mouse_lodging_Vicente,Recreation Center,recreation,UMass Amherst,waste,2.4
2016-01-15 08:00:00,5,Mouse_lodging_Vicente,Recreation Center,recreation,UMass Amherst,waste,2.4
2016-01-15 09:00:00,5,Mouse_lodging_Vicente,Recreation Center,recreation,UMass Amherst,waste,3.0
2016-01-15 10:00:00,5,Mouse_lodging_Vicente,Recreation Center,recreation,UMass Amherst,waste,3.0
2016-01-15 11:00:00,5,Mouse_lodging_Vicente,Recreation Center,recreation,UMass Amherst,waste,3.0
2016-01-15 12:00:00,5,Mouse_lodging_Vicente,Recreation Center,recreation,UMass Amherst,waste,3.0
2016-01-15 13:00:00,5,Mouse_lodging_Vicente,Recreation Center,recreation,UMass Amherst,waste,3.0
2016-01-15 14:00:00,5,Mouse_lodging_Vicente,Recreation Center,recreation,UMass Amherst,waste,3.0
2016-01-15 15:00:00,5,Mouse_lodging_Vicente,Recreation Center,recreation,UMass Amherst,waste,3.0
2016-01-15 16:00:00,5,Mouse_lodging_Vicente,Recreation Center,recreation,UMass Amherst,waste,3.0
2016-01-15 17:00:00,5,Mouse_lodging_Vicente,Recreation Center,recreation,UMass Amherst,waste,3.0
2016-01-15 18:00:00,5,Mouse_lodging_Vicente,Recreation Center,recreation,UMass Amherst,waste,2.4
2016-01-15 19:00:00,5,Mouse_lodging_Vicente,Recreation Center,recreation,UMass Amherst,waste,2.4
2016-01-15 20:00:00,5,Mouse_lodging_Vicente,Recreation Center,recreation,UMass Amherst,waste,3.0
2016-01-15 21:00:00,5,Mouse_lodging_Vicente,Recreation Center,recreation,UMass Amherst,waste,2.4
2016-01-15 22:00:00,5,Mouse_lodging_Vicente,Recreation Center,recreation,UMass Amherst,waste,2.4
2016-01-15 23:00:00,5,Mouse_lodging_Vicente,Recreation Center,recreation,UMass Amherst,waste,2.4
2016-01-16 00:00:00,5,Mouse_lodging_Vicente,Recreation Center,recreation,UMass Amherst,waste,1.7999999999999998
2016-01-16 01:00:00,5,Mouse_lodging_Vicente,Recreation Center,recreation,UMass Amherst,waste,1.7999999999999998
2016-01-16 02:00:00,5,Mouse_lodging_Vicente,Recreation Center,recreation,UMass Amherst,waste,1.7999999999999998
2016-01-16 03:00:00,5,Mouse_lodging_Vicente,Recreation Center,recreation,UMass Amherst,waste,2.4
2016-01-16 04:00:00,5,Mouse_lodging_Vicente,Recreation Center,recreation,UMass Amherst,waste,1.7999999999999998
2016-01-16 05:00:00,5,Mouse_lodging_Vicente,Recreation Center,recreation,UMass Amherst,waste,1.7999999999999998
2016-01-16 06:00:00,5,Mouse_lodging_Vicente,Recreation Center,recreation,UMass Amherst,waste,1.7999999999999998
2016-01-16 07:00:00,5,Mouse_lodging_Vicente,Recreation Center,recreation,UMass Amherst,waste,2.4
2016-01-16 08:00:00,5,Mouse_lodging_Vicente,Recreation Center,recreation,UMass Amherst,waste,1.7999999999999998
2016-01-16 09:00:00,5,Mouse_lodging_Vicente,Recreation Center,recreation,UMass Amherst,waste,2.4
2016-01-16 10:00:00,5,Mouse_lodging_Vicente,Recreation Center,recreation,UMass Amherst,waste,2.4
2016-01-16 11:00:00,5,Mouse_lodging_Vicente,Recreation Center,recreation,UMass Amherst,waste,3.0
2016-01-16 12:00:00,5,Mouse_lodging_Vicente,Recreation Center,recreation,UMass Amherst,waste,2.4
2016-01-16 13:00:00,5,Mouse_lodging_Vicente,Recreation Center,recreation,UMass Amherst,waste,2.4
2016-01-16 14:00:00,5,Mouse_lodging_Vicente,Recreation Center,recreation,UMass Amherst,waste,2.4
2016-01-16 15:00:00,5,Mouse_lodging_Vicente,Recreation Center,recreation,UMass Amherst,waste,2.4
2016-01-16 16:00:00,5,Mouse_lodging_Vicente,Recreation Center,recreation,UMass Amherst,waste,2.4
2016-01-16 17:00:00,5,Mouse_lodging_Vicente,Recreation Center,recreation,UMass Amherst,waste,2.4
2016-01-16 18:00:00,5,Mouse_lodging_Vicente,Recreation Center,recreation,UMass Amherst,waste,1.7999999999999998
2016-01-16 19:00:00,5,Mouse_lodging_Vicente,Recreation Center,recreation,UMass Amherst,waste,2.4
2016-01-16 20:00:00,5,Mouse_lodging_Vicente,Recreation Center,recreation,UMass Amherst,waste,2.4
2016-01-16 21:00:00,5,Mouse_lodging_Vicente,Recreation Center,recreation,UMass Amherst,waste,2.4
2016-01-16 22:00:00,5,Mouse_lodging_Vicente,Recreation Center,recreation,UMass Amherst,waste,2.4
2016-01-16 23:00:00,5,Mouse_lodging_Vicente,Recreation Center,recreation,UMass Amherst,waste,2.4
2016-01-17 00:00:00,5,Mouse_lodging_Vicente,Recreation Center,recreation,UMass Amherst,waste,2.4
2016-01-17 01:00:00,5,Mouse_lodging_Vicente,Recreation Center,recreation,UMass Amherst,waste,1.7999999999999998
2016-01-17 02:00:00,5,Mouse_lodging_Vicente,Recreation Center,recreation,UMass Amherst,waste,1.7999999999999998
2016-01-17 03:00:00,5,Mouse_lodging_Vicente,Recreation Center,recreation,UMass Amherst,waste,1.7999999999999998
2016-01-17 04:00:00,5,Mouse_lodging_Vicente,Recreation Center,recreation,UMass Amherst,waste,1.7999999999999998
2016-01-17 05:00:00,5,Mouse_lodging_Vicente,Recreation Center,recreation,UMass Amherst,waste,1.7999999999999998
2016-01-17 06:00:00,5,Mouse_lodging_Vicente,Recreation Center,recreation,UMass Amherst,waste,1.7999999999999998
2016-01-17 07:00:00,5,Mouse_lodging_Vicente,Recreation Center,recreation,UMass Amherst,waste,1.7999999999999998
2016-01-17 08:00:00,5,Mouse_lodging_Vicente,Recreation Center,recreation,UMass Amherst,waste,2.4
2016-01-17 09:00:00,5,Mouse_lodging_Vicente,Recreation Center,recreation,UMass Amherst,waste,2.4
2016-01-17 10:00:00,5,Mouse_lodging_Vicente,Recreation Center,recreation,UMass Amherst,waste,2.4
2016-01-17 11:00:00,5,Mouse_lodging_Vicente,Recreation Center,recreation,UMass Amherst,waste,2.4
2016-01-17 12:00:00,5,Mouse_lodging_Vicente,Recreation Center,recreation,UMass Amherst,waste,2.4
2016-01-17 13:00:00,5,Mouse_lodging_Vicente,Recreation Center,recreation,UMass Amherst,waste,2.4
2016-01-17 14:00:00,5,Mouse_lodging_Vicente,Recreation Center,recreation,UMass Amherst,waste,2.4
2016-01-17 15:00:00,5,Mouse_lodging_Vicente,Recreation Center,recreation,UMass Amherst,waste,2.4
2016-01-17 16:00:00,5,Mouse_lodging_Vicente,Recreation Center,recreation,UMass Amherst,waste,2.4
2016-01-17 17:00:00,5,Mouse_lodging_Vicente,Recreation Center,recreation,UMass Amherst,waste,3.0
2016-01-17 18:00:00,5,Mouse_lodging_Vicente,Recreation Center,recreation,UMass Amherst,waste,2.4
2016-01-17 19:00:00,5,Mouse_lodging_Vicente,Recreation Center,recreation,UMass Amherst,waste,3.0
2016-01-17 20:00:00,5,Mouse_lodging_Vicente,Recreation Center,recreation,UMass Amherst,waste,3.0
2016-01-17 21:00:00,5,Mouse_lodging_Vicente,Recreation Center,recreation,UMass Amherst,waste,2.4
2016-01-17 22:00:00,5,Mouse_lodging_Vicente,Recreation Center,recreation,UMass Amherst,waste,2.4
2016-01-17 23:00:00,5,Mouse_lodging_Vicente,Recreation Center,recreation,UMass Amherst,waste,2.4
2016-01-18 00:00:00,5,Mouse_lodging_Vicente,Recreation Center,recreation,UMass Amherst,waste,1.7999999999999998
2016-01-18 01:00:00,5,Mouse_lodging_Vicente,Recreation Center,recreation,UMass Amherst,waste,2.4
2016-01-18 02:00:00,5,Mouse_lodging_Vicente,Recreation Center,recreation,UMass Amherst,waste,1.7999999999999998
2016-01-18 03:00:00,5,Mouse_lodging_Vicente,Recreation Center,recreation,UMass Amherst,waste,1.7999999999999998
2016-01-18 04:00:00,5,Mouse_lodging_Vicente,Recreation Center,recreation,UMass Amherst,waste,1.7999999999999998
2016-01-18 05:00:00,5,Mouse_lodging_Vicente,Recreation Center,recreation,UMass Amherst,waste,1.7999999999999998
2016-01-18 06:00:00,5,Mouse_lodging_Vicente,Recreation Center,recreation,UMass Amherst,waste,1.7999999999999998
2016-01-18 07:00:00,5,Mouse_lodging_Vicente,Recreation Center,recreation,UMass Amherst,waste,2.4
2016-01-18 08:00:00,5,Mouse_lodging_Vicente,Recreation Center,recreation,UMass Amherst,waste,2.4
2016-01-18 09:00:00,5,Mouse_lodging_Vicente,Recreation Center,recreation,UMass Amherst,waste,3.0
2016-01-18 10:00:00,5,Mouse_lodging_Vicente,Recreation Center,recreation,UMass Amherst,waste,3.0
2016-01-18 11:00:00,5,Mouse_lodging_Vicente,Recreation Center,recreation,UMass Amherst,waste,3.0
2016-01-18 12:00:00,5,Mouse_lodging_Vicente,Recreation Center,recreation,UMass Amherst,waste,3.5999999999999996
2016-01-18 13:00:00,5,Mouse_lodging_Vicente,Recreation Center,recreation,UMass Amherst,waste,3.5999999999999996
2016-01-18 14:00:00,5,Mouse_lodging_Vicente,Recreation Center,recreation,UMass Amherst,waste,3.5999999999999996
2016-01-18 15:00:00,5,Mouse_lodging_Vicente,Recreation Center,recreation,UMass Amherst,waste,3.5999999999999996
2016-01-18 16:00:00,5,Mouse_lodging_Vicente,Recreation Center,recreation,UMass Amherst,waste,3.5999999999999996
2016-01-18 17:00:00,5,Mouse_lodging_Vicente,Recreation Center,recreation,UMass Amherst,waste,3.0
2016-01-18 18:00:00,5,Mouse_lodging_Vicente,Recreation Center,recreation,UMass Amherst,waste,3.5999999999999996
2016-01-18 19:00:00,5,Mouse_lodging_Vicente,Recreation Center,recreation,UMass Amherst,waste,3.5999999999999996
2016-01-18 20:00:00,5,Mouse_lodging_Vicente,Recreation Center,recreation,UMass Amherst,waste,3.5999999999999996
2016-01-18 21:00:00,5,Mouse_lodging_Vicente,Recreation Center,recreation,UMass Amherst,waste,3.0
2016-01-18 22:00:00,5,Mouse_lodging_Vicente,Recreation Center,recreation,UMass Amherst,waste,3.0
2016-01-18 23:00:00,5,Mouse_lodging_Vicente,Recreation Center,recreation,UMass Amherst,waste,3.0
2016-01-19 00:00:00,5,Mouse_lodging_Vicente,Recreation Center,recreation,UMass Amherst,waste,2.4
2016-01-19 01:00:00,5,Mouse_lodging_Vicente,Recreation Center,recreation,UMass Amherst,waste,3.0
2016-01-19 02:00:00,5,Mouse_lodging_Vicente,Recreation Center,recreation,UMass Amherst,waste,2.4
2016-01-19 03:00:00,5,Mouse_lodging_Vicente,Recreation Center,recreation,UMass Amherst,waste,2.4
2016-01-19 04:00:00,5,Mouse_lodging_Vicente,Recreation Center,recreation,UMass Amherst,waste,3.0
2016-01-19 05:00:00,5,Mouse_lodging_Vicente,Recreation Center,recreation,UMass Amherst,waste,2.4
2016-01-19 06:00:00,5,Mouse_lodging_Vicente,Recreation Center,recreation,UMass Amherst,waste,3.0
2016-01-19 07:00:00,5,Mouse_lodging_Vicente,Recreation Center,recreation,UMass Amherst,waste,3.0
2016-01-19 08:00:00,5,Mouse_lodging_Vicente,Recreation Center,recreation,UMass Amherst,waste,3.0
2016-01-19 09:00:00,5,Mouse_lodging_Vicente,Recreation Center,recreation,UMass Amherst,waste,3.5999999999999996
2016-01-19 10:00:00,5,Mouse_lodging_Vicente,Recreation Center,recreation,UMass Amherst,waste,3.5999999999999996
2016-01-19 11:00:00,5,Mouse_lodging_Vicente,Recreation Center,recreation,UMass Amherst,waste,3.5999999999999996
2016-01-19 12:00:00,5,Mouse_lodging_Vicente,Recreation Center,recreation,UMass Amherst,waste,3.5999999999999996
2016-01-19 13:00:00,5,Mouse_lodging_Vicente,Recreation Center,recreation,UMass Amherst,waste,3.5999999999999996
2016-01-19 14:00:00,5,Mouse_lodging_Vicente,Recreation Center,recreation,UMass Amherst,waste,3.5999999999999996
2016-01-19 15:00:00,5,Mouse_lodging_Vicente,Recreation Center,recreation,UMass Amherst,waste,3.5999999999999996
2016-01-19 16:00:00,5,Mouse_lodging_Vicente,Recreation Center,recreation,UMass Amherst,waste,3.5999999999999996
2016-01-19 17:00:00,5,Mouse_lodging_Vicente,Recreation Center,recreation,UMass Amherst,waste,3.5999999999999996
2016-01-19 18:00:00,5,Mouse_lodging_Vicente,Recreation Center,recreation,UMass Amherst,waste,3.5999999999999996
2016-01-19 19:00:00,5,Mouse_lodging_Vicente,Recreation Center,recreation,UMass Amherst,waste,3.5999999999999996
2016-01-19 20:00:00,5,Mouse_lodging_Vicente,Recreation Center,recreation,UMass Amherst,waste,3.5999999999999996
2016-01-19 21:00:00,5,Mouse_lodging_Vicente,Recreation Center,recreation,UMass Amherst,waste,3.5999999999999996
2016-01-19 22:00:00,5,Mouse_lodging_Vicente,Recreation Center,recreation,UMass Amherst,waste,3.5999999999999996
2016-01-19 23:00:00,5,Mouse_lodging_Vicente,Recreation Center,recreation,UMass Amherst,waste,3.0
2016-01-20 00:00:00,5,Mouse_lodging_Vicente,Recreation Center,recreation,UMass Amherst,waste,2.4
2016-01-20 01:00:00,5,Mouse_lodging_Vicente,Recreation Center,recreation,UMass Amherst,waste,3.0
2016-01-20 02:00:00,5,Mouse_lodging_Vicente,Recreation Center,recreation,UMass Amherst,waste,3.0
2016-01-20 03:00:00,5,Mouse_lodging_Vicente,Recreation Center,recreation,UMass Amherst,waste,2.4
2016-01-20 04:00:00,5,Mouse_lodging_Vicente,Recreation Center,recreation,UMass Amherst,waste,2.4
2016-01-20 05:00:00,5,Mouse_lodging_Vicente,Recreation Center,recreation,UMass Amherst,waste,3.0
2016-01-20 06:00:00,5,Mouse_lodging_Vicente,Recreation Center,recreation,UMass Amherst,waste,2.4
2016-01-20 07:00:00,5,Mouse_lodging_Vicente,Recreation Center,recreation,UMass Amherst,waste,3.5999999999999996
2016-01-20 08:00:00,5,Mouse_lodging_Vicente,Recreation Center,recreation,UMass Amherst,waste,3.0
2016-01-20 09:00:00,5,Mouse_lodging_Vicente,Recreation Center,recreation,UMass Amherst,waste,4.2
2016-01-20 10:00:00,5,Mouse_lodging_Vicente,Recreation Center,recreation,UMass Amherst,waste,3.5999999999999996
2016-01-20 11:00:00,5,Mouse_lodging_Vicente,Recreation Center,recreation,UMass Amherst,waste,4.2
2016-01-20 12:00:00,5,Mouse_lodging_Vicente,Recreation Center,recreation,UMass Amherst,waste,3.5999999999999996
2016-01-20 13:00:00,5,Mouse_lodging_Vicente,Recreation Center,recreation,UMass Amherst,waste,3.0
2016-01-20 14:00:00,5,Mouse_lodging_Vicente,Recreation Center,recreation,UMass Amherst,waste,3.5999999999999996
2016-01-20 15:00:00,5,Mouse_lodging_Vicente,Recreation Center,recreation,UMass Amherst,waste,3.5999999999999996
2016-01-20 16:00:00,5,Mouse_lodging_Vicente,Recreation Center,recreation,UMass Amherst,waste,3.5999999999999996
2016-01-20 17:00:00,5,Mouse_lodging_Vicente,Recreation Center,recreation,UMass Amherst,waste,3.5999999999999996
2016-01-20 18:00:00,5,Mouse_lodging_Vicente,Recreation Center,recreation,UMass Amherst,waste,3.5999999999999996
2016-01-20 19:00:00,5,Mouse_lodging_Vicente,Recreation Center,recreation,UMass Amherst,waste,3.5999999999999996
2016-01-20 20:00:00,5,Mouse_lodging_Vicente,Recreation Center,recreation,UMass Amherst,waste,3.5999999999999996
2016-01-20 21:00:00,5,Mouse_lodging_Vicente,Recreation Center,recreation,UMass Amherst,waste,3.5999999999999996
2016-01-20 22:00:00,5,Mouse_lodging_Vicente,Recreation Center,recreation,UMass Amherst,waste,3.0
2016-01-20 23:00:00,5,Mouse_lodging_Vicente,Recreation Center,recreation,UMass Amherst,waste,3.0
2016-01-21 00:00:00,5,Mouse_lodging_Vicente,Recreation Center,recreation,UMass Amherst,waste,2.4
2016-01-21 01:00:00,5,Mouse_lodging_Vicente,Recreation Center,recreation,UMass Amherst,waste,2.4
2016-01-21 02:00:00,5,Mouse_lodging_Vicente,Recreation Center,recreation,UMass Amherst,waste,2.4
2016-01-21 03:00:00,5,Mouse_lodging_Vicente,Recreation Center,recreation,UMass Amherst,waste,2.4
2016-01-21 04:00:00,5,Mouse_lodging_Vicente,Recreation Center,recreation,UMass Amherst,waste,2.4
2016-01-21 05:00:00,5,Mouse_lodging_Vicente,Recreation Center,recreation,UMass Amherst,waste,2.4
2016-01-21 06:00:00,5,Mouse_lodging_Vicente,Recreation Center,recreation,UMass Amherst,waste,2.4
2016-01-21 07:00:00,5,Mouse_lodging_Vicente,Recreation Center,recreation,UMass Amherst,waste,3.0
2016-01-21 08:00:00,5,Mouse_lodging_Vicente,Recreation Center,recreation,UMass Amherst,waste,3.0
2016-01-21 09:00:00,5,Mouse_lodging_Vicente,Recreation Center,recreation,UMass Amherst,waste,3.5999999999999996
2016-01-21 10:00:00,5,Mouse_lodging_Vicente,Recreation Center,recreation,UMass Amherst,waste,3.0
2016-01-21 11:00:00,5,Mouse_lodging_Vicente,Recreation Center,recreation,UMass Amherst,waste,3.5999999999999996
2016-01-21 12:00:00,5,Mouse_lodging_Vicente,Recreation Center,recreation,UMass Amherst,waste,3.5999999999999996
2016-01-21 13:00:00,5,Mouse_lodging_Vicente,Recreation Center,recreation,UMass Amherst,waste,3.5999999999999996
2016-01-21 14:00:00,5,Mouse_lodging_Vicente,Recreation Center,recreation,UMass Amherst,waste,3.5999999999999996
2016-01-21 15:00:00,5,Mouse_lodging_Vicente,Recreation Center,recreation,UMass Amherst,waste,3.5999999999999996
2016-01-21 16:00:00,5,Mouse_lodging_Vicente,Recreation Center,recreation,UMass Amherst,waste,3.0
2016-01-21 17:00:00,5,Mouse_lodging_Vicente,Recreation Center,recreation,UMass Amherst,waste,3.5999999999999996
2016-01-21 18:00:00,5,Mouse_lodging_Vicente,Recreation Center,recreation,UMass Amherst,waste,3.5999999999999996
2016-01-21 19:00:00,5,Mouse_lodging_Vicente,Recreation Center,recreation,UMass Amherst,waste,3.5999999999999996
2016-01-21 20:00:00,5,Mouse_lodging_Vicente,Recreation Center,recreation,UMass Amherst,waste,3.5999999999999996
2016-01-21 21:00:00,5,Mouse_lodging_Vicente,Recreation Center,recreation,UMass Amherst,waste,3.5999999999999996
2016-01-21 22:00:00,5,Mouse_lodging_Vicente,Recreation Center,recreation,UMass Amherst,waste,3.0
2016-01-21 23:00:00,5,Mouse_lodging_Vicente,Recreation Center,recreation,UMass Amherst,waste,3.0
2016-01-22 00:00:00,5,Mouse_lodging_Vicente,Recreation Center,recreation,UMass Amherst,waste,2.4
2016-01-22 01:00:00,5,Mouse_lodging_Vicente,Recreation Center,recreation,UMass Amherst,waste,2.4
2016-01-22 02:00:00,5,Mouse_lodging_Vicente,Recreation Center,recreation,UMass Amherst,waste,3.0
2016-01-22 03:00:00,5,Mouse_lodging_Vicente,Recreation Center,recreation,UMass Amherst,waste,2.4
2016-01-22 04:00:00,5,Mouse_lodging_Vicente,Recreation Center,recreation,UMass Amherst,waste,2.4
2016-01-22 05:00:00,5,Mouse_lodging_Vicente,Recreation Center,recreation,UMass Amherst,waste,2.4
2016-01-22 06:00:00,5,Mouse_lodging_Vicente,Recreation Center,recreation,UMass Amherst,waste,2.4
2016-01-22 07:00:00,5,Mouse_lodging_Vicente,Recreation Center,recreation,UMass Amherst,waste,3.0
2016-01-22 08:00:00,5,Mouse_lodging_Vicente,Recreation Center,recreation,UMass Amherst,waste,3.0
2016-01-22 09:00:00,5,Mouse_lodging_Vicente,Recreation Center,recreation,UMass Amherst,waste,3.5999999999999996
2016-01-22 10:00:00,5,Mouse_lodging_Vicente,Recreation Center,recreation,UMass Amherst,waste,3.5999999999999996
2016-01-22 11:00:00,5,Mouse_lodging_Vicente,Recreation Center,recreation,UMass Amherst,waste,3.5999999999999996
2016-01-22 12:00:00,5,Mouse_lodging_Vicente,Recreation Center,recreation,UMass Amherst,waste,3.5999999999999996
2016-01-22 13:00:00,5,Mouse_lodging_Vicente,Recreation Center,recreation,UMass Amherst,waste,3.5999999999999996
2016-01-22 14:00:00,5,Mouse_lodging_Vicente,Recreation Center,recreation,UMass Amherst,waste,3.5999999999999996
2016-01-22 15:00:00,5,Mouse_lodging_Vicente,Recreation Center,recreation,UMass Amherst,waste,3.5999999999999996
2016-01-22 16:00:00,5,Mouse_lodging_Vicente,Recreation Center,recreation,UMass Amherst,waste,3.5999999999999996
2016-01-22 17:00:00,5,Mouse_lodging_Vicente,Recreation Center,recreation,UMass Amherst,waste,3.5999999999999996
2016-01-22 18:00:00,5,Mouse_lodging_Vicente,Recreation Center,recreation,UMass Amherst,waste,3.0
2016-01-22 19:00:00,5,Mouse_lodging_Vicente,Recreation Center,recreation,UMass Amherst,waste,3.5999999999999996
2016-01-22 20:00:00,5,Mouse_lodging_Vicente,Recreation Center,recreation,UMass Amherst,waste,3.0
2016-01-22 21:00:00,5,Mouse_lodging_Vicente,Recreation Center,recreation,UMass Amherst,waste,3.0
2016-01-22 22:00:00,5,Mouse_lodging_Vicente,Recreation Center,recreation,UMass Amherst,waste,3.0
2016-01-22 23:00:00,5,Mouse_lodging_Vicente,Recreation Center,recreation,UMass Amherst,waste,3.0
2016-01-23 00:00:00,5,Mouse_lodging_Vicente,Recreation Center,recreation,UMass Amherst,waste,2.4
2016-01-23 01:00:00,5,Mouse_lodging_Vicente,Recreation Center,recreation,UMass Amherst,waste,3.0
2016-01-23 02:00:00,5,Mouse_lodging_Vicente,Recreation Center,recreation,UMass Amherst,waste,2.4
2016-01-23 03:00:00,5,Mouse_lodging_Vicente,Recreation Center,recreation,UMass Amherst,waste,2.4
2016-01-23 04:00:00,5,Mouse_lodging_Vicente,Recreation Center,recreation,UMass Amherst,waste,2.4
2016-01-23 05:00:00,5,Mouse_lodging_Vicente,Recreation Center,recreation,UMass Amherst,waste,2.4
2016-01-23 06:00:00,5,Mouse_lodging_Vicente,Recreation Center,recreation,UMass Amherst,waste,2.4
2016-01-23 07:00:00,5,Mouse_lodging_Vicente,Recreation Center,recreation,UMass Amherst,waste,3.0
2016-01-23 08:00:00,5,Mouse_lodging_Vicente,Recreation Center,recreation,UMass Amherst,waste,3.0
2016-01-23 09:00:00,5,Mouse_lodging_Vicente,Recreation Center,recreation,UMass Amherst,waste,3.0
2016-01-23 10:00:00,5,Mouse_lodging_Vicente,Recreation Center,recreation,UMass Amherst,waste,3.0
2016-01-23 11:00:00,5,Mouse_lodging_Vicente,Recreation Center,recreation,UMass Amherst,waste,3.0
2016-01-23 12:00:00,5,Mouse_lodging_Vicente,Recreation Center,recreation,UMass Amherst,waste,3.0
2016-01-23 13:00:00,5,Mouse_lodging_Vicente,Recreation Center,recreation,UMass Amherst,waste,3.5999999999999996
2016-01-23 14:00:00,5,Mouse_lodging_Vicente,Recreation Center,recreation,UMass Amherst,waste,3.0
2016-01-23 15:00:00,5,Mouse_lodging_Vicente,Recreation Center,recreation,UMass Amherst,waste,3.0
2016-01-23 16:00:00,5,Mouse_lodging_Vicente,Recreation Center,recreation,UMass Amherst,waste,3.0
2016-01-23 17:00:00,5,Mouse_lodging_Vicente,Recreation Center,recreation,UMass Amherst,waste,3.0
2016-01-23 18:00:00,5,Mouse_lodging_Vicente,Recreation Center,recreation,UMass Amherst,waste,3.0
2016-01-23 19:00:00,5,Mouse_lodging_Vicente,Recreation Center,recreation,UMass Amherst,waste,3.5999999999999996
2016-01-23 20:00:00,5,Mouse_lodging_Vicente,Recreation Center,recreation,UMass Amherst,waste,3.0
2016-01-23 21:00:00,5,Mouse_lodging_Vicente,Recreation Center,recreation,UMass Amherst,waste,3.0
2016-01-23 22:00:00,5,Mouse_lodging_Vicente,Recreation Center,recreation,UMass Amherst,waste,3.0
2016-01-23 23:00:00,5,Mouse_lodging_Vicente,Recreation Center,recreation,UMass Amherst,waste,3.0
2016-01-24 00:00:00,5,Mouse_lodging_Vicente,Recreation Center,recreation,UMass Amherst,waste,2.4
2016-01-24 01:00:00,5,Mouse_lodging_Vicente,Recreation Center,recreation,UMass Amherst,waste,2.4
2016-01-24 02:00:00,5,Mouse_lodging_Vicente,Recreation Center,recreation,UMass Amherst,waste,2.4
2016-01-24 03:00:00,5,Mouse_lodging_Vicente,Recreation Center,recreation,UMass Amherst,waste,2.4
2016-01-24 04:00:00,5,Mouse_lodging_Vicente,Recreation Center,recreation,UMass Amherst,waste,3.0
2016-01-24 05:00:00,5,Mouse_lodging_Vicente,Recreation Center,recreation,UMass Amherst,waste,2.4
2016-01-24 06:00:00,5,Mouse_lodging_Vicente,Recreation Center,recreation,UMass Amherst,waste,2.4
2016-01-24 07:00:00,5,Mouse_lodging_Vicente,Recreation Center,recreation,UMass Amherst,waste,3.0
2016-01-24 08:00:00,5,Mouse_lodging_Vicente,Recreation Center,recreation,UMass Amherst,waste,2.4
2016-01-24 09:00:00,5,Mouse_lodging_Vicente,Recreation Center,recreation,UMass Amherst,waste,3.0
2016-01-24 10:00:00,5,Mouse_lodging_Vicente,Recreation Center,recreation,UMass Amherst,waste,3.0
2016-01-24 11:00:00,5,Mouse_lodging_Vicente,Recreation Center,recreation,UMass Amherst,waste,3.5999999999999996
2016-01-24 12:00:00,5,Mouse_lodging_Vicente,Recreation Center,recreation,UMass Amherst,waste,2.4
2016-01-24 13:00:00,5,Mouse_lodging_Vicente,Recreation Center,recreation,UMass Amherst,waste,3.0
2016-01-24 14:00:00,5,Mouse_lodging_Vicente,Recreation Center,recreation,UMass Amherst,waste,3.0
2016-01-24 15:00:00,5,Mouse_lodging_Vicente,Recreation Center,recreation,UMass Amherst,waste,3.5999999999999996
2016-01-24 16:00:00,5,Mouse_lodging_Vicente,Recreation Center,recreation,UMass Amherst,waste,3.0
2016-01-24 17:00:00,5,Mouse_lodging_Vicente,Recreation Center,recreation,UMass Amherst,waste,3.0
2016-01-24 18:00:00,5,Mouse_lodging_Vicente,Recreation Center,recreation,UMass Amherst,waste,3.5999999999999996
2016-01-24 19:00:00,5,Mouse_lodging_Vicente,Recreation Center,recreation,UMass Amherst,waste,3.0
2016-01-24 20:00:00,5,Mouse_lodging_Vicente,Recreation Center,recreation,UMass Amherst,waste,3.5999999999999996
2016-01-24 21:00:00,5,Mouse_lodging_Vicente,Recreation Center,recreation,UMass Amherst,waste,3.0
2016-01-24 22:00:00,5,Mouse_lodging_Vicente,Recreation Center,recreation,UMass Amherst,waste,3.5999999999999996
2016-01-24 23:00:00,5,Mouse_lodging_Vicente,Recreation Center,recreation,UMass Amherst,waste,3.0
2016-01-25 00:00:00,5,Mouse_lodging_Vicente,Recreation Center,recreation,UMass Amherst,waste,3.0
2016-01-25 01:00:00,5,Mouse_lodging_Vicente,Recreation Center,recreation,UMass Amherst,waste,2.4
2016-01-25 02:00:00,5,Mouse_lodging_Vicente,Recreation Center,recreation,UMass Amherst,waste,2.4
2016-01-25 03:00:00,5,Mouse_lodging_Vicente,Recreation Center,recreation,UMass Amherst,waste,2.4
2016-01-25 04:00:00,5,Mouse_lodging_Vicente,Recreation Center,recreation,UMass Amherst,waste,3.0
2016-01-25 05:00:00,5,Mouse_lodging_Vicente,Recreation Center,recreation,UMass Amherst,waste,2.4
2016-01-25 06:00:00,5,Mouse_lodging_Vicente,Recreation Center,recreation,UMass Amherst,waste,2.4
2016-01-25 07:00:00,5,Mouse_lodging_Vicente,Recreation Center,recreation,UMass Amherst,waste,3.0
2016-01-25 08:00:00,5,Mouse_lodging_Vicente,Recreation Center,recreation,UMass Amherst,waste,3.0
2016-01-25 09:00:00,5,Mouse_lodging_Vicente,Recreation Center,recreation,UMass Amherst,waste,3.5999999999999996
2016-01-25 10:00:00,5,Mouse_lodging_Vicente,Recreation Center,recreation,UMass Amherst,waste,3.5999999999999996
2016-01-25 11:00:00,5,Mouse_lodging_Vicente,Recreation Center,recreation,UMass Amherst,waste,3.0
2016-01-25 12:00:00,5,Mouse_lodging_Vicente,Recreation Center,recreation,UMass Amherst,waste,3.5999999999999996
2016-01-25 13:00:00,5,Mouse_lodging_Vicente,Recreation Center,recreation,UMass Amherst,waste,3.5999999999999996
2016-01-25 14:00:00,5,Mouse_lodging_Vicente,Recreation Center,recreation,UMass Amherst,waste,3.5999999999999996
2016-01-25 15:00:00,5,Mouse_lodging_Vicente,Recreation Center,recreation,UMass Amherst,waste,3.0
2016-01-25 16:00:00,5,Mouse_lodging_Vicente,Recreation Center,recreation,UMass Amherst,waste,3.5999999999999996
2016-01-25 17:00:00,5,Mouse_lodging_Vicente,Recreation Center,recreation,UMass Amherst,waste,3.5999999999999996
2016-01-25 18:00:00,5,Mouse_lodging_Vicente,Recreation Center,recreation,UMass Amherst,waste,4.2
2016-01-25 19:00:00,5,Mouse_lodging_Vicente,Recreation Center,recreation,UMass Amherst,waste,3.5999999999999996
2016-01-25 20:00:00,5,Mouse_lodging_Vicente,Recreation Center,recreation,UMass Amherst,waste,3.0
2016-01-25 21:00:00,5,Mouse_lodging_Vicente,Recreation Center,recreation,UMass Amherst,waste,3.5999999999999996
2016-01-25 22:00:00,5,Mouse_lodging_Vicente,Recreation Center,recreation,UMass Amherst,waste,3.0
2016-01-25 23:00:00,5,Mouse_lodging_Vicente,Recreation Center,recreation,UMass Amherst,waste,3.0
2016-01-26 00:00:00,5,Mouse_lodging_Vicente,Recreation Center,recreation,UMass Amherst,waste,2.4
2016-01-26 01:00:00,5,Mouse_lodging_Vicente,Recreation Center,recreation,UMass Amherst,waste,2.4
2016-01-26 02:00:00,5,Mouse_lodging_Vicente,Recreation Center,recreation,UMass Amherst,waste,2.4
2016-01-26 03:00:00,5,Mouse_lodging_Vicente,Recreation Center,recreation,UMass Amherst,waste,2.4
2016-01-26 04:00:00,5,Mouse_lodging_Vicente,Recreation Center,recreation,UMass Amherst,waste,2.4
2016-01-26 05:00:00,5,Mouse_lodging_Vicente,Recreation Center,recreation,UMass Amherst,waste,1.7999999999999998
2016-01-26 06:00:00,5,Mouse_lodging_Vicente,Recreation Center,recreation,UMass Amherst,waste,2.4
2016-01-26 07:00:00,5,Mouse_lodging_Vicente,Recreation Center,recreation,UMass Amherst,waste,3.0
2016-01-26 08:00:00,5,Mouse_lodging_Vicente,Recreation Center,recreation,UMass Amherst,waste,3.0
2016-01-26 09:00:00,5,Mouse_lodging_Vicente,Recreation Center,recreation,UMass Amherst,waste,3.0
2016-01-26 10:00:00,5,Mouse_lodging_Vicente,Recreation Center,recreation,UMass Amherst,waste,3.5999999999999996
2016-01-26 11:00:00,5,Mouse_lodging_Vicente,Recreation Center,recreation,UMass Amherst,waste,4.2
2016-01-26 12:00:00,5,Mouse_lodging_Vicente,Recreation Center,recreation,UMass Amherst,waste,3.0
2016-01-26 13:00:00,5,Mouse_lodging_Vicente,Recreation Center,recreation,UMass Amherst,waste,3.5999999999999996
2016-01-26 14:00:00,5,Mouse_lodging_Vicente,Recreation Center,recreation,UMass Amherst,waste,3.5999999999999996
2016-01-26 15:00:00,5,Mouse_lodging_Vicente,Recreation Center,recreation,UMass Amherst,waste,3.5999999999999996
2016-01-26 16:00:00,5,Mouse_lodging_Vicente,Recreation Center,recreation,UMass Amherst,waste,3.5999999999999996
2016-01-26 17:00:00,5,Mouse_lodging_Vicente,Recreation Center,recreation,UMass Amherst,waste,3.5999999999999996
2016-01-26 18:00:00,5,Mouse_lodging_Vicente,Recreation Center,recreation,UMass Amherst,waste,3.5999999999999996
2016-01-26 19:00:00,5,Mouse_lodging_Vicente,Recreation Center,recreation,UMass Amherst,waste,4.2
2016-01-26 20:00:00,5,Mouse_lodging_Vicente,Recreation Center,recreation,UMass Amherst,waste,3.0
2016-01-26 21:00:00,5,Mouse_lodging_Vicente,Recreation Center,recreation,UMass Amherst,waste,3.5999999999999996
2016-01-26 22:00:00,5,Mouse_lodging_Vicente,Recreation Center,recreation,UMass Amherst,waste,3.0
2016-01-26 23:00:00,5,Mouse_lodging_Vicente,Recreation Center,recreation,UMass Amherst,waste,3.0
2016-01-27 00:00:00,5,Mouse_lodging_Vicente,Recreation Center,recreation,UMass Amherst,waste,3.0
2016-01-27 01:00:00,5,Mouse_lodging_Vicente,Recreation Center,recreation,UMass Amherst,waste,2.4
2016-01-27 02:00:00,5,Mouse_lodging_Vicente,Recreation Center,recreation,UMass Amherst,waste,2.4
2016-01-27 03:00:00,5,Mouse_lodging_Vicente,Recreation Center,recreation,UMass Amherst,waste,2.4
2016-01-27 04:00:00,5,Mouse_lodging_Vicente,Recreation Center,recreation,UMass Amherst,waste,2.4
2016-01-27 05:00:00,5,Mouse_lodging_Vicente,Recreation Center,recreation,UMass Amherst,waste,2.4
2016-01-27 06:00:00,5,Mouse_lodging_Vicente,Recreation Center,recreation,UMass Amherst,waste,2.4
2016-01-27 07:00:00,5,Mouse_lodging_Vicente,Recreation Center,recreation,UMass Amherst,waste,2.4
2016-01-27 08:00:00,5,Mouse_lodging_Vicente,Recreation Center,recreation,UMass Amherst,waste,3.0
2016-01-27 09:00:00,5,Mouse_lodging_Vicente,Recreation Center,recreation,UMass Amherst,waste,3.5999999999999996
2016-01-27 10:00:00,5,Mouse_lodging_Vicente,Recreation Center,recreation,UMass Amherst,waste,3.5999999999999996
2016-01-27 11:00:00,5,Mouse_lodging_Vicente,Recreation Center,recreation,UMass Amherst,waste,3.5999999999999996
2016-01-27 12:00:00,5,Mouse_lodging_Vicente,Recreation Center,recreation,UMass Amherst,waste,3.5999999999999996
2016-01-27 13:00:00,5,Mouse_lodging_Vicente,Recreation Center,recreation,UMass Amherst,waste,3.5999999999999996
2016-01-27 14:00:00,5,Mouse_lodging_Vicente,Recreation Center,recreation,UMass Amherst,waste,3.5999999999999996
2016-01-27 15:00:00,5,Mouse_lodging_Vicente,Recreation Center,recreation,UMass Amherst,waste,3.5999999999999996
2016-01-27 16:00:00,5,Mouse_lodging_Vicente,Recreation Center,recreation,UMass Amherst,waste,3.5999999999999996
2016-01-27 17:00:00,5,Mouse_lodging_Vicente,Recreation Center,recreation,UMass Amherst,waste,3.5999999999999996
2016-01-27 18:00:00,5,Mouse_lodging_Vicente,Recreation Center,recreation,UMass Amherst,waste,3.5999999999999996
2016-01-27 19:00:00,5,Mouse_lodging_Vicente,Recreation Center,recreation,UMass Amherst,waste,3.5999999999999996
2016-01-27 20:00:00,5,Mouse_lodging_Vicente,Recreation Center,recreation,UMass Amherst,waste,3.5999999999999996
2016-01-27 21:00:00,5,Mouse_lodging_Vicente,Recreation Center,recreation,UMass Amherst,waste,3.5999999999999996
2016-01-27 22:00:00,5,Mouse_lodging_Vicente,Recreation Center,recreation,UMass Amherst,waste,3.0
2016-01-27 23:00:00,5,Mouse_lodging_Vicente,Recreation Center,recreation,UMass Amherst,waste,3.0
2016-01-28 00:00:00,5,Mouse_lodging_Vicente,Recreation Center,recreation,UMass Amherst,waste,2.4
2016-01-28 01:00:00,5,Mouse_lodging_Vicente,Recreation Center,recreation,UMass Amherst,waste,2.4
2016-01-28 02:00:00,5,Mouse_lodging_Vicente,Recreation Center,recreation,UMass Amherst,waste,2.4
2016-01-28 03:00:00,5,Mouse_lodging_Vicente,Recreation Center,recreation,UMass Amherst,waste,1.7999999999999998
2016-01-28 04:00:00,5,Mouse_lodging_Vicente,Recreation Center,recreation,UMass Amherst,waste,2.4
2016-01-28 05:00:00,5,Mouse_lodging_Vicente,Recreation Center,recreation,UMass Amherst,waste,2.4
2016-01-28 06:00:00,5,Mouse_lodging_Vicente,Recreation Center,recreation,UMass Amherst,waste,2.4
2016-01-28 07:00:00,5,Mouse_lodging_Vicente,Recreation Center,recreation,UMass Amherst,waste,2.4
2016-01-28 08:00:00,5,Mouse_lodging_Vicente,Recreation Center,recreation,UMass Amherst,waste,3.5999999999999996
2016-01-28 09:00:00,5,Mouse_lodging_Vicente,Recreation Center,recreation,UMass Amherst,waste,3.0
2016-01-28 10:00:00,5,Mouse_lodging_Vicente,Recreation Center,recreation,UMass Amherst,waste,3.5999999999999996
2016-01-28 11:00:00,5,Mouse_lodging_Vicente,Recreation Center,recreation,UMass Amherst,waste,3.5999999999999996
2016-01-28 12:00:00,5,Mouse_lodging_Vicente,Recreation Center,recreation,UMass Amherst,waste,3.5999999999999996
2016-01-28 13:00:00,5,Mouse_lodging_Vicente,Recreation Center,recreation,UMass Amherst,waste,3.5999999999999996
2016-01-28 14:00:00,5,Mouse_lodging_Vicente,Recreation Center,recreation,UMass Amherst,waste,3.5999999999999996
2016-01-28 15:00:00,5,Mouse_lodging_Vicente,Recreation Center,recreation,UMass Amherst,waste,3.5999999999999996
2016-01-28 16:00:00,5,Mouse_lodging_Vicente,Recreation Center,recreation,UMass Amherst,waste,3.0
2016-01-28 17:00:00,5,Mouse_lodging_Vicente,Recreation Center,recreation,UMass Amherst,waste,3.5999999999999996
2016-01-28 18:00:00,5,Mouse_lodging_Vicente,Recreation Center,recreation,UMass Amherst,waste,3.5999999999999996
2016-01-28 19:00:00,5,Mouse_lodging_Vicente,Recreation Center,recreation,UMass Amherst,waste,3.5999999999999996
2016-01-28 20:00:00,5,Mouse_lodging_Vicente,Recreation Center,recreation,UMass Amherst,waste,3.0
2016-01-28 21:00:00,5,Mouse_lodging_Vicente,Recreation Center,recreation,UMass Amherst,waste,3.5999999999999996
2016-01-28 22:00:00,5,Mouse_lodging_Vicente,Recreation Center,recreation,UMass Amherst,waste,3.0
2016-01-28 23:00:00,5,Mouse_lodging_Vicente,Recreation Center,recreation,UMass Amherst,waste,3.0
2016-01-29 00:00:00,5,Mouse_lodging_Vicente,Recreation Center,recreation,UMass Amherst,waste,2.4
2016-01-29 01:00:00,5,Mouse_lodging_Vicente,Recreation Center,recreation,UMass Amherst,waste,2.4
2016-01-29 02:00:00,5,Mouse_lodging_Vicente,Recreation Center,recreation,UMass Amherst,waste,2.4
2016-01-29 03:00:00,5,Mouse_lodging_Vicente,Recreation Center,recreation,UMass Amherst,waste,2.4
2016-01-29 04:00:00,5,Mouse_lodging_Vicente,Recreation Center,recreation,UMass Amherst,waste,2.4
2016-01-29 05:00:00,5,Mouse_lodging_Vicente,Recreation Center,recreation,UMass Amherst,waste,2.4
2016-01-29 06:00:00,5,Mouse_lodging_Vicente,Recreation Center,recreation,UMass Amherst,waste,2.4
2016-01-29 07:00:00,5,Mouse_lodging_Vicente,Recreation Center,recreation,UMass Amherst,waste,2.4
2016-01-29 08:00:00,5,Mouse_lodging_Vicente,Recreation Center,recreation,UMass Amherst,waste,3.0
2016-01-29 09:00:00,5,Mouse_lodging_Vicente,Recreation Center,recreation,UMass Amherst,waste,3.5999999999999996
2016-01-29 10:00:00,5,Mouse_lodging_Vicente,Recreation Center,recreation,UMass Amherst,waste,3.5999999999999996
2016-01-29 11:00:00,5,Mouse_lodging_Vicente,Recreation Center,recreation,UMass Amherst,waste,3.5999999999999996
2016-01-29 12:00:00,5,Mouse_lodging_Vicente,Recreation Center,recreation,UMass Amherst,waste,3.5999999999999996
2016-01-29 13:00:00,5,Mouse_lodging_Vicente,Recreation Center,recreation,UMass Amherst,waste,3.5999999999999996
2016-01-29 14:00:00,5,Mouse_lodging_Vicente,Recreation Center,recreation,UMass Amherst,waste,3.0
2016-01-29 15:00:00,5,Mouse_lodging_Vicente,Recreation Center,recreation,UMass Amherst,waste,3.5999999999999996
2016-01-29 16:00:00,5,Mouse_lodging_Vicente,Recreation Center,recreation,UMass Amherst,waste,3.5999999999999996
2016-01-29 17:00:00,5,Mouse_lodging_Vicente,Recreation Center,recreation,UMass Amherst,waste,3.0
2016-01-29 18:00:00,5,Mouse_lodging_Vicente,Recreation Center,recreation,UMass Amherst,waste,3.0
2016-01-29 19:00:00,5,Mouse_lodging_Vicente,Recreation Center,recreation,UMass Amherst,waste,3.5999999999999996
2016-01-29 20:00:00,5,Mouse_lodging_Vicente,Recreation Center,recreation,UMass Amherst,waste,2.4
2016-01-29 21:00:00,5,Mouse_lodging_Vicente,Recreation Center,recreation,UMass Amherst,waste,3.0
2016-01-29 22:00:00,5,Mouse_lodging_Vicente,Recreation Center,recreation,UMass Amherst,waste,3.0
2016-01-29 23:00:00,5,Mouse_lodging_Vicente,Recreation Center,recreation,UMass Amherst,waste,3.0
2016-01-30 00:00:00,5,Mouse_lodging_Vicente,Recreation Center,recreation,UMass Amherst,waste,2.4
2016-01-30 01:00:00,5,Mouse_lodging_Vicente,Recreation Center,recreation,UMass Amherst,waste,2.4
2016-01-30 02:00:00,5,Mouse_lodging_Vicente,Recreation Center,recreation,UMass Amherst,waste,2.4
2016-01-30 03:00:00,5,Mouse_lodging_Vicente,Recreation Center,recreation,UMass Amherst,waste,2.4
2016-01-30 04:00:00,5,Mouse_lodging_Vicente,Recreation Center,recreation,UMass Amherst,waste,2.4
2016-01-30 05:00:00,5,Mouse_lodging_Vicente,Recreation Center,recreation,UMass Amherst,waste,2.4
2016-01-30 06:00:00,5,Mouse_lodging_Vicente,Recreation Center,recreation,UMass Amherst,waste,1.7999999999999998
2016-01-30 07:00:00,5,Mouse_lodging_Vicente,Recreation Center,recreation,UMass Amherst,waste,3.0
2016-01-30 08:00:00,5,Mouse_lodging_Vicente,Recreation Center,recreation,UMass Amherst,waste,2.4
2016-01-30 09:00:00,5,Mouse_lodging_Vicente,Recreation Center,recreation,UMass Amherst,waste,3.0
2016-01-30 10:00:00,5,Mouse_lodging_Vicente,Recreation Center,recreation,UMass Amherst,waste,3.0
2016-01-30 11:00:00,5,Mouse_lodging_Vicente,Recreation Center,recreation,UMass Amherst,waste,3.0
2016-01-30 12:00:00,5,Mouse_lodging_Vicente,Recreation Center,recreation,UMass Amherst,waste,3.0
2016-01-30 13:00:00,5,Mouse_lodging_Vicente,Recreation Center,recreation,UMass Amherst,waste,3.0
2016-01-30 14:00:00,5,Mouse_lodging_Vicente,Recreation Center,recreation,UMass Amherst,waste,3.0
2016-01-30 15:00:00,5,Mouse_lodging_Vicente,Recreation Center,recreation,UMass Amherst,waste,3.0
2016-01-30 16:00:00,5,Mouse_lodging_Vicente,Recreation Center,recreation,UMass Amherst,waste,3.0
2016-01-30 17:00:00,5,Mouse_lodging_Vicente,Recreation Center,recreation,UMass Amherst,waste,3.0
2016-01-30 18:00:00,5,Mouse_lodging_Vicente,Recreation Center,recreation,UMass Amherst,waste,3.0
2016-01-30 19:00:00,5,Mouse_lodging_Vicente,Recreation Center,recreation,UMass Amherst,waste,3.0
2016-01-30 20:00:00,5,Mouse_lodging_Vicente,Recreation Center,recreation,UMass Amherst,waste,3.0
2016-01-30 21:00:00,5,Mouse_lodging_Vicente,Recreation Center,recreation,UMass Amherst,waste,3.0
2016-01-30 22:00:00,5,Mouse_lodging_Vicente,Recreation Center,recreation,UMass Amherst,waste,3.0
2016-01-30 23:00:00,5,Mouse_lodging_Vicente,Recreation Center,recreation,UMass Amherst,waste,2.4
